seller_type,day,total_shipments,converted,converted_pct,qc_failed,qc_failed_pct,cancelled,cancelled_pct,cancelled_d2,cancelled_d2_pct,not_attempted,not_attempted_pct,pending,pending_pct,pickup_d2_cum,pickup_d2_cum_pct
ABF,2026-08-29,43,35,81.4,6,13.95,2,4.65,0,0,0,0,0,0,29,67.44
ABF,2026-08-30,63,47,74.6,11,17.46,2,3.17,0,0,1,1.59,2,3.17,40,63.49
ABF,2026-08-31,58,48,82.76,2,3.45,6,10.34,0,0,1,1.72,1,1.72,39,67.24
ABF,2026-09-01,32,24,75,2,6.25,2,6.25,0,0,1,3.13,3,9.38,22,68.75
ABF,2026-09-02,36,28,77.78,4,11.11,1,2.78,0,0,2,5.56,1,2.78,22,61.11
ABF,2026-09-03,32,26,81.25,2,6.25,2,6.25,0,0,1,3.13,1,3.13,20,62.5
ABF,2026-09-04,77,51,66.23,10,12.99,7,9.09,0,0,1,1.3,8,10.39,38,49.35
ABF,2026-09-05,30,25,83.33,5,16.67,0,0,0,0,0,0,0,0,23,76.67
ABF,2026-09-06,28,21,75,3,10.71,4,14.29,0,0,0,0,0,0,15,53.57
ABF,2026-09-07,69,55,79.71,4,5.8,7,10.14,0,0,1,1.45,2,2.9,41,59.42
ABF,2026-09-08,42,35,83.33,0,0,3,7.14,0,0,2,4.76,2,4.76,26,61.9
ABF,2026-09-09,31,18,58.06,3,9.68,3,9.68,2,6.45,2,6.45,3,9.68,17,54.84
ABF,2026-09-10,35,23,65.71,4,11.43,4,11.43,0,0,3,8.57,1,2.86,17,48.57
ABF,2026-09-11,56,35,62.5,3,5.36,8,14.29,0,0,3,5.36,7,12.5,30,53.57
ABF,2026-09-12,16,7,43.75,4,25,1,6.25,0,0,0,0,4,25,6,37.5
ABF,2026-09-13,26,20,76.92,3,11.54,0,0,0,0,2,7.69,1,3.85,15,57.69
ABF,2026-09-14,31,26,83.87,1,3.23,1,3.23,0,0,0,0,3,9.68,13,41.94
ABF,2026-09-15,60,37,61.67,7,11.67,4,6.67,0,0,3,5,9,15,27,45
ABF,2026-09-16,55,40,72.73,1,1.82,4,7.27,0,0,7,12.73,3,5.45,35,63.64
ABF,2026-09-17,64,54,84.38,3,4.69,4,6.25,0,0,2,3.13,1,1.56,48,75
ABF,2026-09-18,72,58,80.56,3,4.17,5,6.94,1,1.39,2,2.78,3,4.17,48,66.67
ABF,2026-09-19,72,57,79.17,4,5.56,7,9.72,0,0,2,2.78,2,2.78,38,52.78
ABF,2026-09-20,62,49,79.03,3,4.84,2,3.23,0,0,4,6.45,4,6.45,45,72.58
ABF,2026-09-21,79,57,72.15,2,2.53,2,2.53,0,0,12,15.19,6,7.59,51,64.56
ABF,2026-09-22,56,41,73.21,2,3.57,2,3.57,0,0,4,7.14,7,12.5,39,69.64
ABF,2026-09-23,44,25,56.82,4,9.09,0,0,0,0,10,22.73,5,11.36,22,50
ABF,2026-09-24,48,32,66.67,3,6.25,0,0,0,0,5,10.42,8,16.67,26,54.17
ABF,2026-09-25,65,36,55.38,1,1.54,0,0,0,0,12,18.46,16,24.62,36,55.38
ABF,2026-09-26,43,22,51.16,1,2.33,0,0,0,0,13,30.23,7,16.28,22,51.16
AIA,2026-08-29,4220,498,11.8,0,0,1046,24.79,1363,32.3,489,11.59,824,19.53,417,9.88
AIA,2026-08-30,3923,515,13.13,0,0,669,17.05,1333,33.98,463,11.8,943,24.04,443,11.29
AIA,2026-08-31,4097,531,12.96,0,0,468,11.42,1876,45.79,238,5.81,984,24.02,470,11.47
AIA,2026-09-01,3140,384,12.23,0,0,378,12.04,1391,44.3,244,7.77,743,23.66,338,10.76
AIA,2026-09-02,3338,482,14.44,0,0,467,13.99,1051,31.49,369,11.05,969,29.03,433,12.97
AIA,2026-09-03,3360,526,15.65,0,0,738,21.96,755,22.47,440,13.1,901,26.82,449,13.36
AIA,2026-09-04,4660,647,13.88,0,0,565,12.12,1729,37.1,586,12.58,1133,24.31,569,12.21
AIA,2026-09-05,4025,529,13.14,0,0,1468,36.47,623,15.48,527,13.09,878,21.81,446,11.08
AIA,2026-09-06,5306,689,12.99,0,0,875,16.49,1493,28.14,778,14.66,1471,27.72,605,11.4
AIA,2026-09-07,4653,546,11.73,0,0,598,12.85,1532,32.92,648,13.93,1329,28.56,474,10.19
AIA,2026-09-08,5517,775,14.05,0,0,889,16.11,1236,22.4,574,10.4,2043,37.03,669,12.13
AIA,2026-09-09,4023,607,15.09,0,0,533,13.25,837,20.81,608,15.11,1438,35.74,544,13.52
AIA,2026-09-10,4849,685,14.13,0,0,862,17.78,903,18.62,701,14.46,1698,35.02,614,12.66
AIA,2026-09-11,5249,677,12.9,0,0,733,13.96,1306,24.88,850,16.19,1683,32.06,575,10.95
AIA,2026-09-12,2777,396,14.26,0,0,930,33.49,311,11.2,469,16.89,671,24.16,286,10.3
AIA,2026-09-13,5474,1189,21.72,0,0,2143,39.15,94,1.72,800,14.61,1248,22.8,1038,18.96
AIA,2026-09-14,3275,375,11.45,0,0,701,21.4,738,22.53,588,17.95,873,26.66,336,10.26
AIA,2026-09-15,3196,360,11.26,0,0,430,13.45,927,29.01,553,17.3,926,28.97,312,9.76
AIA,2026-09-16,4274,574,13.43,0,0,491,11.49,1417,33.15,722,16.89,1070,25.04,503,11.77
AIA,2026-09-17,4636,407,8.78,0,0,507,10.94,1646,35.5,843,18.18,1233,26.6,363,7.83
AIA,2026-09-18,3595,650,18.08,0,0,268,7.45,1217,33.85,534,14.85,926,25.76,588,16.36
AIA,2026-09-19,2385,323,13.54,0,0,271,11.36,872,36.56,470,19.71,449,18.83,284,11.91
AIA,2026-09-20,3283,500,15.23,0,0,307,9.35,863,26.29,640,19.49,973,29.64,443,13.49
AIA,2026-09-21,4794,629,13.12,0,0,376,7.84,1447,30.18,864,18.02,1478,30.83,578,12.06
AIA,2026-09-22,2236,316,14.13,0,0,174,7.78,467,20.89,528,23.61,751,33.59,273,12.21
AIA,2026-09-23,2632,332,12.61,0,0,313,11.89,569,21.62,589,22.38,829,31.5,320,12.16
AIA,2026-09-24,2511,350,13.94,0,0,133,5.3,659,26.24,614,24.45,755,30.07,334,13.3
AIA,2026-09-25,2908,436,14.99,0,0,7,0.24,667,22.94,765,26.31,1033,35.52,436,14.99
AIA,2026-09-26,2705,316,11.68,0,0,0,0,314,11.61,1021,37.74,1054,38.96,316,11.68
AIT,2026-08-29,2091,224,10.71,0,0,553,26.45,640,30.61,262,12.53,412,19.7,192,9.18
AIT,2026-08-30,3562,367,10.3,0,0,575,16.14,1315,36.92,515,14.46,790,22.18,294,8.25
AIT,2026-08-31,3842,388,10.1,0,0,443,11.53,1797,46.77,272,7.08,942,24.52,340,8.85
AIT,2026-09-01,2721,250,9.19,0,0,341,12.53,1177,43.26,263,9.67,690,25.36,213,7.83
AIT,2026-09-02,3004,346,11.52,0,0,517,17.21,921,30.66,392,13.05,828,27.56,294,9.79
AIT,2026-09-03,4009,428,10.68,0,0,894,22.3,825,20.58,751,18.73,1111,27.71,349,8.71
AIT,2026-09-04,1832,189,10.32,0,0,273,14.9,628,34.28,333,18.18,409,22.33,146,7.97
AIT,2026-09-05,2092,235,11.23,0,0,758,36.23,246,11.76,290,13.86,563,26.91,182,8.7
AIT,2026-09-06,1786,230,12.88,0,0,274,15.34,411,23.01,338,18.92,533,29.84,183,10.25
AIT,2026-09-07,1712,240,14.02,0,0,214,12.5,441,25.76,288,16.82,529,30.9,196,11.45
AIT,2026-09-08,1200,149,12.42,0,0,200,16.67,237,19.75,232,19.33,382,31.83,122,10.17
AIT,2026-09-09,2315,219,9.46,0,0,340,14.69,420,18.14,462,19.96,874,37.75,191,8.25
AIT,2026-09-10,2090,176,8.42,0,0,355,16.99,311,14.88,458,21.91,790,37.8,130,6.22
AIT,2026-09-11,1661,154,9.27,0,0,296,17.82,347,20.89,342,20.59,522,31.43,112,6.74
AIT,2026-09-12,2441,405,16.59,0,0,713,29.21,265,10.86,509,20.85,549,22.49,301,12.33
AIT,2026-09-13,1829,293,16.02,0,0,650,35.54,28,1.53,410,22.42,448,24.49,237,12.96
AIT,2026-09-14,2408,330,13.7,0,0,352,14.62,570,23.67,539,22.38,617,25.62,274,11.38
AIT,2026-09-15,2113,230,10.88,0,0,302,14.29,550,26.03,458,21.68,573,27.12,193,9.13
AIT,2026-09-16,1677,178,10.61,0,0,190,11.33,417,24.87,362,21.59,530,31.6,152,9.06
AIT,2026-09-17,2459,352,14.31,0,0,237,9.64,790,32.13,464,18.87,616,25.05,310,12.61
AIT,2026-09-18,3244,361,11.13,0,0,238,7.34,1197,36.9,655,20.19,793,24.45,309,9.53
AIT,2026-09-19,3184,371,11.65,0,0,371,11.65,1198,37.63,676,21.23,568,17.84,301,9.45
AIT,2026-09-20,2865,439,15.32,0,0,276,9.63,706,24.64,589,20.56,855,29.84,395,13.79
AIT,2026-09-21,2298,167,7.27,0,0,195,8.49,678,29.5,542,23.59,716,31.16,145,6.31
AIT,2026-09-22,2601,279,10.73,0,0,232,8.92,652,25.07,640,24.61,798,30.68,247,9.5
AIT,2026-09-23,1643,196,11.93,0,0,163,9.92,333,20.27,436,26.54,515,31.35,184,11.2
AIT,2026-09-24,2381,277,11.63,0,0,114,4.79,642,26.96,647,27.17,701,29.44,260,10.92
AIT,2026-09-25,2257,239,10.59,0,0,9,0.4,519,23,710,31.46,780,34.56,239,10.59
AIT,2026-09-26,5640,395,7,0,0,0,0,809,14.34,2083,36.93,2353,41.72,395,7
ATM,2026-08-29,1,1,100,0,0,0,0,0,0,0,0,0,0,1,100
ATM,2026-08-31,6,5,83.33,0,0,1,16.67,0,0,0,0,0,0,5,83.33
ATM,2026-09-01,2,1,50,0,0,1,50,0,0,0,0,0,0,1,50
ATM,2026-09-02,1,1,100,0,0,0,0,0,0,0,0,0,0,0,0
ATM,2026-09-04,2,2,100,0,0,0,0,0,0,0,0,0,0,2,100
ATM,2026-09-07,2,1,50,0,0,1,50,0,0,0,0,0,0,0,0
ATM,2026-09-09,1,0,0,0,0,1,100,0,0,0,0,0,0,0,0
ATM,2026-09-11,1,1,100,0,0,0,0,0,0,0,0,0,0,1,100
ATM,2026-09-14,2,1,50,0,0,1,50,0,0,0,0,0,0,1,50
ATM,2026-09-16,1,1,100,0,0,0,0,0,0,0,0,0,0,0,0
ATM,2026-09-17,1,1,100,0,0,0,0,0,0,0,0,0,0,1,100
ATM,2026-09-18,2,2,100,0,0,0,0,0,0,0,0,0,0,1,50
ATM,2026-09-24,1,1,100,0,0,0,0,0,0,0,0,0,0,1,100
ATM,2026-09-25,1,0,0,0,0,0,0,0,0,1,100,0,0,0,0
AYR,2026-09-01,1,0,0,0,0,1,100,0,0,0,0,0,0,0,0
AYR,2026-09-21,1,1,100,0,0,0,0,0,0,0,0,0,0,1,100
AYR,2026-09-24,1,1,100,0,0,0,0,0,0,0,0,0,0,0,0
AYR,2026-09-25,1,1,100,0,0,0,0,0,0,0,0,0,0,1,100
AYR,2026-09-26,1,1,100,0,0,0,0,0,0,0,0,0,0,1,100
BAP,2026-08-29,4,2,50,0,0,2,50,0,0,0,0,0,0,2,50
BAP,2026-08-30,1,1,100,0,0,0,0,0,0,0,0,0,0,1,100
BAP,2026-08-31,12,11,91.67,0,0,1,8.33,0,0,0,0,0,0,11,91.67
BAP,2026-09-01,10,8,80,0,0,0,0,0,0,2,20,0,0,8,80
BAP,2026-09-02,5,5,100,0,0,0,0,0,0,0,0,0,0,4,80
BAP,2026-09-03,12,9,75,1,8.33,1,8.33,0,0,1,8.33,0,0,8,66.67
BAP,2026-09-04,7,7,100,0,0,0,0,0,0,0,0,0,0,6,85.71
BAP,2026-09-05,10,9,90,0,0,1,10,0,0,0,0,0,0,4,40
BAP,2026-09-06,6,6,100,0,0,0,0,0,0,0,0,0,0,5,83.33
BAP,2026-09-07,10,9,90,0,0,0,0,0,0,0,0,1,10,8,80
BAP,2026-09-08,8,8,100,0,0,0,0,0,0,0,0,0,0,6,75
BAP,2026-09-09,20,20,100,0,0,0,0,0,0,0,0,0,0,18,90
BAP,2026-09-10,4,3,75,0,0,0,0,0,0,1,25,0,0,3,75
BAP,2026-09-11,9,7,77.78,0,0,0,0,1,11.11,1,11.11,0,0,3,33.33
BAP,2026-09-12,16,12,75,2,12.5,1,6.25,0,0,0,0,1,6.25,7,43.75
BAP,2026-09-13,4,4,100,0,0,0,0,0,0,0,0,0,0,4,100
BAP,2026-09-14,22,20,90.91,0,0,1,4.55,0,0,1,4.55,0,0,15,68.18
BAP,2026-09-15,9,6,66.67,0,0,3,33.33,0,0,0,0,0,0,3,33.33
BAP,2026-09-16,19,17,89.47,0,0,0,0,1,5.26,1,5.26,0,0,16,84.21
BAP,2026-09-17,25,20,80,2,8,2,8,1,4,0,0,0,0,18,72
BAP,2026-09-18,13,13,100,0,0,0,0,0,0,0,0,0,0,12,92.31
BAP,2026-09-19,14,12,85.71,0,0,2,14.29,0,0,0,0,0,0,11,78.57
BAP,2026-09-20,3,3,100,0,0,0,0,0,0,0,0,0,0,3,100
BAP,2026-09-21,27,17,62.96,2,7.41,3,11.11,2,7.41,0,0,3,11.11,15,55.56
BAP,2026-09-22,31,25,80.65,4,12.9,2,6.45,0,0,0,0,0,0,19,61.29
BAP,2026-09-23,15,15,100,0,0,0,0,0,0,0,0,0,0,15,100
BAP,2026-09-24,19,16,84.21,1,5.26,1,5.26,0,0,1,5.26,0,0,15,78.95
BAP,2026-09-25,30,19,63.33,2,6.67,0,0,0,0,6,20,3,10,19,63.33
BAP,2026-09-26,19,13,68.42,0,0,0,0,0,0,3,15.79,3,15.79,13,68.42
BBM,2026-09-01,1,1,100,0,0,0,0,0,0,0,0,0,0,1,100
BBM,2026-09-02,1,1,100,0,0,0,0,0,0,0,0,0,0,1,100
BBM,2026-09-08,1,1,100,0,0,0,0,0,0,0,0,0,0,1,100
BBS,2026-09-19,1,0,0,0,0,0,0,0,0,0,0,1,100,0,0
BET,2026-09-08,1603,162,10.11,0,0,312,19.46,272,16.97,308,19.21,549,34.25,125,7.8
BET,2026-09-09,1866,162,8.68,0,0,332,17.79,299,16.02,346,18.54,727,38.96,131,7.02
BET,2026-09-10,1842,130,7.06,0,0,317,17.21,337,18.3,375,20.36,683,37.08,91,4.94
BET,2026-09-11,1115,96,8.61,0,0,183,16.41,246,22.06,261,23.41,329,29.51,66,5.92
BET,2026-09-12,1936,220,11.36,0,0,664,34.3,171,8.83,374,19.32,507,26.19,162,8.37
BET,2026-09-13,1772,176,9.93,0,0,676,38.15,54,3.05,404,22.8,462,26.07,135,7.62
BET,2026-09-14,1889,166,8.79,0,0,300,15.88,494,26.15,374,19.8,555,29.38,133,7.04
BET,2026-09-15,1716,128,7.46,0,0,265,15.44,401,23.37,366,21.33,556,32.4,108,6.29
BET,2026-09-16,2149,225,10.47,0,0,229,10.66,643,29.92,518,24.1,534,24.85,178,8.28
BET,2026-09-17,1858,126,6.78,0,0,201,10.82,560,30.14,486,26.16,485,26.1,104,5.6
BET,2026-09-18,1454,146,10.04,0,0,103,7.08,442,30.4,334,22.97,429,29.5,125,8.6
BET,2026-09-19,2108,172,8.16,0,0,252,11.95,695,32.97,486,23.06,503,23.86,149,7.07
BET,2026-09-20,1895,160,8.44,0,0,172,9.08,378,19.95,483,25.49,702,37.04,140,7.39
BET,2026-09-21,2265,149,6.58,0,0,187,8.26,653,28.83,441,19.47,835,36.87,134,5.92
BET,2026-09-22,2188,154,7.04,0,0,149,6.81,492,22.49,531,24.27,862,39.4,142,6.49
BET,2026-09-23,2162,134,6.2,0,0,151,6.98,730,33.77,437,20.21,710,32.84,120,5.55
BET,2026-09-24,3052,348,11.4,0,0,121,3.96,626,20.51,757,24.8,1200,39.32,333,10.91
BET,2026-09-25,2310,146,6.32,0,0,6,0.26,497,21.52,756,32.73,905,39.18,146,6.32
BET,2026-09-26,913,62,6.79,0,0,0,0,96,10.51,400,43.81,355,38.88,62,6.79
BIB,2026-08-29,4,4,100,0,0,0,0,0,0,0,0,0,0,2,50
BIB,2026-08-30,2,2,100,0,0,0,0,0,0,0,0,0,0,2,100
BIB,2026-08-31,8,6,75,0,0,2,25,0,0,0,0,0,0,3,37.5
BIB,2026-09-01,3,3,100,0,0,0,0,0,0,0,0,0,0,2,66.67
BIB,2026-09-02,5,5,100,0,0,0,0,0,0,0,0,0,0,3,60
BIB,2026-09-03,4,4,100,0,0,0,0,0,0,0,0,0,0,3,75
BIB,2026-09-04,2,2,100,0,0,0,0,0,0,0,0,0,0,2,100
BIB,2026-09-05,3,3,100,0,0,0,0,0,0,0,0,0,0,1,33.33
BIB,2026-09-07,1,1,100,0,0,0,0,0,0,0,0,0,0,1,100
BIB,2026-09-08,2,2,100,0,0,0,0,0,0,0,0,0,0,2,100
BIB,2026-09-09,4,3,75,0,0,1,25,0,0,0,0,0,0,3,75
BIB,2026-09-10,4,2,50,1,25,1,25,0,0,0,0,0,0,2,50
BIB,2026-09-11,5,4,80,0,0,0,0,0,0,1,20,0,0,4,80
BIB,2026-09-12,3,2,66.67,0,0,0,0,0,0,0,0,1,33.33,0,0
BIB,2026-09-13,2,2,100,0,0,0,0,0,0,0,0,0,0,2,100
BIB,2026-09-15,4,4,100,0,0,0,0,0,0,0,0,0,0,4,100
BIB,2026-09-16,19,14,73.68,0,0,3,15.79,0,0,0,0,2,10.53,14,73.68
BIB,2026-09-17,26,20,76.92,0,0,4,15.38,0,0,2,7.69,0,0,17,65.38
BIB,2026-09-18,18,12,66.67,0,0,5,27.78,0,0,1,5.56,0,0,12,66.67
BIB,2026-09-19,20,18,90,0,0,1,5,0,0,1,5,0,0,17,85
BIB,2026-09-20,24,20,83.33,0,0,2,8.33,0,0,0,0,2,8.33,19,79.17
BIB,2026-09-21,29,24,82.76,1,3.45,0,0,0,0,0,0,4,13.79,23,79.31
BIB,2026-09-22,41,33,80.49,0,0,1,2.44,0,0,4,9.76,3,7.32,28,68.29
BIB,2026-09-23,54,48,88.89,0,0,5,9.26,0,0,1,1.85,0,0,38,70.37
BIB,2026-09-24,57,46,80.7,0,0,4,7.02,0,0,5,8.77,2,3.51,38,66.67
BIB,2026-09-25,40,23,57.5,1,2.5,0,0,0,0,10,25,6,15,23,57.5
BIB,2026-09-26,42,25,59.52,0,0,0,0,0,0,3,7.14,14,33.33,25,59.52
BNL,2026-09-22,1,0,0,0,0,0,0,0,0,0,0,1,100,0,0
BOL,2026-08-29,589,467,79.29,0,0,69,11.71,3,0.51,7,1.19,43,7.3,330,56.03
BOL,2026-08-30,524,420,80.15,0,0,64,12.21,1,0.19,3,0.57,36,6.87,311,59.35
BOL,2026-08-31,659,507,76.93,0,0,104,15.78,1,0.15,13,1.97,34,5.16,389,59.03
BOL,2026-09-01,642,470,73.21,0,0,127,19.78,1,0.16,15,2.34,29,4.52,369,57.48
BOL,2026-09-02,646,479,74.15,0,0,128,19.81,1,0.15,15,2.32,23,3.56,380,58.82
BOL,2026-09-03,576,301,52.26,0,0,87,15.1,134,23.26,3,0.52,51,8.85,270,46.88
BOL,2026-09-04,483,273,56.52,0,0,88,18.22,92,19.05,6,1.24,24,4.97,198,40.99
BRO,2026-08-29,5,5,100,0,0,0,0,0,0,0,0,0,0,2,40
BRO,2026-08-31,1,1,100,0,0,0,0,0,0,0,0,0,0,1,100
BRO,2026-09-01,2,2,100,0,0,0,0,0,0,0,0,0,0,2,100
BRO,2026-09-02,1,1,100,0,0,0,0,0,0,0,0,0,0,0,0
BRO,2026-09-07,1,1,100,0,0,0,0,0,0,0,0,0,0,1,100
BRO,2026-09-09,3,2,66.67,0,0,1,33.33,0,0,0,0,0,0,2,66.67
BRO,2026-09-10,1,1,100,0,0,0,0,0,0,0,0,0,0,1,100
BRO,2026-09-15,3,3,100,0,0,0,0,0,0,0,0,0,0,3,100
BRO,2026-09-16,3,3,100,0,0,0,0,0,0,0,0,0,0,1,33.33
BRO,2026-09-17,4,4,100,0,0,0,0,0,0,0,0,0,0,4,100
BRO,2026-09-22,6,5,83.33,0,0,0,0,0,0,0,0,1,16.67,4,66.67
BRO,2026-09-23,3,2,66.67,0,0,0,0,0,0,0,0,1,33.33,2,66.67
BRO,2026-09-26,6,1,16.67,0,0,0,0,0,0,5,83.33,0,0,1,16.67
BRP,2026-08-29,1032,640,62.02,23,2.23,298,28.88,30,2.91,35,3.39,6,0.58,371,35.95
BRP,2026-08-30,535,354,66.17,20,3.74,130,24.3,19,3.55,12,2.24,0,0,231,43.18
BRP,2026-08-31,1028,676,65.76,35,3.4,265,25.78,27,2.63,19,1.85,6,0.58,424,41.25
BRP,2026-09-01,929,603,64.91,25,2.69,236,25.4,38,4.09,24,2.58,3,0.32,399,42.95
BRP,2026-09-02,924,620,67.1,35,3.79,223,24.13,25,2.71,18,1.95,3,0.32,385,41.67
BRP,2026-09-03,1063,667,62.75,41,3.86,282,26.53,42,3.95,25,2.35,6,0.56,406,38.19
BRP,2026-09-04,720,471,65.42,30,4.17,173,24.03,27,3.75,15,2.08,4,0.56,265,36.81
BRP,2026-09-05,516,325,62.98,28,5.43,130,25.19,17,3.29,15,2.91,1,0.19,206,39.92
BRP,2026-09-06,769,432,56.18,43,5.59,217,28.22,24,3.12,26,3.38,27,3.51,221,28.74
BRP,2026-09-07,1188,678,57.07,100,8.42,287,24.16,29,2.44,34,2.86,60,5.05,429,36.11
BRP,2026-09-08,1425,858,60.21,97,6.81,352,24.7,35,2.46,27,1.89,56,3.93,507,35.58
BRP,2026-09-09,1681,994,59.13,89,5.29,445,26.47,40,2.38,28,1.67,85,5.06,506,30.1
BRP,2026-09-10,1331,738,55.45,72,5.41,342,25.69,81,6.09,28,2.1,70,5.26,480,36.06
BRP,2026-09-11,1200,730,60.83,60,5,280,23.33,48,4,34,2.83,48,4,449,37.42
BRP,2026-09-12,1144,678,59.27,45,3.93,287,25.09,44,3.85,33,2.88,57,4.98,385,33.65
BRP,2026-09-13,997,556,55.77,58,5.82,285,28.59,27,2.71,23,2.31,48,4.81,237,23.77
BRP,2026-09-14,463,278,60.04,23,4.97,118,25.49,11,2.38,11,2.38,22,4.75,145,31.32
BRP,2026-09-15,792,499,63.01,33,4.17,177,22.35,23,2.9,18,2.27,42,5.3,289,36.49
BRP,2026-09-16,1624,959,59.05,78,4.8,409,25.18,62,3.82,37,2.28,79,4.86,571,35.16
BRP,2026-09-17,1194,663,55.53,65,5.44,316,26.47,37,3.1,42,3.52,71,5.95,407,34.09
BRP,2026-09-18,942,552,58.6,44,4.67,230,24.42,29,3.08,33,3.5,54,5.73,296,31.42
BRP,2026-09-19,893,489,54.76,52,5.82,214,23.96,34,3.81,28,3.14,76,8.51,258,28.89
BRP,2026-09-20,884,515,58.26,45,5.09,206,23.3,26,2.94,30,3.39,62,7.01,273,30.88
BRP,2026-09-21,771,435,56.42,35,4.54,174,22.57,23,2.98,36,4.67,68,8.82,225,29.18
BRP,2026-09-22,1018,552,54.22,48,4.72,180,17.68,26,2.55,98,9.63,114,11.2,313,30.75
BRP,2026-09-23,1053,527,50.05,49,4.65,199,18.9,44,4.18,109,10.35,125,11.87,356,33.81
BRP,2026-09-24,1084,506,46.68,40,3.69,158,14.58,52,4.8,179,16.51,149,13.75,358,33.03
BRP,2026-09-25,939,329,35.04,29,3.09,79,8.41,39,4.15,310,33.01,153,16.29,329,35.04
BRP,2026-09-26,988,85,8.6,5,0.51,0,0,39,3.95,791,80.06,68,6.88,85,8.6
BSI,2026-08-29,21,13,61.9,2,9.52,5,23.81,0,0,0,0,1,4.76,11,52.38
BSI,2026-08-31,20,18,90,0,0,2,10,0,0,0,0,0,0,16,80
BSI,2026-09-02,10,7,70,0,0,2,20,0,0,0,0,1,10,6,60
BSI,2026-09-03,15,10,66.67,1,6.67,3,20,0,0,0,0,1,6.67,6,40
BSI,2026-09-05,32,24,75,1,3.13,6,18.75,0,0,0,0,1,3.13,20,62.5
BSI,2026-09-07,24,18,75,2,8.33,1,4.17,0,0,1,4.17,2,8.33,17,70.83
BSI,2026-09-08,19,14,73.68,1,5.26,2,10.53,0,0,0,0,2,10.53,11,57.89
BSI,2026-09-09,19,12,63.16,1,5.26,2,10.53,0,0,0,0,4,21.05,10,52.63
BSI,2026-09-11,16,11,68.75,2,12.5,2,12.5,0,0,1,6.25,0,0,9,56.25
BSI,2026-09-12,23,16,69.57,2,8.7,3,13.04,0,0,1,4.35,1,4.35,11,47.83
BSI,2026-09-16,16,9,56.25,1,6.25,1,6.25,0,0,3,18.75,2,12.5,5,31.25
BSI,2026-09-17,9,6,66.67,0,0,2,22.22,0,0,0,0,1,11.11,5,55.56
BSI,2026-09-25,24,11,45.83,0,0,0,0,0,0,6,25,7,29.17,11,45.83
BUI,2026-08-29,26,19,73.08,0,0,2,7.69,0,0,2,7.69,3,11.54,15,57.69
BUI,2026-08-30,20,15,75,2,10,1,5,0,0,1,5,1,5,11,55
BUI,2026-08-31,27,24,88.89,0,0,2,7.41,0,0,1,3.7,0,0,22,81.48
BUI,2026-09-01,46,39,84.78,1,2.17,5,10.87,0,0,1,2.17,0,0,31,67.39
BUI,2026-09-02,53,41,77.36,3,5.66,5,9.43,0,0,1,1.89,3,5.66,32,60.38
BUI,2026-09-03,46,35,76.09,1,2.17,5,10.87,0,0,1,2.17,4,8.7,27,58.7
BUI,2026-09-04,52,40,76.92,4,7.69,6,11.54,0,0,1,1.92,1,1.92,28,53.85
BUI,2026-09-05,42,27,64.29,7,16.67,6,14.29,0,0,1,2.38,1,2.38,19,45.24
BUI,2026-09-06,37,30,81.08,1,2.7,6,16.22,0,0,0,0,0,0,23,62.16
BUI,2026-09-07,53,39,73.58,2,3.77,4,7.55,0,0,1,1.89,7,13.21,33,62.26
BUI,2026-09-08,46,30,65.22,4,8.7,4,8.7,0,0,2,4.35,6,13.04,24,52.17
BUI,2026-09-09,39,26,66.67,4,10.26,5,12.82,0,0,0,0,4,10.26,21,53.85
BUI,2026-09-10,41,29,70.73,4,9.76,3,7.32,0,0,1,2.44,4,9.76,18,43.9
BUI,2026-09-11,29,21,72.41,2,6.9,3,10.34,0,0,1,3.45,2,6.9,13,44.83
BUI,2026-09-12,27,20,74.07,2,7.41,1,3.7,0,0,0,0,4,14.81,16,59.26
BUI,2026-09-13,18,16,88.89,1,5.56,1,5.56,0,0,0,0,0,0,12,66.67
BUI,2026-09-14,16,13,81.25,1,6.25,0,0,0,0,1,6.25,1,6.25,11,68.75
BUI,2026-09-15,20,14,70,1,5,1,5,0,0,0,0,4,20,11,55
BUI,2026-09-16,18,12,66.67,2,11.11,2,11.11,0,0,1,5.56,1,5.56,7,38.89
BUI,2026-09-17,17,15,88.24,1,5.88,0,0,0,0,0,0,1,5.88,10,58.82
BUI,2026-09-18,9,7,77.78,0,0,1,11.11,0,0,1,11.11,0,0,4,44.44
BUI,2026-09-23,1,1,100,0,0,0,0,0,0,0,0,0,0,1,100
BUI,2026-09-25,1,1,100,0,0,0,0,0,0,0,0,0,0,1,100
CLO,2026-08-30,5,5,100,0,0,0,0,0,0,0,0,0,0,5,100
CLO,2026-08-31,2,2,100,0,0,0,0,0,0,0,0,0,0,2,100
CLO,2026-09-01,2,2,100,0,0,0,0,0,0,0,0,0,0,2,100
CLO,2026-09-02,1,1,100,0,0,0,0,0,0,0,0,0,0,1,100
CLO,2026-09-03,6,6,100,0,0,0,0,0,0,0,0,0,0,3,50
CLO,2026-09-05,1,1,100,0,0,0,0,0,0,0,0,0,0,1,100
CLO,2026-09-06,4,4,100,0,0,0,0,0,0,0,0,0,0,4,100
CLO,2026-09-08,4,3,75,0,0,1,25,0,0,0,0,0,0,0,0
CLO,2026-09-09,4,4,100,0,0,0,0,0,0,0,0,0,0,4,100
CLO,2026-09-10,3,3,100,0,0,0,0,0,0,0,0,0,0,3,100
CLO,2026-09-11,7,6,85.71,0,0,0,0,0,0,1,14.29,0,0,6,85.71
CLO,2026-09-12,1,1,100,0,0,0,0,0,0,0,0,0,0,1,100
CLO,2026-09-13,1,1,100,0,0,0,0,0,0,0,0,0,0,1,100
CLO,2026-09-14,5,5,100,0,0,0,0,0,0,0,0,0,0,2,40
CLO,2026-09-15,6,6,100,0,0,0,0,0,0,0,0,0,0,6,100
CLO,2026-09-16,2,2,100,0,0,0,0,0,0,0,0,0,0,2,100
CLO,2026-09-17,4,4,100,0,0,0,0,0,0,0,0,0,0,4,100
CLO,2026-09-18,2,2,100,0,0,0,0,0,0,0,0,0,0,1,50
CLO,2026-09-19,4,4,100,0,0,0,0,0,0,0,0,0,0,3,75
CLO,2026-09-20,1,1,100,0,0,0,0,0,0,0,0,0,0,1,100
CLO,2026-09-21,2,2,100,0,0,0,0,0,0,0,0,0,0,1,50
CLO,2026-09-22,4,4,100,0,0,0,0,0,0,0,0,0,0,2,50
CLO,2026-09-23,6,6,100,0,0,0,0,0,0,0,0,0,0,6,100
CLO,2026-09-24,10,10,100,0,0,0,0,0,0,0,0,0,0,10,100
CLO,2026-09-25,4,3,75,0,0,0,0,0,0,1,25,0,0,3,75
CLO,2026-09-26,4,0,0,0,0,0,0,0,0,3,75,1,25,0,0
CLQ,2026-08-29,628,405,64.49,24,3.82,86,13.69,40,6.37,47,7.48,26,4.14,397,63.22
CLQ,2026-08-30,850,579,68.12,32,3.76,80,9.41,53,6.24,70,8.24,36,4.24,567,66.71
CLQ,2026-08-31,500,389,77.8,17,3.4,54,10.8,14,2.8,23,4.6,3,0.6,382,76.4
CLQ,2026-09-01,963,597,61.99,50,5.19,145,15.06,107,11.11,44,4.57,20,2.08,590,61.27
CLQ,2026-09-02,727,490,67.4,37,5.09,92,12.65,32,4.4,39,5.36,37,5.09,456,62.72
CLQ,2026-09-03,787,550,69.89,23,2.92,83,10.55,38,4.83,54,6.86,39,4.96,521,66.2
CLQ,2026-09-04,754,495,65.65,32,4.24,87,11.54,117,15.52,0,0,23,3.05,490,64.99
CLQ,2026-09-05,625,404,64.64,27,4.32,94,15.04,31,4.96,50,8,19,3.04,398,63.68
CLQ,2026-09-06,769,550,71.52,23,2.99,80,10.4,37,4.81,57,7.41,22,2.86,541,70.35
CLQ,2026-09-07,540,400,74.07,19,3.52,62,11.48,16,2.96,35,6.48,8,1.48,394,72.96
CLQ,2026-09-08,879,561,63.82,57,6.48,121,13.77,31,3.53,75,8.53,34,3.87,553,62.91
CLQ,2026-09-09,770,572,74.29,21,2.73,74,9.61,43,5.58,24,3.12,36,4.68,530,68.83
CLQ,2026-09-10,720,567,78.75,28,3.89,44,6.11,38,5.28,20,2.78,23,3.19,518,71.94
CLQ,2026-09-11,773,525,67.92,28,3.62,109,14.1,43,5.56,43,5.56,25,3.23,489,63.26
CLQ,2026-09-12,679,446,65.68,35,5.15,93,13.7,90,13.25,1,0.15,14,2.06,435,64.06
CLQ,2026-09-13,433,312,72.06,6,1.39,46,10.62,17,3.93,45,10.39,7,1.62,307,70.9
CLQ,2026-09-14,1209,738,61.04,41,3.39,154,12.74,91,7.53,102,8.44,83,6.87,721,59.64
CLQ,2026-09-15,648,487,75.15,18,2.78,56,8.64,30,4.63,47,7.25,10,1.54,483,74.54
CLQ,2026-09-16,1080,790,73.15,40,3.7,100,9.26,48,4.44,45,4.17,57,5.28,744,68.89
CLQ,2026-09-17,1184,823,69.51,45,3.8,75,6.33,110,9.29,46,3.89,85,7.18,781,65.96
CLQ,2026-09-18,1041,737,70.8,22,2.11,126,12.1,101,9.7,3,0.29,52,5,726,69.74
CLQ,2026-09-19,947,632,66.74,41,4.33,122,12.88,56,5.91,72,7.6,24,2.53,628,66.31
CLQ,2026-09-20,1095,786,71.78,19,1.74,114,10.41,53,4.84,75,6.85,48,4.38,778,71.05
CLQ,2026-09-21,712,536,75.28,24,3.37,73,10.25,31,4.35,37,5.2,11,1.54,532,74.72
CLQ,2026-09-22,1147,789,68.79,43,3.75,134,11.68,49,4.27,63,5.49,69,6.02,770,67.13
CLQ,2026-09-23,994,797,80.18,26,2.62,31,3.12,38,3.82,17,1.71,85,8.55,743,74.75
CLQ,2026-09-24,912,718,78.73,20,2.19,7,0.77,35,3.84,40,4.39,92,10.09,681,74.67
CLQ,2026-09-25,879,626,71.22,23,2.62,7,0.8,19,2.16,60,6.83,144,16.38,626,71.22
CLQ,2026-09-26,667,397,59.52,12,1.8,0,0,21,3.15,114,17.09,123,18.44,397,59.52
CON,2026-08-29,16,11,68.75,0,0,3,18.75,1,6.25,0,0,1,6.25,8,50
CON,2026-08-30,17,14,82.35,0,0,1,5.88,1,5.88,0,0,1,5.88,11,64.71
CON,2026-08-31,19,18,94.74,0,0,1,5.26,0,0,0,0,0,0,12,63.16
CON,2026-09-01,23,21,91.3,0,0,1,4.35,0,0,0,0,1,4.35,18,78.26
CON,2026-09-02,17,14,82.35,0,0,3,17.65,0,0,0,0,0,0,10,58.82
CON,2026-09-03,10,9,90,0,0,1,10,0,0,0,0,0,0,5,50
CON,2026-09-04,17,17,100,0,0,0,0,0,0,0,0,0,0,11,64.71
CON,2026-09-05,10,10,100,0,0,0,0,0,0,0,0,0,0,6,60
CON,2026-09-06,12,11,91.67,1,8.33,0,0,0,0,0,0,0,0,6,50
CON,2026-09-07,7,7,100,0,0,0,0,0,0,0,0,0,0,5,71.43
CRI,2026-08-29,1,0,0,0,0,1,100,0,0,0,0,0,0,0,0
CRI,2026-09-02,1,0,0,0,0,0,0,0,0,0,0,1,100,0,0
CRI,2026-09-04,2,0,0,0,0,1,50,0,0,1,50,0,0,0,0
CRI,2026-09-05,1,1,100,0,0,0,0,0,0,0,0,0,0,0,0
CRI,2026-09-07,1,0,0,0,0,0,0,0,0,0,0,1,100,0,0
CRI,2026-09-08,4,3,75,0,0,0,0,0,0,0,0,1,25,3,75
CRI,2026-09-09,8,8,100,0,0,0,0,0,0,0,0,0,0,6,75
CRI,2026-09-10,5,4,80,0,0,0,0,0,0,0,0,1,20,4,80
CRI,2026-09-11,16,15,93.75,0,0,0,0,0,0,0,0,1,6.25,13,81.25
CRI,2026-09-12,5,5,100,0,0,0,0,0,0,0,0,0,0,4,80
CRI,2026-09-15,1,1,100,0,0,0,0,0,0,0,0,0,0,0,0
CRI,2026-09-16,16,16,100,0,0,0,0,0,0,0,0,0,0,14,87.5
CRI,2026-09-17,1,1,100,0,0,0,0,0,0,0,0,0,0,1,100
CRI,2026-09-18,2,2,100,0,0,0,0,0,0,0,0,0,0,2,100
CRI,2026-09-19,2,2,100,0,0,0,0,0,0,0,0,0,0,2,100
CRI,2026-09-23,1,0,0,0,0,0,0,0,0,0,0,1,100,0,0
CRM,2026-08-29,15,6,40,4,26.67,3,20,0,0,0,0,2,13.33,3,20
CRM,2026-08-30,18,9,50,1,5.56,6,33.33,0,0,0,0,2,11.11,8,44.44
CRM,2026-08-31,14,6,42.86,1,7.14,6,42.86,0,0,0,0,1,7.14,5,35.71
CRM,2026-09-01,10,5,50,1,10,1,10,1,10,0,0,2,20,5,50
CRM,2026-09-02,13,6,46.15,3,23.08,2,15.38,0,0,0,0,2,15.38,5,38.46
CRM,2026-09-03,18,11,61.11,3,16.67,4,22.22,0,0,0,0,0,0,9,50
CRM,2026-09-04,28,19,67.86,6,21.43,1,3.57,0,0,0,0,2,7.14,13,46.43
CRM,2026-09-05,22,17,77.27,0,0,3,13.64,0,0,1,4.55,1,4.55,14,63.64
CRM,2026-09-06,21,12,57.14,2,9.52,6,28.57,0,0,0,0,1,4.76,9,42.86
CRM,2026-09-07,21,12,57.14,4,19.05,3,14.29,0,0,0,0,2,9.52,11,52.38
CRM,2026-09-08,23,18,78.26,2,8.7,1,4.35,0,0,0,0,2,8.7,15,65.22
CRM,2026-09-09,30,11,36.67,6,20,3,10,0,0,0,0,10,33.33,7,23.33
CRM,2026-09-10,32,21,65.63,4,12.5,1,3.13,0,0,0,0,6,18.75,19,59.38
CRM,2026-09-11,25,14,56,2,8,5,20,0,0,0,0,4,16,12,48
CRM,2026-09-12,26,14,53.85,4,15.38,3,11.54,0,0,1,3.85,4,15.38,9,34.62
CRM,2026-09-13,23,12,52.17,3,13.04,1,4.35,0,0,0,0,7,30.43,11,47.83
CRM,2026-09-14,20,8,40,3,15,1,5,0,0,0,0,8,40,8,40
CRM,2026-09-15,20,13,65,2,10,3,15,0,0,0,0,2,10,10,50
CRM,2026-09-16,23,11,47.83,3,13.04,4,17.39,0,0,0,0,5,21.74,10,43.48
CRM,2026-09-17,33,21,63.64,4,12.12,3,9.09,0,0,0,0,5,15.15,20,60.61
CRM,2026-09-18,31,23,74.19,1,3.23,1,3.23,0,0,1,3.23,5,16.13,18,58.06
CRM,2026-09-19,24,17,70.83,3,12.5,0,0,0,0,0,0,4,16.67,15,62.5
CRM,2026-09-20,37,21,56.76,4,10.81,2,5.41,0,0,2,5.41,8,21.62,19,51.35
CRM,2026-09-21,38,19,50,0,0,3,7.89,0,0,0,0,16,42.11,18,47.37
CRM,2026-09-22,35,10,28.57,2,5.71,5,14.29,0,0,2,5.71,16,45.71,9,25.71
CRM,2026-09-23,28,17,60.71,3,10.71,0,0,0,0,2,7.14,6,21.43,15,53.57
CRM,2026-09-24,23,8,34.78,0,0,1,4.35,0,0,2,8.7,12,52.17,7,30.43
CRM,2026-09-25,20,10,50,0,0,0,0,0,0,2,10,8,40,10,50
CRM,2026-09-26,28,12,42.86,0,0,0,0,0,0,5,17.86,11,39.29,12,42.86
CSU,2026-08-29,87,51,58.62,0,0,14,16.09,9,10.34,3,3.45,10,11.49,44,50.57
CSU,2026-08-30,55,26,47.27,0,0,10,18.18,3,5.45,11,20,5,9.09,22,40
CSU,2026-08-31,148,97,65.54,0,0,19,12.84,9,6.08,11,7.43,12,8.11,90,60.81
CSU,2026-09-01,94,66,70.21,0,0,11,11.7,1,1.06,8,8.51,8,8.51,63,67.02
CSU,2026-09-02,87,59,67.82,0,0,12,13.79,4,4.6,8,9.2,4,4.6,54,62.07
CSU,2026-09-03,108,66,61.11,0,0,12,11.11,6,5.56,15,13.89,9,8.33,57,52.78
CSU,2026-09-04,105,77,73.33,0,0,16,15.24,4,3.81,6,5.71,2,1.9,57,54.29
CSU,2026-09-05,116,70,60.34,0,0,26,22.41,2,1.72,15,12.93,3,2.59,62,53.45
CSU,2026-09-06,75,37,49.33,0,0,23,30.67,2,2.67,10,13.33,3,4,31,41.33
CSU,2026-09-07,148,114,77.03,0,0,19,12.84,2,1.35,8,5.41,5,3.38,94,63.51
CSU,2026-09-08,117,84,71.79,0,0,18,15.38,3,2.56,7,5.98,5,4.27,73,62.39
CSU,2026-09-09,154,112,72.73,0,0,21,13.64,2,1.3,14,9.09,5,3.25,101,65.58
CSU,2026-09-10,144,92,63.89,0,0,26,18.06,7,4.86,15,10.42,4,2.78,81,56.25
CSU,2026-09-11,135,101,74.81,0,0,17,12.59,3,2.22,10,7.41,4,2.96,93,68.89
CSU,2026-09-12,140,111,79.29,0,0,15,10.71,3,2.14,9,6.43,2,1.43,91,65
CSU,2026-09-13,58,35,60.34,0,0,14,24.14,2,3.45,5,8.62,2,3.45,29,50
CSU,2026-09-14,101,77,76.24,0,0,11,10.89,2,1.98,9,8.91,2,1.98,67,66.34
CSU,2026-09-15,168,116,69.05,0,0,27,16.07,7,4.17,10,5.95,8,4.76,101,60.12
CSU,2026-09-16,232,172,74.14,0,0,31,13.36,4,1.72,18,7.76,7,3.02,147,63.36
CSU,2026-09-17,264,204,77.27,0,0,28,10.61,4,1.52,18,6.82,10,3.79,179,67.8
CSU,2026-09-18,143,113,79.02,0,0,14,9.79,2,1.4,10,6.99,4,2.8,97,67.83
CSU,2026-09-19,159,109,68.55,0,0,28,17.61,6,3.77,8,5.03,8,5.03,97,61.01
CSU,2026-09-20,187,139,74.33,0,0,23,12.3,4,2.14,12,6.42,9,4.81,116,62.03
CSU,2026-09-21,237,168,70.89,0,0,31,13.08,9,3.8,10,4.22,19,8.02,135,56.96
CSU,2026-09-22,198,137,69.19,0,0,16,8.08,17,8.59,13,6.57,15,7.58,126,63.64
CSU,2026-09-23,202,152,75.25,0,0,13,6.44,6,2.97,15,7.43,16,7.92,140,69.31
CSU,2026-09-24,246,167,67.89,0,0,9,3.66,12,4.88,18,7.32,40,16.26,156,63.41
CSU,2026-09-25,185,109,58.92,0,0,4,2.16,5,2.7,25,13.51,42,22.7,109,58.92
CSU,2026-09-26,192,104,54.17,0,0,0,0,0,0,43,22.4,45,23.44,104,54.17
CUL,2026-09-10,86,80,93.02,1,1.16,3,3.49,0,0,1,1.16,1,1.16,60,69.77
CUL,2026-09-11,189,174,92.06,2,1.06,7,3.7,0,0,1,0.53,5,2.65,130,68.78
CUL,2026-09-12,176,151,85.8,3,1.7,10,5.68,0,0,4,2.27,8,4.55,109,61.93
CUL,2026-09-13,150,136,90.67,2,1.33,7,4.67,1,0.67,0,0,4,2.67,100,66.67
CUL,2026-09-14,144,133,92.36,0,0,3,2.08,1,0.69,2,1.39,5,3.47,101,70.14
CUL,2026-09-15,20,17,85,0,0,1,5,0,0,0,0,2,10,14,70
EMS,2026-08-31,2,0,0,0,0,2,100,0,0,0,0,0,0,0,0
EMS,2026-09-01,4,3,75,0,0,1,25,0,0,0,0,0,0,2,50
EMS,2026-09-03,3,3,100,0,0,0,0,0,0,0,0,0,0,2,66.67
EMS,2026-09-04,5,4,80,0,0,0,0,0,0,0,0,1,20,2,40
EMS,2026-09-05,2,2,100,0,0,0,0,0,0,0,0,0,0,1,50
EMS,2026-09-08,3,3,100,0,0,0,0,0,0,0,0,0,0,2,66.67
EMS,2026-09-09,4,3,75,0,0,1,25,0,0,0,0,0,0,3,75
EMS,2026-09-11,5,5,100,0,0,0,0,0,0,0,0,0,0,4,80
EMS,2026-09-12,1,0,0,0,0,0,0,0,0,0,0,1,100,0,0
EMS,2026-09-14,3,1,33.33,0,0,0,0,0,0,0,0,2,66.67,1,33.33
EMS,2026-09-15,2,1,50,0,0,0,0,0,0,0,0,1,50,0,0
EMS,2026-09-16,5,3,60,0,0,0,0,0,0,0,0,2,40,1,20
EMS,2026-09-17,4,2,50,0,0,2,50,0,0,0,0,0,0,1,25
EMS,2026-09-19,1,1,100,0,0,0,0,0,0,0,0,0,0,1,100
EMS,2026-09-21,3,1,33.33,0,0,0,0,0,0,1,33.33,1,33.33,1,33.33
EMS,2026-09-22,1,1,100,0,0,0,0,0,0,0,0,0,0,1,100
EMS,2026-09-25,1,1,100,0,0,0,0,0,0,0,0,0,0,1,100
EMS,2026-09-26,3,2,66.67,0,0,0,0,0,0,0,0,1,33.33,2,66.67
ESA,2026-08-29,4,2,50,0,0,1,25,1,25,0,0,0,0,2,50
ESA,2026-08-31,5,4,80,0,0,1,20,0,0,0,0,0,0,4,80
ESA,2026-09-02,2,0,0,0,0,0,0,2,100,0,0,0,0,0,0
ESA,2026-09-03,1,1,100,0,0,0,0,0,0,0,0,0,0,1,100
ESA,2026-09-04,2,1,50,0,0,1,50,0,0,0,0,0,0,1,50
ESA,2026-09-05,2,2,100,0,0,0,0,0,0,0,0,0,0,2,100
ESA,2026-09-07,2,1,50,0,0,0,0,0,0,0,0,1,50,1,50
ESA,2026-09-09,2,1,50,0,0,0,0,0,0,0,0,1,50,1,50
ESA,2026-09-10,6,3,50,0,0,1,16.67,1,16.67,1,16.67,0,0,3,50
ESA,2026-09-11,1,1,100,0,0,0,0,0,0,0,0,0,0,1,100
ESA,2026-09-13,1,1,100,0,0,0,0,0,0,0,0,0,0,1,100
ESA,2026-09-14,4,4,100,0,0,0,0,0,0,0,0,0,0,4,100
ESA,2026-09-15,2,2,100,0,0,0,0,0,0,0,0,0,0,2,100
ESA,2026-09-16,9,1,11.11,0,0,0,0,3,33.33,1,11.11,4,44.44,0,0
ESA,2026-09-17,2,0,0,0,0,0,0,0,0,0,0,2,100,0,0
ESA,2026-09-18,1,0,0,0,0,0,0,0,0,1,100,0,0,0,0
ESA,2026-09-20,1,1,100,0,0,0,0,0,0,0,0,0,0,1,100
ESA,2026-09-22,1,1,100,0,0,0,0,0,0,0,0,0,0,1,100
ESA,2026-09-23,1,1,100,0,0,0,0,0,0,0,0,0,0,1,100
ESA,2026-09-26,2,1,50,0,0,0,0,0,0,1,50,0,0,1,50
FAS,2026-08-29,10,10,100,0,0,0,0,0,0,0,0,0,0,9,90
FAS,2026-08-30,38,38,100,0,0,0,0,0,0,0,0,0,0,34,89.47
FAS,2026-08-31,13,12,92.31,0,0,1,7.69,0,0,0,0,0,0,11,84.62
FAS,2026-09-01,21,19,90.48,2,9.52,0,0,0,0,0,0,0,0,19,90.48
FAS,2026-09-02,19,19,100,0,0,0,0,0,0,0,0,0,0,17,89.47
FAS,2026-09-03,36,36,100,0,0,0,0,0,0,0,0,0,0,27,75
FAS,2026-09-04,11,11,100,0,0,0,0,0,0,0,0,0,0,9,81.82
FAS,2026-09-05,26,26,100,0,0,0,0,0,0,0,0,0,0,24,92.31
FAS,2026-09-06,32,32,100,0,0,0,0,0,0,0,0,0,0,29,90.63
FAS,2026-09-07,25,24,96,1,4,0,0,0,0,0,0,0,0,22,88
FAS,2026-09-08,7,7,100,0,0,0,0,0,0,0,0,0,0,6,85.71
FAS,2026-09-09,22,21,95.45,0,0,0,0,0,0,0,0,1,4.55,19,86.36
FAS,2026-09-10,23,22,95.65,0,0,0,0,0,0,0,0,1,4.35,22,95.65
FAS,2026-09-11,27,27,100,0,0,0,0,0,0,0,0,0,0,20,74.07
FAS,2026-09-12,13,13,100,0,0,0,0,0,0,0,0,0,0,12,92.31
FAS,2026-09-14,45,42,93.33,1,2.22,2,4.44,0,0,0,0,0,0,36,80
FAS,2026-09-15,25,23,92,1,4,0,0,0,0,0,0,1,4,18,72
FAS,2026-09-16,28,27,96.43,0,0,0,0,0,0,0,0,1,3.57,21,75
FAS,2026-09-17,14,13,92.86,1,7.14,0,0,0,0,0,0,0,0,12,85.71
FAS,2026-09-18,16,15,93.75,0,0,0,0,0,0,1,6.25,0,0,14,87.5
FAS,2026-09-19,12,11,91.67,0,0,0,0,0,0,0,0,1,8.33,10,83.33
FAS,2026-09-21,38,37,97.37,0,0,0,0,0,0,0,0,1,2.63,36,94.74
FAS,2026-09-22,26,25,96.15,0,0,0,0,0,0,0,0,1,3.85,25,96.15
FAS,2026-09-23,33,31,93.94,0,0,0,0,0,0,0,0,2,6.06,29,87.88
FAS,2026-09-24,23,19,82.61,0,0,0,0,0,0,0,0,4,17.39,18,78.26
FAS,2026-09-25,24,21,87.5,0,0,0,0,0,0,1,4.17,2,8.33,21,87.5
FAS,2026-09-26,20,13,65,0,0,0,0,0,0,3,15,4,20,13,65
FBD,2026-08-29,16,15,93.75,0,0,0,0,0,0,0,0,1,6.25,11,68.75
FBD,2026-08-30,6,5,83.33,0,0,0,0,0,0,0,0,1,16.67,5,83.33
FBD,2026-08-31,25,19,76,3,12,0,0,0,0,1,4,2,8,12,48
FBD,2026-09-01,11,9,81.82,0,0,1,9.09,0,0,1,9.09,0,0,7,63.64
FBD,2026-09-02,37,31,83.78,0,0,1,2.7,0,0,0,0,5,13.51,22,59.46
FBD,2026-09-03,15,13,86.67,0,0,0,0,0,0,0,0,2,13.33,9,60
FBD,2026-09-04,10,8,80,0,0,1,10,0,0,1,10,0,0,6,60
FBD,2026-09-05,29,29,100,0,0,0,0,0,0,0,0,0,0,22,75.86
FBD,2026-09-06,12,11,91.67,0,0,0,0,0,0,1,8.33,0,0,10,83.33
FBD,2026-09-07,28,22,78.57,0,0,2,7.14,0,0,1,3.57,3,10.71,13,46.43
FBD,2026-09-08,32,29,90.63,0,0,2,6.25,0,0,0,0,1,3.13,26,81.25
FBD,2026-09-09,29,20,68.97,1,3.45,3,10.34,0,0,0,0,5,17.24,16,55.17
FBD,2026-09-10,28,26,92.86,0,0,2,7.14,0,0,0,0,0,0,21,75
FBD,2026-09-11,9,8,88.89,1,11.11,0,0,0,0,0,0,0,0,5,55.56
FBD,2026-09-12,14,13,92.86,0,0,0,0,0,0,1,7.14,0,0,6,42.86
FBD,2026-09-13,20,18,90,1,5,0,0,0,0,1,5,0,0,11,55
FBD,2026-09-14,13,12,92.31,0,0,0,0,0,0,0,0,1,7.69,10,76.92
FBD,2026-09-15,33,27,81.82,3,9.09,2,6.06,1,3.03,0,0,0,0,18,54.55
FBD,2026-09-16,25,22,88,0,0,0,0,0,0,0,0,3,12,20,80
FBD,2026-09-17,23,20,86.96,1,4.35,1,4.35,0,0,0,0,1,4.35,19,82.61
FBD,2026-09-18,20,17,85,1,5,2,10,0,0,0,0,0,0,13,65
FBD,2026-09-19,25,20,80,0,0,1,4,0,0,1,4,3,12,16,64
FBD,2026-09-20,12,10,83.33,0,0,0,0,0,0,0,0,2,16.67,8,66.67
FBD,2026-09-21,48,41,85.42,1,2.08,0,0,0,0,2,4.17,4,8.33,35,72.92
FBD,2026-09-22,31,24,77.42,0,0,0,0,0,0,3,9.68,4,12.9,18,58.06
FBD,2026-09-23,23,17,73.91,2,8.7,0,0,0,0,2,8.7,2,8.7,14,60.87
FBD,2026-09-24,34,23,67.65,2,5.88,0,0,0,0,4,11.76,5,14.71,20,58.82
FBD,2026-09-25,40,29,72.5,0,0,0,0,1,2.5,3,7.5,7,17.5,29,72.5
FBD,2026-09-26,33,12,36.36,0,0,0,0,0,0,10,30.3,11,33.33,12,36.36
FCR,2026-08-29,4124,3803,92.22,103,2.5,115,2.79,40,0.97,7,0.17,56,1.36,3353,81.3
FCR,2026-08-30,4364,3952,90.56,122,2.8,146,3.35,53,1.21,12,0.27,79,1.81,3602,82.54
FCR,2026-08-31,5499,5067,92.14,115,2.09,160,2.91,64,1.16,20,0.36,73,1.33,4612,83.87
FCR,2026-09-01,3921,3586,91.46,119,3.03,105,2.68,57,1.45,7,0.18,47,1.2,3248,82.84
FCR,2026-09-02,3779,3412,90.29,126,3.33,117,3.1,43,1.14,19,0.5,62,1.64,3027,80.1
FCR,2026-09-03,3534,3205,90.69,112,3.17,97,2.74,52,1.47,10,0.28,58,1.64,2792,79
FCR,2026-09-04,3545,3207,90.47,108,3.05,120,3.39,36,1.02,9,0.25,65,1.83,2697,76.08
FCR,2026-09-05,3571,3291,92.16,109,3.05,90,2.52,30,0.84,7,0.2,44,1.23,2897,81.13
FCR,2026-09-06,3458,3187,92.16,80,2.31,81,2.34,46,1.33,7,0.2,57,1.65,2902,83.92
FCR,2026-09-07,3596,3295,91.63,83,2.31,106,2.95,45,1.25,7,0.19,60,1.67,3033,84.34
FCR,2026-09-08,3614,3321,91.89,90,2.49,90,2.49,42,1.16,14,0.39,57,1.58,3056,84.56
FCR,2026-09-09,3500,3182,90.91,85,2.43,108,3.09,48,1.37,18,0.51,59,1.69,2935,83.86
FCR,2026-09-10,3581,3292,91.93,69,1.93,99,2.76,36,1.01,21,0.59,64,1.79,3008,84
FCR,2026-09-11,3331,3002,90.12,82,2.46,132,3.96,34,1.02,25,0.75,56,1.68,2640,79.26
FCR,2026-09-12,3395,3070,90.43,72,2.12,113,3.33,40,1.18,42,1.24,58,1.71,2630,77.47
FCR,2026-09-13,3248,2961,91.16,68,2.09,84,2.59,37,1.14,21,0.65,77,2.37,2612,80.42
FCR,2026-09-14,3064,2819,92,53,1.73,62,2.02,49,1.6,12,0.39,69,2.25,2550,83.22
FCR,2026-09-15,3749,3362,89.68,92,2.45,106,2.83,60,1.6,23,0.61,106,2.83,3039,81.06
FCR,2026-09-16,3585,3253,90.74,77,2.15,105,2.93,44,1.23,17,0.47,89,2.48,2919,81.42
FCR,2026-09-17,4054,3664,90.38,89,2.2,102,2.52,39,0.96,26,0.64,134,3.31,3316,81.8
FCR,2026-09-18,3615,3252,89.96,83,2.3,72,1.99,40,1.11,44,1.22,124,3.43,2867,79.31
FCR,2026-09-19,3447,3124,90.63,66,1.91,51,1.48,43,1.25,39,1.13,124,3.6,2770,80.36
FCR,2026-09-20,3856,3517,91.21,67,1.74,64,1.66,38,0.99,41,1.06,129,3.35,3236,83.92
FCR,2026-09-21,3722,3401,91.38,64,1.72,42,1.13,34,0.91,37,0.99,144,3.87,3123,83.91
FCR,2026-09-22,3695,3288,88.99,73,1.98,41,1.11,41,1.11,88,2.38,164,4.44,3085,83.49
FCR,2026-09-23,3611,3189,88.31,72,1.99,25,0.69,56,1.55,71,1.97,198,5.48,2978,82.47
FCR,2026-09-24,3560,3043,85.48,82,2.3,11,0.31,59,1.66,114,3.2,251,7.05,2885,81.04
FCR,2026-09-25,3532,2832,80.18,63,1.78,10,0.28,39,1.1,234,6.63,354,10.02,2831,80.15
FCR,2026-09-26,3665,2459,67.09,59,1.61,1,0.03,58,1.58,484,13.21,604,16.48,2459,67.09
FEO,2026-08-31,1,1,100,0,0,0,0,0,0,0,0,0,0,0,0
FEO,2026-09-01,1,0,0,0,0,1,100,0,0,0,0,0,0,0,0
FEO,2026-09-05,1,1,100,0,0,0,0,0,0,0,0,0,0,1,100
FYV,2026-08-29,1,1,100,0,0,0,0,0,0,0,0,0,0,1,100
FYV,2026-08-31,1,1,100,0,0,0,0,0,0,0,0,0,0,1,100
FYV,2026-09-03,1,1,100,0,0,0,0,0,0,0,0,0,0,1,100
FYV,2026-09-07,2,2,100,0,0,0,0,0,0,0,0,0,0,2,100
FYV,2026-09-08,2,2,100,0,0,0,0,0,0,0,0,0,0,2,100
GFY,2026-09-08,2,1,50,0,0,0,0,1,50,0,0,0,0,1,50
GSL,2026-08-29,93,65,69.89,5,5.38,9,9.68,3,3.23,2,2.15,9,9.68,49,52.69
GSL,2026-08-30,37,15,40.54,7,18.92,8,21.62,1,2.7,1,2.7,5,13.51,10,27.03
GSL,2026-08-31,69,48,69.57,2,2.9,7,10.14,3,4.35,1,1.45,8,11.59,36,52.17
GSL,2026-09-01,44,36,81.82,1,2.27,4,9.09,2,4.55,0,0,1,2.27,25,56.82
GSL,2026-09-02,73,49,67.12,0,0,15,20.55,0,0,1,1.37,8,10.96,37,50.68
GSL,2026-09-03,49,43,87.76,1,2.04,3,6.12,1,2.04,0,0,1,2.04,31,63.27
GSL,2026-09-04,35,26,74.29,4,11.43,3,8.57,0,0,0,0,2,5.71,19,54.29
GSL,2026-09-05,41,35,85.37,2,4.88,2,4.88,0,0,0,0,2,4.88,23,56.1
GSL,2026-09-06,29,26,89.66,0,0,0,0,1,3.45,0,0,2,6.9,24,82.76
GSL,2026-09-07,61,47,77.05,4,6.56,2,3.28,1,1.64,0,0,7,11.48,42,68.85
GSL,2026-09-08,51,40,78.43,1,1.96,4,7.84,3,5.88,0,0,3,5.88,30,58.82
GSL,2026-09-09,72,60,83.33,0,0,4,5.56,0,0,2,2.78,6,8.33,47,65.28
GSL,2026-09-10,41,33,80.49,2,4.88,2,4.88,0,0,1,2.44,3,7.32,27,65.85
GSL,2026-09-11,103,86,83.5,3,2.91,5,4.85,5,4.85,2,1.94,2,1.94,64,62.14
GSL,2026-09-12,57,47,82.46,1,1.75,0,0,3,5.26,2,3.51,4,7.02,33,57.89
GSL,2026-09-13,31,28,90.32,1,3.23,2,6.45,0,0,0,0,0,0,15,48.39
GSL,2026-09-14,45,39,86.67,0,0,0,0,1,2.22,0,0,5,11.11,29,64.44
GSL,2026-09-15,92,70,76.09,4,4.35,6,6.52,0,0,4,4.35,8,8.7,60,65.22
GSL,2026-09-16,30,24,80,2,6.67,0,0,2,6.67,0,0,2,6.67,19,63.33
GSL,2026-09-17,18,15,83.33,1,5.56,2,11.11,0,0,0,0,0,0,9,50
GSL,2026-09-18,12,8,66.67,1,8.33,1,8.33,0,0,1,8.33,1,8.33,6,50
GSL,2026-09-19,16,15,93.75,0,0,0,0,0,0,0,0,1,6.25,13,81.25
GSL,2026-09-20,6,6,100,0,0,0,0,0,0,0,0,0,0,6,100
GSL,2026-09-21,17,14,82.35,1,5.88,1,5.88,0,0,0,0,1,5.88,11,64.71
GSL,2026-09-22,57,43,75.44,1,1.75,2,3.51,0,0,6,10.53,5,8.77,37,64.91
GSL,2026-09-23,49,34,69.39,3,6.12,0,0,0,0,5,10.2,7,14.29,28,57.14
GSL,2026-09-24,27,22,81.48,0,0,0,0,0,0,3,11.11,2,7.41,21,77.78
GSL,2026-09-25,30,21,70,1,3.33,0,0,0,0,3,10,5,16.67,21,70
GSL,2026-09-26,22,14,63.64,0,0,0,0,0,0,5,22.73,3,13.64,14,63.64
ILB,2026-08-29,21,15,71.43,0,0,3,14.29,0,0,0,0,3,14.29,10,47.62
ILB,2026-08-30,14,10,71.43,0,0,0,0,0,0,0,0,4,28.57,10,71.43
ILB,2026-08-31,17,12,70.59,0,0,2,11.76,0,0,0,0,3,17.65,11,64.71
ILB,2026-09-01,19,13,68.42,0,0,0,0,0,0,0,0,6,31.58,8,42.11
ILB,2026-09-02,32,24,75,0,0,0,0,1,3.13,0,0,7,21.88,19,59.38
ILB,2026-09-03,27,23,85.19,0,0,1,3.7,0,0,0,0,3,11.11,18,66.67
ILB,2026-09-04,16,13,81.25,0,0,1,6.25,0,0,0,0,2,12.5,11,68.75
ILB,2026-09-05,20,14,70,0,0,1,5,0,0,0,0,5,25,9,45
ILB,2026-09-06,18,11,61.11,0,0,0,0,1,5.56,0,0,6,33.33,8,44.44
ILB,2026-09-07,17,13,76.47,0,0,1,5.88,0,0,0,0,3,17.65,11,64.71
ILB,2026-09-08,23,19,82.61,0,0,0,0,1,4.35,0,0,3,13.04,16,69.57
ILB,2026-09-09,35,26,74.29,0,0,2,5.71,0,0,1,2.86,6,17.14,19,54.29
ILB,2026-09-10,27,22,81.48,0,0,1,3.7,1,3.7,0,0,3,11.11,15,55.56
ILB,2026-09-11,24,21,87.5,0,0,0,0,0,0,0,0,3,12.5,16,66.67
ILB,2026-09-12,15,11,73.33,0,0,1,6.67,0,0,0,0,3,20,8,53.33
ILB,2026-09-13,8,5,62.5,0,0,2,25,0,0,0,0,1,12.5,5,62.5
ILB,2026-09-14,5,5,100,0,0,0,0,0,0,0,0,0,0,3,60
ILB,2026-09-15,22,18,81.82,0,0,0,0,0,0,0,0,4,18.18,13,59.09
ILB,2026-09-16,41,33,80.49,0,0,2,4.88,0,0,2,4.88,4,9.76,24,58.54
ILB,2026-09-17,6,6,100,0,0,0,0,0,0,0,0,0,0,5,83.33
ILC,2026-09-22,1,0,0,0,0,0,0,0,0,0,0,1,100,0,0
ILI,2026-09-05,1,1,100,0,0,0,0,0,0,0,0,0,0,1,100
ILP,2026-09-22,1,0,0,0,0,0,0,0,0,0,0,1,100,0,0
ILS,2026-08-29,1,1,100,0,0,0,0,0,0,0,0,0,0,0,0
ILS,2026-08-31,3,3,100,0,0,0,0,0,0,0,0,0,0,3,100
ILS,2026-09-01,4,3,75,0,0,1,25,0,0,0,0,0,0,2,50
ILS,2026-09-02,4,3,75,0,0,1,25,0,0,0,0,0,0,1,25
ILS,2026-09-03,1,1,100,0,0,0,0,0,0,0,0,0,0,1,100
ILS,2026-09-05,2,1,50,0,0,1,50,0,0,0,0,0,0,1,50
ILS,2026-09-06,1,1,100,0,0,0,0,0,0,0,0,0,0,1,100
ILS,2026-09-07,6,4,66.67,0,0,2,33.33,0,0,0,0,0,0,4,66.67
ILS,2026-09-08,4,3,75,0,0,1,25,0,0,0,0,0,0,3,75
ILS,2026-09-11,1,0,0,0,0,0,0,0,0,1,100,0,0,0,0
ILS,2026-09-12,1,1,100,0,0,0,0,0,0,0,0,0,0,1,100
ILS,2026-09-14,2,2,100,0,0,0,0,0,0,0,0,0,0,2,100
ILS,2026-09-15,7,6,85.71,0,0,1,14.29,0,0,0,0,0,0,4,57.14
ILS,2026-09-16,3,2,66.67,0,0,0,0,1,33.33,0,0,0,0,2,66.67
ILS,2026-09-17,14,8,57.14,0,0,2,14.29,0,0,0,0,4,28.57,5,35.71
ILS,2026-09-18,18,11,61.11,0,0,2,11.11,1,5.56,3,16.67,1,5.56,10,55.56
ILS,2026-09-19,26,18,69.23,0,0,2,7.69,0,0,2,7.69,4,15.38,14,53.85
ILS,2026-09-20,10,6,60,0,0,2,20,1,10,0,0,1,10,6,60
ILS,2026-09-21,20,17,85,0,0,1,5,0,0,1,5,1,5,16,80
ILS,2026-09-22,21,19,90.48,0,0,1,4.76,0,0,1,4.76,0,0,18,85.71
ILS,2026-09-23,13,10,76.92,0,0,1,7.69,0,0,0,0,2,15.38,8,61.54
ILS,2026-09-24,29,16,55.17,0,0,0,0,0,0,5,17.24,8,27.59,16,55.17
ILS,2026-09-25,18,11,61.11,0,0,0,0,1,5.56,1,5.56,5,27.78,11,61.11
ILS,2026-09-26,22,6,27.27,0,0,0,0,0,0,6,27.27,10,45.45,6,27.27
INA,2026-09-02,1,0,0,0,0,0,0,1,100,0,0,0,0,0,0
INA,2026-09-04,2,0,0,1,50,1,50,0,0,0,0,0,0,0,0
INA,2026-09-05,4,0,0,0,0,4,100,0,0,0,0,0,0,0,0
INA,2026-09-06,1,0,0,0,0,1,100,0,0,0,0,0,0,0,0
INA,2026-09-07,2,0,0,0,0,1,50,0,0,0,0,1,50,0,0
INA,2026-09-08,1264,297,23.5,221,17.48,545,43.12,3,0.24,58,4.59,140,11.08,216,17.09
INA,2026-09-09,1584,335,21.15,274,17.3,681,42.99,4,0.25,99,6.25,191,12.06,250,15.78
INA,2026-09-10,1553,352,22.67,277,17.84,632,40.7,2,0.13,103,6.63,187,12.04,254,16.36
INA,2026-09-11,537,163,30.35,84,15.64,207,38.55,0,0,37,6.89,46,8.57,126,23.46
INA,2026-09-12,2647,552,20.85,424,16.02,1148,43.37,2,0.08,223,8.42,298,11.26,355,13.41
INA,2026-09-13,1798,424,23.58,257,14.29,684,38.04,20,1.11,144,8.01,269,14.96,301,16.74
INA,2026-09-14,397,100,25.19,65,16.37,148,37.28,5,1.26,31,7.81,48,12.09,69,17.38
JHA,2026-09-13,1,1,100,0,0,0,0,0,0,0,0,0,0,1,100
LGW,2026-08-29,93,61,65.59,5,5.38,19,20.43,0,0,8,8.6,0,0,0,0
LGW,2026-08-31,122,97,79.51,1,0.82,19,15.57,1,0.82,3,2.46,1,0.82,0,0
LGW,2026-09-01,92,69,75,4,4.35,14,15.22,0,0,5,5.43,0,0,0,0
LGW,2026-09-02,105,79,75.24,4,3.81,18,17.14,0,0,3,2.86,1,0.95,7,6.67
LGW,2026-09-03,112,86,76.79,1,0.89,19,16.96,0,0,6,5.36,0,0,0,0
LGW,2026-09-04,112,84,75,2,1.79,16,14.29,1,0.89,8,7.14,1,0.89,1,0.89
LGW,2026-09-05,68,48,70.59,0,0,14,20.59,0,0,5,7.35,1,1.47,0,0
LGW,2026-09-06,9,3,33.33,1,11.11,2,22.22,2,22.22,1,11.11,0,0,0,0
LGW,2026-09-07,71,52,73.24,1,1.41,14,19.72,0,0,4,5.63,0,0,0,0
LGW,2026-09-08,90,78,86.67,2,2.22,5,5.56,0,0,3,3.33,2,2.22,3,3.33
LGW,2026-09-09,90,76,84.44,0,0,7,7.78,0,0,2,2.22,5,5.56,4,4.44
LGW,2026-09-10,71,55,77.46,0,0,8,11.27,0,0,5,7.04,3,4.23,2,2.82
LGW,2026-09-11,75,53,70.67,1,1.33,11,14.67,5,6.67,3,4,2,2.67,3,4
LGW,2026-09-12,102,77,75.49,4,3.92,12,11.76,0,0,6,5.88,3,2.94,0,0
LGW,2026-09-14,91,66,72.53,4,4.4,14,15.38,1,1.1,4,4.4,2,2.2,0,0
LGW,2026-09-15,37,30,81.08,1,2.7,1,2.7,0,0,3,8.11,2,5.41,4,10.81
LGW,2026-09-16,86,60,69.77,0,0,4,4.65,1,1.16,14,16.28,7,8.14,0,0
LGW,2026-09-17,68,33,48.53,0,0,6,8.82,1,1.47,20,29.41,8,11.76,0,0
LGW,2026-09-18,95,20,21.05,0,0,12,12.63,0,0,52,54.74,11,11.58,3,3.16
LGW,2026-09-19,1,0,0,0,0,0,0,0,0,1,100,0,0,0,0
LGW,2026-09-21,97,13,13.4,0,0,1,1.03,0,0,78,80.41,5,5.15,0,0
LGW,2026-09-22,3,0,0,0,0,0,0,0,0,0,0,3,100,0,0
LGW,2026-09-23,162,46,28.4,0,0,10,6.17,0,0,80,49.38,26,16.05,41,25.31
LGW,2026-09-24,74,2,2.7,0,0,0,0,0,0,71,95.95,1,1.35,2,2.7
LGW,2026-09-25,121,0,0,0,0,0,0,0,0,121,100,0,0,0,0
LGW,2026-09-26,128,1,0.78,0,0,0,0,0,0,127,99.22,0,0,1,0.78
LHL,2026-08-29,9,8,88.89,0,0,1,11.11,0,0,0,0,0,0,6,66.67
LHL,2026-08-30,10,10,100,0,0,0,0,0,0,0,0,0,0,9,90
LHL,2026-08-31,14,13,92.86,0,0,1,7.14,0,0,0,0,0,0,11,78.57
LHL,2026-09-01,14,14,100,0,0,0,0,0,0,0,0,0,0,12,85.71
LHL,2026-09-02,8,8,100,0,0,0,0,0,0,0,0,0,0,3,37.5
LHL,2026-09-03,10,10,100,0,0,0,0,0,0,0,0,0,0,9,90
LHL,2026-09-04,9,9,100,0,0,0,0,0,0,0,0,0,0,8,88.89
LHL,2026-09-05,7,7,100,0,0,0,0,0,0,0,0,0,0,6,85.71
LHL,2026-09-06,19,18,94.74,0,0,1,5.26,0,0,0,0,0,0,15,78.95
LHL,2026-09-07,18,18,100,0,0,0,0,0,0,0,0,0,0,17,94.44
LHL,2026-09-08,15,14,93.33,0,0,1,6.67,0,0,0,0,0,0,12,80
LHL,2026-09-09,18,16,88.89,0,0,1,5.56,0,0,0,0,1,5.56,9,50
LHL,2026-09-10,9,9,100,0,0,0,0,0,0,0,0,0,0,8,88.89
LHL,2026-09-11,6,5,83.33,0,0,1,16.67,0,0,0,0,0,0,0,0
LHL,2026-09-12,5,5,100,0,0,0,0,0,0,0,0,0,0,4,80
LHL,2026-09-13,7,7,100,0,0,0,0,0,0,0,0,0,0,5,71.43
LHL,2026-09-14,11,11,100,0,0,0,0,0,0,0,0,0,0,9,81.82
LHL,2026-09-15,4,3,75,1,25,0,0,0,0,0,0,0,0,3,75
LHL,2026-09-16,12,11,91.67,0,0,0,0,0,0,1,8.33,0,0,8,66.67
LHL,2026-09-17,7,7,100,0,0,0,0,0,0,0,0,0,0,5,71.43
LHL,2026-09-18,2,2,100,0,0,0,0,0,0,0,0,0,0,2,100
LHL,2026-09-19,5,5,100,0,0,0,0,0,0,0,0,0,0,5,100
LHL,2026-09-20,11,11,100,0,0,0,0,0,0,0,0,0,0,8,72.73
LHL,2026-09-21,8,7,87.5,0,0,0,0,0,0,0,0,1,12.5,6,75
LHL,2026-09-22,16,13,81.25,0,0,2,12.5,0,0,0,0,1,6.25,11,68.75
LHL,2026-09-23,5,3,60,0,0,0,0,0,0,2,40,0,0,3,60
LHL,2026-09-24,10,8,80,0,0,0,0,0,0,1,10,1,10,7,70
LHL,2026-09-25,7,6,85.71,0,0,0,0,0,0,0,0,1,14.29,6,85.71
LHL,2026-09-26,8,2,25,0,0,0,0,0,0,1,12.5,5,62.5,2,25
LIV,2026-08-29,204,191,93.63,3,1.47,4,1.96,2,0.98,1,0.49,3,1.47,161,78.92
LIV,2026-08-30,181,169,93.37,5,2.76,3,1.66,1,0.55,1,0.55,2,1.1,160,88.4
LIV,2026-08-31,285,267,93.68,3,1.05,8,2.81,0,0,2,0.7,5,1.75,239,83.86
LIV,2026-09-01,202,177,87.62,7,3.47,10,4.95,1,0.5,4,1.98,3,1.49,162,80.2
LIV,2026-09-02,220,202,91.82,4,1.82,8,3.64,0,0,0,0,6,2.73,183,83.18
LIV,2026-09-03,224,206,91.96,5,2.23,6,2.68,0,0,1,0.45,6,2.68,185,82.59
LIV,2026-09-11,170,159,93.53,2,1.18,5,2.94,0,0,2,1.18,2,1.18,124,72.94
LIV,2026-09-12,512,452,88.28,19,3.71,5,0.98,0,0,3,0.59,33,6.45,367,71.68
LIV,2026-09-13,374,341,91.18,20,5.35,1,0.27,0,0,0,0,12,3.21,244,65.24
LIV,2026-09-14,450,411,91.33,5,1.11,1,0.22,0,0,4,0.89,29,6.44,356,79.11
LIV,2026-09-15,573,513,89.53,9,1.57,5,0.87,0,0,6,1.05,40,6.98,423,73.82
LIV,2026-09-16,429,369,86.01,9,2.1,5,1.17,0,0,4,0.93,42,9.79,309,72.03
LIV,2026-09-17,548,494,90.15,9,1.64,4,0.73,0,0,3,0.55,38,6.93,438,79.93
LIV,2026-09-18,503,444,88.27,8,1.59,9,1.79,0,0,9,1.79,33,6.56,356,70.78
LIV,2026-09-19,462,400,86.58,7,1.52,5,1.08,0,0,10,2.16,40,8.66,331,71.65
LIV,2026-09-20,411,368,89.54,3,0.73,3,0.73,1,0.24,12,2.92,24,5.84,319,77.62
LIV,2026-09-21,544,468,86.03,6,1.1,3,0.55,0,0,10,1.84,57,10.48,419,77.02
LIV,2026-09-22,450,356,79.11,8,1.78,2,0.44,1,0.22,23,5.11,60,13.33,334,74.22
LIV,2026-09-23,539,440,81.63,7,1.3,1,0.19,2,0.37,31,5.75,58,10.76,401,74.4
LIV,2026-09-24,518,400,77.22,6,1.16,2,0.39,2,0.39,35,6.76,73,14.09,371,71.62
LIV,2026-09-25,385,270,70.13,8,2.08,1,0.26,0,0,50,12.99,56,14.55,270,70.13
LIV,2026-09-26,480,259,53.96,3,0.63,0,0,0,0,123,25.63,95,19.79,259,53.96
LKS,2026-08-29,698,522,74.79,27,3.87,78,11.17,38,5.44,19,2.72,14,2.01,450,64.47
LKS,2026-08-30,667,509,76.31,31,4.65,65,9.75,34,5.1,13,1.95,15,2.25,463,69.42
LKS,2026-08-31,782,584,74.68,35,4.48,68,8.7,58,7.42,18,2.3,19,2.43,542,69.31
LKS,2026-09-01,664,489,73.64,17,2.56,65,9.79,58,8.73,10,1.51,25,3.77,459,69.13
LKS,2026-09-02,704,525,74.57,34,4.83,54,7.67,38,5.4,33,4.69,20,2.84,495,70.31
LKS,2026-09-03,607,432,71.17,22,3.62,56,9.23,40,6.59,29,4.78,28,4.61,398,65.57
LKS,2026-09-04,637,462,72.53,28,4.4,51,8.01,36,5.65,20,3.14,40,6.28,414,64.99
LKS,2026-09-05,593,449,75.72,23,3.88,41,6.91,39,6.58,10,1.69,31,5.23,421,70.99
LKS,2026-09-06,606,453,74.75,20,3.3,39,6.44,63,10.4,1,0.17,30,4.95,431,71.12
LKS,2026-09-07,667,493,73.91,26,3.9,40,6,84,12.59,2,0.3,22,3.3,469,70.31
LKS,2026-09-08,730,531,72.74,14,1.92,66,9.04,73,10,1,0.14,45,6.16,499,68.36
LKS,2026-09-09,582,429,73.71,23,3.95,45,7.73,53,9.11,6,1.03,26,4.47,404,69.42
LKS,2026-09-10,648,470,72.53,22,3.4,66,10.19,40,6.17,23,3.55,27,4.17,418,64.51
LKS,2026-09-11,587,412,70.19,22,3.75,52,8.86,39,6.64,30,5.11,32,5.45,379,64.57
LKS,2026-09-12,602,446,74.09,21,3.49,44,7.31,39,6.48,27,4.49,25,4.15,408,67.77
LKS,2026-09-13,596,423,70.97,26,4.36,43,7.21,72,12.08,1,0.17,31,5.2,392,65.77
LKS,2026-09-14,638,450,70.53,21,3.29,58,9.09,39,6.11,19,2.98,51,7.99,412,64.58
LKS,2026-09-15,646,475,73.53,14,2.17,48,7.43,38,5.88,21,3.25,50,7.74,443,68.58
LKS,2026-09-16,691,504,72.94,20,2.89,53,7.67,71,10.27,5,0.72,38,5.5,459,66.43
LKS,2026-09-17,604,457,75.66,12,1.99,39,6.46,48,7.95,16,2.65,32,5.3,415,68.71
LKS,2026-09-18,636,509,80.03,15,2.36,34,5.35,34,5.35,12,1.89,32,5.03,443,69.65
LKS,2026-09-19,610,461,75.57,18,2.95,36,5.9,45,7.38,15,2.46,35,5.74,411,67.38
LKS,2026-09-20,534,401,75.09,14,2.62,36,6.74,47,8.8,12,2.25,24,4.49,375,70.22
LKS,2026-09-21,652,500,76.69,18,2.76,38,5.83,50,7.67,9,1.38,37,5.67,447,68.56
LKS,2026-09-22,676,518,76.63,23,3.4,35,5.18,50,7.4,9,1.33,41,6.07,466,68.93
LKS,2026-09-23,579,439,75.82,11,1.9,17,2.94,53,9.15,17,2.94,42,7.25,402,69.43
LKS,2026-09-24,569,378,66.43,18,3.16,10,1.76,64,11.25,29,5.1,70,12.3,358,62.92
LKS,2026-09-25,585,381,65.13,8,1.37,1,0.17,73,12.48,41,7.01,81,13.85,381,65.13
LKS,2026-09-26,492,262,53.25,7,1.42,0,0,61,12.4,62,12.6,100,20.33,262,53.25
LMR,2026-08-29,741,597,80.57,58,7.83,62,8.37,7,0.94,12,1.62,5,0.67,475,64.1
LMR,2026-08-30,732,605,82.65,60,8.2,48,6.56,7,0.96,8,1.09,4,0.55,530,72.4
LMR,2026-08-31,802,656,81.8,67,8.35,53,6.61,5,0.62,14,1.75,7,0.87,572,71.32
LMR,2026-09-01,802,664,82.79,60,7.48,47,5.86,7,0.87,17,2.12,7,0.87,581,72.44
LMR,2026-09-02,771,645,83.66,68,8.82,44,5.71,6,0.78,4,0.52,4,0.52,542,70.3
LMR,2026-09-03,730,614,84.11,57,7.81,49,6.71,3,0.41,5,0.68,2,0.27,498,68.22
LMR,2026-09-04,680,571,83.97,49,7.21,44,6.47,12,1.76,2,0.29,2,0.29,446,65.59
LMR,2026-09-05,657,575,87.52,26,3.96,47,7.15,5,0.76,4,0.61,0,0,476,72.45
LMR,2026-09-06,617,529,85.74,31,5.02,46,7.46,6,0.97,2,0.32,3,0.49,451,73.1
LMR,2026-09-07,680,612,90,24,3.53,35,5.15,4,0.59,4,0.59,1,0.15,502,73.82
LMR,2026-09-08,868,710,81.8,64,7.37,76,8.76,8,0.92,6,0.69,4,0.46,609,70.16
LMR,2026-09-09,819,682,83.27,50,6.11,58,7.08,7,0.85,14,1.71,8,0.98,579,70.7
LMR,2026-09-10,777,636,81.85,55,7.08,65,8.37,4,0.51,13,1.67,4,0.51,544,70.01
LMR,2026-09-11,850,686,80.71,85,10,54,6.35,7,0.82,14,1.65,4,0.47,564,66.35
LMR,2026-09-12,793,627,79.07,68,8.58,61,7.69,9,1.13,21,2.65,7,0.88,486,61.29
LMR,2026-09-13,708,595,84.04,47,6.64,51,7.2,7,0.99,8,1.13,0,0,494,69.77
LMR,2026-09-14,775,611,78.84,70,9.03,62,8,8,1.03,17,2.19,7,0.9,518,66.84
LMR,2026-09-15,758,602,79.42,59,7.78,58,7.65,6,0.79,23,3.03,10,1.32,527,69.53
LMR,2026-09-16,804,665,82.71,60,7.46,41,5.1,3,0.37,14,1.74,21,2.61,556,69.15
LMR,2026-09-17,782,646,82.61,52,6.65,28,3.58,3,0.38,13,1.66,40,5.12,566,72.38
LMR,2026-09-18,709,573,80.82,56,7.9,23,3.24,7,0.99,14,1.97,36,5.08,485,68.41
LMR,2026-09-19,738,568,76.96,70,9.49,23,3.12,6,0.81,18,2.44,53,7.18,469,63.55
LMR,2026-09-20,671,538,80.18,53,7.9,22,3.28,8,1.19,11,1.64,39,5.81,475,70.79
LMR,2026-09-21,734,572,77.93,64,8.72,17,2.32,13,1.77,13,1.77,55,7.49,506,68.94
LMR,2026-09-22,759,562,74.04,48,6.32,13,1.71,11,1.45,42,5.53,83,10.94,496,65.35
LMR,2026-09-23,733,546,74.49,54,7.37,10,1.36,16,2.18,35,4.77,72,9.82,484,66.03
LMR,2026-09-24,729,507,69.55,61,8.37,2,0.27,16,2.19,60,8.23,83,11.39,475,65.16
LMR,2026-09-25,763,467,61.21,51,6.68,1,0.13,11,1.44,104,13.63,129,16.91,467,61.21
LMR,2026-09-26,707,353,49.93,43,6.08,0,0,10,1.41,161,22.77,140,19.8,353,49.93
LON,2026-09-16,2,0,0,0,0,0,0,1,50,0,0,1,50,0,0
LON,2026-09-21,2,0,0,0,0,0,0,2,100,0,0,0,0,0,0
LON,2026-09-22,2,0,0,0,0,0,0,2,100,0,0,0,0,0,0
LON,2026-09-23,2,0,0,0,0,0,0,1,50,1,50,0,0,0,0
LUA,2026-08-29,29,23,79.31,1,3.45,2,6.9,0,0,0,0,3,10.34,18,62.07
LUA,2026-08-30,5,5,100,0,0,0,0,0,0,0,0,0,0,3,60
LUA,2026-08-31,134,59,44.03,1,0.75,36,26.87,7,5.22,3,2.24,28,20.9,49,36.57
LUA,2026-09-01,85,31,36.47,4,4.71,39,45.88,0,0,0,0,11,12.94,26,30.59
LUA,2026-09-02,38,27,71.05,1,2.63,5,13.16,2,5.26,2,5.26,1,2.63,20,52.63
LUA,2026-09-03,161,74,45.96,2,1.24,56,34.78,2,1.24,1,0.62,26,16.15,54,33.54
LUA,2026-09-04,73,30,41.1,0,0,19,26.03,1,1.37,1,1.37,22,30.14,22,30.14
LUA,2026-09-05,50,28,56,0,0,11,22,0,0,2,4,9,18,22,44
LUA,2026-09-06,102,34,33.33,0,0,35,34.31,1,0.98,1,0.98,31,30.39,25,24.51
LUA,2026-09-07,68,49,72.06,0,0,1,1.47,13,19.12,0,0,5,7.35,38,55.88
LUA,2026-09-08,87,37,42.53,0,0,21,24.14,8,9.2,2,2.3,19,21.84,26,29.89
LUA,2026-09-09,117,61,52.14,0,0,17,14.53,7,5.98,4,3.42,28,23.93,42,35.9
LUA,2026-09-10,114,34,29.82,0,0,35,30.7,0,0,6,5.26,39,34.21,22,19.3
LUA,2026-09-11,39,18,46.15,0,0,8,20.51,1,2.56,4,10.26,8,20.51,11,28.21
LUA,2026-09-12,63,50,79.37,1,1.59,7,11.11,0,0,2,3.17,3,4.76,36,57.14
LUA,2026-09-13,138,30,21.74,1,0.72,54,39.13,1,0.72,4,2.9,48,34.78,20,14.49
LUA,2026-09-14,133,50,37.59,0,0,34,25.56,2,1.5,5,3.76,42,31.58,41,30.83
LUA,2026-09-15,42,24,57.14,0,0,5,11.9,1,2.38,1,2.38,11,26.19,16,38.1
LUA,2026-09-16,76,37,48.68,1,1.32,13,17.11,1,1.32,6,7.89,18,23.68,31,40.79
LUA,2026-09-17,60,34,56.67,0,0,9,15,1,1.67,6,10,10,16.67,25,41.67
LUA,2026-09-18,248,53,21.37,1,0.4,89,35.89,0,0,4,1.61,101,40.73,40,16.13
LUA,2026-09-19,389,94,24.16,1,0.26,113,29.05,22,5.66,8,2.06,151,38.82,69,17.74
LUA,2026-09-20,12,10,83.33,1,8.33,0,0,1,8.33,0,0,0,0,10,83.33
LUA,2026-09-21,232,72,31.03,0,0,71,30.6,6,2.59,7,3.02,76,32.76,58,25
LUA,2026-09-22,48,22,45.83,0,0,8,16.67,4,8.33,3,6.25,11,22.92,22,45.83
LUA,2026-09-23,134,48,35.82,0,0,26,19.4,3,2.24,11,8.21,46,34.33,41,30.6
LUA,2026-09-24,133,35,26.32,0,0,14,10.53,13,9.77,5,3.76,66,49.62,27,20.3
LUA,2026-09-25,64,22,34.38,0,0,0,0,1,1.56,11,17.19,30,46.88,21,32.81
LUA,2026-09-26,56,21,37.5,1,1.79,0,0,0,0,16,28.57,18,32.14,21,37.5
LUS,2026-09-01,2,2,100,0,0,0,0,0,0,0,0,0,0,2,100
LUS,2026-09-02,1,1,100,0,0,0,0,0,0,0,0,0,0,0,0
LUS,2026-09-03,1,1,100,0,0,0,0,0,0,0,0,0,0,1,100
LUS,2026-09-07,2,2,100,0,0,0,0,0,0,0,0,0,0,2,100
LUS,2026-09-08,3,3,100,0,0,0,0,0,0,0,0,0,0,2,66.67
LUS,2026-09-15,5,5,100,0,0,0,0,0,0,0,0,0,0,4,80
LUS,2026-09-17,2,1,50,0,0,0,0,0,0,0,0,1,50,1,50
LUS,2026-09-23,3,3,100,0,0,0,0,0,0,0,0,0,0,2,66.67
MAX,2026-08-29,75,70,93.33,0,0,1,1.33,0,0,0,0,4,5.33,57,76
MAX,2026-08-30,36,35,97.22,0,0,0,0,0,0,0,0,1,2.78,32,88.89
MAX,2026-08-31,53,50,94.34,0,0,3,5.66,0,0,0,0,0,0,46,86.79
MAX,2026-09-01,30,27,90,0,0,0,0,0,0,0,0,3,10,24,80
MAX,2026-09-02,29,26,89.66,0,0,3,10.34,0,0,0,0,0,0,24,82.76
MAX,2026-09-03,22,22,100,0,0,0,0,0,0,0,0,0,0,17,77.27
MAX,2026-09-04,16,16,100,0,0,0,0,0,0,0,0,0,0,12,75
MAX,2026-09-05,34,32,94.12,0,0,2,5.88,0,0,0,0,0,0,28,82.35
MAX,2026-09-06,37,36,97.3,0,0,1,2.7,0,0,0,0,0,0,32,86.49
MAX,2026-09-07,44,41,93.18,0,0,2,4.55,0,0,0,0,1,2.27,38,86.36
MAX,2026-09-08,52,50,96.15,0,0,1,1.92,0,0,0,0,1,1.92,39,75
MAX,2026-09-09,52,52,100,0,0,0,0,0,0,0,0,0,0,36,69.23
MAX,2026-09-10,50,45,90,0,0,3,6,0,0,0,0,2,4,34,68
MAX,2026-09-11,45,40,88.89,0,0,3,6.67,0,0,0,0,2,4.44,36,80
MAX,2026-09-12,47,46,97.87,0,0,0,0,0,0,0,0,1,2.13,36,76.6
MAX,2026-09-13,51,50,98.04,0,0,0,0,0,0,0,0,1,1.96,46,90.2
MAX,2026-09-14,44,43,97.73,0,0,0,0,0,0,0,0,1,2.27,39,88.64
MAX,2026-09-15,34,33,97.06,0,0,0,0,0,0,0,0,1,2.94,31,91.18
MAX,2026-09-16,62,56,90.32,0,0,1,1.61,0,0,0,0,5,8.06,54,87.1
MAX,2026-09-17,58,49,84.48,0,0,4,6.9,0,0,0,0,5,8.62,43,74.14
MAX,2026-09-18,38,30,78.95,0,0,1,2.63,0,0,0,0,7,18.42,24,63.16
MAX,2026-09-19,33,32,96.97,0,0,0,0,0,0,0,0,1,3.03,25,75.76
MAX,2026-09-20,35,31,88.57,0,0,1,2.86,0,0,0,0,3,8.57,27,77.14
MAX,2026-09-21,40,38,95,0,0,0,0,0,0,1,2.5,1,2.5,35,87.5
MAX,2026-09-22,32,27,84.38,0,0,2,6.25,0,0,0,0,3,9.38,22,68.75
MAX,2026-09-23,25,22,88,0,0,0,0,0,0,0,0,3,12,20,80
MAX,2026-09-24,22,17,77.27,0,0,0,0,0,0,1,4.55,4,18.18,17,77.27
MAX,2026-09-25,53,37,69.81,0,0,0,0,0,0,5,9.43,11,20.75,37,69.81
MAX,2026-09-26,84,42,50,0,0,0,0,0,0,13,15.48,29,34.52,42,50
MDG,2026-08-29,68,54,79.41,1,1.47,9,13.24,0,0,4,5.88,0,0,47,69.12
MDG,2026-08-30,118,89,75.42,2,1.69,12,10.17,0,0,12,10.17,3,2.54,81,68.64
MDG,2026-08-31,178,129,72.47,3,1.69,20,11.24,1,0.56,20,11.24,5,2.81,115,64.61
MDG,2026-09-01,205,156,76.1,3,1.46,25,12.2,0,0,16,7.8,5,2.44,146,71.22
MDG,2026-09-02,193,137,70.98,5,2.59,20,10.36,0,0,20,10.36,11,5.7,127,65.8
MDG,2026-09-03,185,137,74.05,1,0.54,20,10.81,0,0,23,12.43,4,2.16,125,67.57
MDG,2026-09-04,105,83,79.05,4,3.81,9,8.57,0,0,8,7.62,1,0.95,67,63.81
MDG,2026-09-05,137,108,78.83,4,2.92,13,9.49,0,0,7,5.11,5,3.65,100,72.99
MDG,2026-09-06,98,84,85.71,0,0,9,9.18,0,0,2,2.04,3,3.06,76,77.55
MDG,2026-09-07,195,150,76.92,4,2.05,20,10.26,1,0.51,15,7.69,5,2.56,127,65.13
MDG,2026-09-08,104,81,77.88,1,0.96,9,8.65,0,0,9,8.65,4,3.85,73,70.19
MDG,2026-09-09,117,91,77.78,2,1.71,8,6.84,0,0,12,10.26,4,3.42,76,64.96
MDG,2026-09-10,114,79,69.3,3,2.63,8,7.02,0,0,21,18.42,3,2.63,74,64.91
MDG,2026-09-11,163,130,79.75,2,1.23,15,9.2,0,0,12,7.36,4,2.45,119,73.01
MDG,2026-09-12,133,105,78.95,2,1.5,12,9.02,2,1.5,11,8.27,1,0.75,82,61.65
MDG,2026-09-13,73,60,82.19,0,0,5,6.85,1,1.37,6,8.22,1,1.37,49,67.12
MDG,2026-09-14,107,81,75.7,1,0.93,14,13.08,1,0.93,6,5.61,4,3.74,72,67.29
MDG,2026-09-15,110,88,80,1,0.91,11,10,1,0.91,4,3.64,5,4.55,83,75.45
MDG,2026-09-16,156,131,83.97,0,0,15,9.62,3,1.92,6,3.85,1,0.64,117,75
MDG,2026-09-17,123,93,75.61,2,1.63,8,6.5,2,1.63,13,10.57,5,4.07,84,68.29
MDG,2026-09-18,137,108,78.83,1,0.73,12,8.76,2,1.46,9,6.57,5,3.65,82,59.85
MDG,2026-09-19,127,106,83.46,1,0.79,10,7.87,2,1.57,7,5.51,1,0.79,88,69.29
MDG,2026-09-20,85,64,75.29,0,0,6,7.06,1,1.18,4,4.71,10,11.76,53,62.35
MDG,2026-09-21,178,153,85.96,2,1.12,8,4.49,1,0.56,6,3.37,8,4.49,127,71.35
MDG,2026-09-22,142,109,76.76,0,0,8,5.63,2,1.41,10,7.04,13,9.15,98,69.01
MDG,2026-09-23,151,120,79.47,2,1.32,3,1.99,2,1.32,5,3.31,19,12.58,111,73.51
MDG,2026-09-24,108,80,74.07,0,0,0,0,0,0,8,7.41,20,18.52,76,70.37
MDG,2026-09-25,107,78,72.9,1,0.93,1,0.93,0,0,7,6.54,20,18.69,78,72.9
MJH,2026-08-29,1,1,100,0,0,0,0,0,0,0,0,0,0,1,100
MJH,2026-09-20,1,1,100,0,0,0,0,0,0,0,0,0,0,1,100
MJH,2026-09-25,1,1,100,0,0,0,0,0,0,0,0,0,0,1,100
MPG,2026-09-17,1,0,0,0,0,0,0,0,0,0,0,1,100,0,0
MPG,2026-09-22,1,0,0,0,0,0,0,0,0,0,0,1,100,0,0
MVK,2026-09-01,4,0,0,0,0,3,75,0,0,0,0,1,25,0,0
MWR,2026-08-31,35,23,65.71,0,0,11,31.43,0,0,0,0,1,2.86,20,57.14
MWR,2026-09-01,17,16,94.12,0,0,0,0,0,0,0,0,1,5.88,12,70.59
MWR,2026-09-02,8,6,75,0,0,2,25,0,0,0,0,0,0,5,62.5
MWR,2026-09-03,19,19,100,0,0,0,0,0,0,0,0,0,0,9,47.37
MWR,2026-09-04,20,10,50,0,0,8,40,1,5,0,0,1,5,5,25
MWR,2026-09-05,7,5,71.43,0,0,1,14.29,0,0,0,0,1,14.29,4,57.14
MWR,2026-09-07,19,15,78.95,0,0,4,21.05,0,0,0,0,0,0,12,63.16
MWR,2026-09-08,10,9,90,0,0,0,0,1,10,0,0,0,0,4,40
MWR,2026-09-09,3,3,100,0,0,0,0,0,0,0,0,0,0,1,33.33
MWR,2026-09-10,21,13,61.9,0,0,3,14.29,0,0,0,0,5,23.81,11,52.38
MWR,2026-09-11,53,25,47.17,0,0,13,24.53,1,1.89,2,3.77,12,22.64,16,30.19
MWR,2026-09-12,1,1,100,0,0,0,0,0,0,0,0,0,0,0,0
MWR,2026-09-15,23,15,65.22,0,0,1,4.35,1,4.35,1,4.35,5,21.74,12,52.17
MWR,2026-09-16,31,23,74.19,0,0,3,9.68,0,0,0,0,5,16.13,14,45.16
MWR,2026-09-17,36,18,50,0,0,7,19.44,0,0,1,2.78,10,27.78,11,30.56
MWR,2026-09-18,10,8,80,0,0,2,20,0,0,0,0,0,0,2,20
MWR,2026-09-19,3,2,66.67,0,0,0,0,0,0,1,33.33,0,0,2,66.67
MWR,2026-09-20,13,7,53.85,0,0,1,7.69,0,0,1,7.69,4,30.77,5,38.46
MWR,2026-09-21,6,5,83.33,0,0,0,0,0,0,0,0,1,16.67,3,50
MWR,2026-09-22,32,14,43.75,0,0,2,6.25,0,0,1,3.13,15,46.88,11,34.38
MWR,2026-09-23,11,7,63.64,0,0,1,9.09,0,0,2,18.18,1,9.09,5,45.45
MWR,2026-09-24,2,1,50,0,0,0,0,0,0,0,0,1,50,1,50
MWR,2026-09-25,34,16,47.06,0,0,0,0,1,2.94,3,8.82,14,41.18,16,47.06
MWR,2026-09-26,52,8,15.38,0,0,0,0,0,0,17,32.69,27,51.92,8,15.38
NAP,2026-08-29,79,56,70.89,0,0,16,20.25,1,1.27,0,0,6,7.59,45,56.96
NAP,2026-08-30,48,37,77.08,0,0,7,14.58,0,0,0,0,4,8.33,30,62.5
NAP,2026-08-31,49,39,79.59,0,0,6,12.24,0,0,2,4.08,2,4.08,33,67.35
NAP,2026-09-01,67,50,74.63,0,0,12,17.91,0,0,1,1.49,4,5.97,39,58.21
NAP,2026-09-02,67,43,64.18,0,0,17,25.37,0,0,0,0,7,10.45,38,56.72
NAP,2026-09-03,80,61,76.25,0,0,16,20,0,0,1,1.25,2,2.5,50,62.5
NAP,2026-09-04,50,36,72,0,0,8,16,0,0,1,2,5,10,25,50
NAP,2026-09-05,78,49,62.82,0,0,20,25.64,0,0,2,2.56,7,8.97,40,51.28
NAP,2026-09-06,58,43,74.14,0,0,7,12.07,0,0,0,0,8,13.79,30,51.72
NAP,2026-09-07,62,46,74.19,0,0,9,14.52,0,0,0,0,7,11.29,39,62.9
NAP,2026-09-08,57,47,82.46,0,0,5,8.77,0,0,0,0,5,8.77,35,61.4
NAP,2026-09-09,68,47,69.12,0,0,11,16.18,0,0,1,1.47,9,13.24,34,50
NAP,2026-09-10,51,36,70.59,0,0,4,7.84,0,0,0,0,11,21.57,30,58.82
NAP,2026-09-11,46,35,76.09,0,0,6,13.04,0,0,0,0,5,10.87,24,52.17
NAP,2026-09-12,64,47,73.44,0,0,8,12.5,1,1.56,1,1.56,7,10.94,33,51.56
NAP,2026-09-13,42,36,85.71,0,0,0,0,0,0,1,2.38,5,11.9,32,76.19
NAP,2026-09-14,53,30,56.6,0,0,7,13.21,0,0,3,5.66,13,24.53,24,45.28
NAP,2026-09-15,73,59,80.82,0,0,1,1.37,0,0,2,2.74,11,15.07,47,64.38
NAP,2026-09-16,45,36,80,0,0,2,4.44,0,0,3,6.67,4,8.89,31,68.89
NAP,2026-09-17,70,52,74.29,0,0,4,5.71,0,0,4,5.71,10,14.29,41,58.57
NAP,2026-09-18,48,36,75,0,0,5,10.42,0,0,0,0,7,14.58,28,58.33
NAP,2026-09-19,57,41,71.93,0,0,7,12.28,0,0,0,0,9,15.79,32,56.14
NAP,2026-09-20,48,34,70.83,0,0,4,8.33,0,0,0,0,10,20.83,29,60.42
NAP,2026-09-21,73,46,63.01,0,0,6,8.22,1,1.37,5,6.85,15,20.55,37,50.68
NAP,2026-09-22,69,53,76.81,0,0,3,4.35,0,0,1,1.45,12,17.39,47,68.12
NAP,2026-09-23,55,32,58.18,0,0,3,5.45,0,0,4,7.27,16,29.09,29,52.73
NAP,2026-09-24,39,25,64.1,0,0,1,2.56,0,0,6,15.38,7,17.95,23,58.97
NAP,2026-09-25,51,29,56.86,0,0,0,0,0,0,8,15.69,14,27.45,29,56.86
NAP,2026-09-26,47,16,34.04,0,0,0,0,0,0,16,34.04,15,31.91,16,34.04
NME,2026-08-29,346,317,91.62,6,1.73,13,3.76,0,0,1,0.29,9,2.6,254,73.41
NME,2026-08-30,344,317,92.15,6,1.74,15,4.36,0,0,1,0.29,5,1.45,248,72.09
NME,2026-08-31,348,313,89.94,12,3.45,19,5.46,0,0,0,0,4,1.15,255,73.28
NME,2026-09-01,328,282,85.98,12,3.66,29,8.84,0,0,0,0,5,1.52,226,68.9
NME,2026-09-02,238,204,85.71,5,2.1,23,9.66,0,0,2,0.84,4,1.68,167,70.17
NME,2026-09-03,216,190,87.96,6,2.78,14,6.48,0,0,1,0.46,5,2.31,149,68.98
NME,2026-09-04,215,185,86.05,5,2.33,10,4.65,0,0,3,1.4,12,5.58,137,63.72
NME,2026-09-05,210,191,90.95,7,3.33,6,2.86,0,0,0,0,6,2.86,149,70.95
NME,2026-09-06,287,248,86.41,11,3.83,16,5.57,0,0,1,0.35,11,3.83,203,70.73
NME,2026-09-07,303,277,91.42,7,2.31,9,2.97,0,0,0,0,10,3.3,234,77.23
NME,2026-09-08,303,276,91.09,6,1.98,12,3.96,0,0,1,0.33,8,2.64,236,77.89
NME,2026-09-09,248,232,93.55,1,0.4,6,2.42,2,0.81,3,1.21,4,1.61,189,76.21
NME,2026-09-10,232,216,93.1,3,1.29,9,3.88,0,0,1,0.43,3,1.29,175,75.43
NME,2026-09-11,85,76,89.41,2,2.35,4,4.71,0,0,2,2.35,1,1.18,61,71.76
NME,2026-09-12,92,85,92.39,0,0,2,2.17,1,1.09,0,0,4,4.35,58,63.04
NME,2026-09-13,108,96,88.89,3,2.78,7,6.48,0,0,0,0,2,1.85,76,70.37
NME,2026-09-14,76,67,88.16,1,1.32,4,5.26,1,1.32,0,0,3,3.95,52,68.42
NME,2026-09-15,108,98,90.74,4,3.7,1,0.93,0,0,0,0,5,4.63,84,77.78
NME,2026-09-16,180,149,82.78,3,1.67,2,1.11,7,3.89,3,1.67,16,8.89,121,67.22
NME,2026-09-17,161,138,85.71,5,3.11,7,4.35,0,0,0,0,11,6.83,113,70.19
NME,2026-09-18,139,102,73.38,3,2.16,7,5.04,0,0,1,0.72,26,18.71,89,64.03
NME,2026-09-19,139,87,62.59,12,8.63,8,5.76,0,0,0,0,32,23.02,73,52.52
NME,2026-09-20,123,80,65.04,2,1.63,13,10.57,0,0,3,2.44,25,20.33,71,57.72
NME,2026-09-21,154,121,78.57,1,0.65,5,3.25,0,0,1,0.65,26,16.88,103,66.88
NME,2026-09-22,217,159,73.27,1,0.46,10,4.61,2,0.92,7,3.23,38,17.51,135,62.21
NME,2026-09-23,160,125,78.13,4,2.5,3,1.88,1,0.63,1,0.63,26,16.25,102,63.75
NME,2026-09-24,170,134,78.82,1,0.59,0,0,1,0.59,3,1.76,31,18.24,124,72.94
NME,2026-09-25,159,107,67.3,2,1.26,1,0.63,0,0,18,11.32,31,19.5,107,67.3
NME,2026-09-26,124,65,52.42,0,0,0,0,0,0,26,20.97,33,26.61,65,52.42
OIW,2026-08-29,2266,38,1.68,0,0,207,9.14,1773,78.24,66,2.91,182,8.03,35,1.54
OIW,2026-08-30,2599,48,1.85,0,0,175,6.73,1348,51.87,533,20.51,495,19.05,41,1.58
OIW,2026-08-31,72,1,1.39,0,0,5,6.94,42,58.33,5,6.94,19,26.39,0,0
OIW,2026-09-01,2820,70,2.48,0,0,310,10.99,1334,47.3,291,10.32,815,28.9,59,2.09
OIW,2026-09-02,2302,73,3.17,0,0,587,25.5,329,14.29,504,21.89,809,35.14,46,2
OIW,2026-09-03,243,7,2.88,0,0,39,16.05,47,19.34,54,22.22,96,39.51,7,2.88
OIW,2026-09-04,278,11,3.96,0,0,51,18.35,103,37.05,40,14.39,73,26.26,6,2.16
OIW,2026-09-05,113,3,2.65,0,0,28,24.78,42,37.17,15,13.27,25,22.12,2,1.77
OIW,2026-09-06,221,11,4.98,0,0,46,20.81,45,20.36,34,15.38,85,38.46,6,2.71
OIW,2026-09-07,63,2,3.17,0,0,10,15.87,22,34.92,11,17.46,18,28.57,1,1.59
OIW,2026-09-08,114,2,1.75,0,0,14,12.28,23,20.18,18,15.79,57,50,2,1.75
OIW,2026-09-09,115,6,5.22,0,0,19,16.52,7,6.09,15,13.04,68,59.13,4,3.48
OIW,2026-09-10,106,1,0.94,0,0,16,15.09,24,22.64,15,14.15,50,47.17,1,0.94
OIW,2026-09-11,100,4,4,0,0,29,29,4,4,19,19,44,44,1,1
OIW,2026-09-12,722,31,4.29,0,0,271,37.53,35,4.85,188,26.04,197,27.29,25,3.46
OIW,2026-09-13,66,6,9.09,0,0,22,33.33,0,0,23,34.85,15,22.73,6,9.09
OIW,2026-09-14,47,5,10.64,0,0,1,2.13,11,23.4,13,27.66,17,36.17,4,8.51
OIW,2026-09-15,54,4,7.41,0,0,11,20.37,12,22.22,21,38.89,6,11.11,3,5.56
OIW,2026-09-16,121,1,0.83,0,0,18,14.88,37,30.58,21,17.36,44,36.36,0,0
OIW,2026-09-17,411,26,6.33,0,0,52,12.65,93,22.63,101,24.57,139,33.82,26,6.33
OIW,2026-09-18,367,16,4.36,0,0,33,8.99,126,34.33,89,24.25,103,28.07,13,3.54
OIW,2026-09-19,81,0,0,0,0,10,12.35,31,38.27,17,20.99,23,28.4,0,0
OIW,2026-09-20,59,2,3.39,0,0,11,18.64,18,30.51,8,13.56,20,33.9,2,3.39
OIW,2026-09-21,2624,40,1.52,0,0,337,12.84,249,9.49,1055,40.21,943,35.94,32,1.22
OIW,2026-09-22,65,0,0,0,0,5,7.69,12,18.46,13,20,35,53.85,0,0
OIW,2026-09-23,841,28,3.33,0,0,135,16.05,119,14.15,232,27.59,327,38.88,23,2.73
OIW,2026-09-24,2883,28,0.97,40,1.39,73,2.53,548,19.01,1573,54.56,621,21.54,26,0.9
OIW,2026-09-26,1995,15,0.75,31,1.55,0,0,0,0,1374,68.87,575,28.82,15,0.75
ONL,2026-08-29,10,10,100,0,0,0,0,0,0,0,0,0,0,9,90
ONL,2026-08-30,7,7,100,0,0,0,0,0,0,0,0,0,0,5,71.43
ONL,2026-08-31,8,6,75,1,12.5,0,0,0,0,0,0,1,12.5,4,50
ONL,2026-09-01,21,17,80.95,0,0,2,9.52,0,0,0,0,2,9.52,15,71.43
ONL,2026-09-02,29,26,89.66,1,3.45,2,6.9,0,0,0,0,0,0,18,62.07
ONL,2026-09-03,26,23,88.46,0,0,0,0,0,0,0,0,3,11.54,15,57.69
ONL,2026-09-04,20,13,65,1,5,3,15,0,0,0,0,3,15,9,45
ONL,2026-09-05,18,13,72.22,1,5.56,3,16.67,0,0,0,0,1,5.56,9,50
ONL,2026-09-06,13,12,92.31,0,0,0,0,0,0,1,7.69,0,0,8,61.54
ONL,2026-09-07,18,14,77.78,1,5.56,1,5.56,0,0,1,5.56,1,5.56,12,66.67
ONL,2026-09-08,15,10,66.67,1,6.67,1,6.67,0,0,0,0,3,20,8,53.33
ONL,2026-09-09,15,14,93.33,0,0,0,0,0,0,1,6.67,0,0,8,53.33
ONL,2026-09-10,18,14,77.78,2,11.11,1,5.56,0,0,0,0,1,5.56,11,61.11
ONL,2026-09-11,19,15,78.95,2,10.53,0,0,0,0,1,5.26,1,5.26,5,26.32
ONL,2026-09-12,18,13,72.22,1,5.56,0,0,0,0,1,5.56,3,16.67,4,22.22
ONL,2026-09-13,12,10,83.33,0,0,0,0,0,0,1,8.33,1,8.33,10,83.33
ONL,2026-09-14,10,9,90,0,0,0,0,0,0,0,0,1,10,8,80
ONL,2026-09-15,16,12,75,2,12.5,0,0,0,0,1,6.25,1,6.25,9,56.25
ONL,2026-09-16,12,10,83.33,1,8.33,0,0,0,0,0,0,1,8.33,8,66.67
ONL,2026-09-17,11,9,81.82,2,18.18,0,0,0,0,0,0,0,0,7,63.64
ONL,2026-09-18,5,4,80,1,20,0,0,0,0,0,0,0,0,2,40
ONL,2026-09-21,1,1,100,0,0,0,0,0,0,0,0,0,0,1,100
OWN,2026-08-31,1,1,100,0,0,0,0,0,0,0,0,0,0,1,100
OWN,2026-09-07,3,2,66.67,0,0,0,0,0,0,1,33.33,0,0,1,33.33
OWN,2026-09-10,2,2,100,0,0,0,0,0,0,0,0,0,0,2,100
OWN,2026-09-16,1,1,100,0,0,0,0,0,0,0,0,0,0,1,100
OWN,2026-09-18,1,1,100,0,0,0,0,0,0,0,0,0,0,1,100
OWN,2026-09-19,1,1,100,0,0,0,0,0,0,0,0,0,0,1,100
OWN,2026-09-24,1,1,100,0,0,0,0,0,0,0,0,0,0,1,100
OWN,2026-09-25,1,0,0,0,0,0,0,0,0,0,0,1,100,0,0
OYA,2026-08-29,130,116,89.23,5,3.85,7,5.38,1,0.77,0,0,1,0.77,82,63.08
OYA,2026-08-30,32,24,75,0,0,3,9.38,1,3.13,2,6.25,2,6.25,20,62.5
OYA,2026-08-31,37,32,86.49,2,5.41,2,5.41,0,0,0,0,1,2.7,26,70.27
OYA,2026-09-01,50,42,84,4,8,2,4,0,0,0,0,2,4,35,70
OYA,2026-09-02,28,23,82.14,0,0,4,14.29,0,0,0,0,1,3.57,14,50
OYA,2026-09-03,83,71,85.54,3,3.61,7,8.43,0,0,0,0,2,2.41,55,66.27
OYA,2026-09-04,60,56,93.33,0,0,2,3.33,0,0,0,0,2,3.33,40,66.67
OYA,2026-09-05,48,43,89.58,1,2.08,1,2.08,0,0,0,0,3,6.25,39,81.25
OYA,2026-09-06,60,51,85,1,1.67,1,1.67,0,0,0,0,7,11.67,42,70
OYA,2026-09-07,127,115,90.55,4,3.15,2,1.57,0,0,3,2.36,3,2.36,83,65.35
OYA,2026-09-08,129,110,85.27,4,3.1,3,2.33,0,0,2,1.55,10,7.75,86,66.67
OYA,2026-09-09,86,76,88.37,1,1.16,1,1.16,0,0,1,1.16,7,8.14,60,69.77
OYA,2026-09-10,114,98,85.96,4,3.51,1,0.88,0,0,2,1.75,9,7.89,80,70.18
OYA,2026-09-11,118,106,89.83,3,2.54,2,1.69,0,0,0,0,7,5.93,80,67.8
OYA,2026-09-12,115,99,86.09,4,3.48,0,0,0,0,2,1.74,10,8.7,73,63.48
OYA,2026-09-13,73,69,94.52,3,4.11,0,0,0,0,0,0,1,1.37,54,73.97
OYA,2026-09-14,74,63,85.14,4,5.41,0,0,0,0,2,2.7,5,6.76,54,72.97
OYA,2026-09-15,96,80,83.33,2,2.08,3,3.13,0,0,2,2.08,9,9.38,65,67.71
OYA,2026-09-16,27,22,81.48,1,3.7,0,0,0,0,0,0,4,14.81,16,59.26
OYA,2026-09-17,108,92,85.19,1,0.93,3,2.78,0,0,2,1.85,10,9.26,79,73.15
OYA,2026-09-18,86,71,82.56,1,1.16,3,3.49,0,0,3,3.49,8,9.3,60,69.77
OYA,2026-09-19,101,89,88.12,1,0.99,3,2.97,0,0,1,0.99,7,6.93,76,75.25
OYA,2026-09-20,27,25,92.59,0,0,2,7.41,0,0,0,0,0,0,18,66.67
OYA,2026-09-21,79,69,87.34,0,0,0,0,0,0,3,3.8,7,8.86,60,75.95
OYA,2026-09-22,90,76,84.44,1,1.11,1,1.11,0,0,3,3.33,9,10,68,75.56
OYA,2026-09-23,105,84,80,5,4.76,4,3.81,0,0,4,3.81,8,7.62,72,68.57
OYA,2026-09-24,146,109,74.66,1,0.68,0,0,0,0,10,6.85,26,17.81,102,69.86
OYA,2026-09-25,132,94,71.21,1,0.76,0,0,0,0,16,12.12,21,15.91,94,71.21
OYA,2026-09-26,140,77,55,1,0.71,0,0,0,0,30,21.43,32,22.86,77,55
PBZ,2026-09-02,1,1,100,0,0,0,0,0,0,0,0,0,0,1,100
PBZ,2026-09-08,1,1,100,0,0,0,0,0,0,0,0,0,0,1,100
PBZ,2026-09-18,1,1,100,0,0,0,0,0,0,0,0,0,0,1,100
PBZ,2026-09-23,1,1,100,0,0,0,0,0,0,0,0,0,0,1,100
PLN,2026-08-29,2,2,100,0,0,0,0,0,0,0,0,0,0,2,100
PLN,2026-08-30,5,3,60,2,40,0,0,0,0,0,0,0,0,3,60
PLN,2026-08-31,1,1,100,0,0,0,0,0,0,0,0,0,0,1,100
PLN,2026-09-01,1,1,100,0,0,0,0,0,0,0,0,0,0,1,100
PLN,2026-09-02,5,4,80,0,0,1,20,0,0,0,0,0,0,4,80
PLN,2026-09-03,2,2,100,0,0,0,0,0,0,0,0,0,0,2,100
PLN,2026-09-04,2,2,100,0,0,0,0,0,0,0,0,0,0,2,100
PLN,2026-09-05,4,4,100,0,0,0,0,0,0,0,0,0,0,4,100
PLN,2026-09-06,5,4,80,0,0,0,0,0,0,1,20,0,0,4,80
PLN,2026-09-07,3,3,100,0,0,0,0,0,0,0,0,0,0,3,100
PLN,2026-09-08,40,40,100,0,0,0,0,0,0,0,0,0,0,38,95
PLN,2026-09-09,16,15,93.75,0,0,1,6.25,0,0,0,0,0,0,12,75
PLN,2026-09-10,8,8,100,0,0,0,0,0,0,0,0,0,0,7,87.5
PLN,2026-09-11,40,36,90,2,5,2,5,0,0,0,0,0,0,33,82.5
PLN,2026-09-12,4,3,75,0,0,1,25,0,0,0,0,0,0,2,50
PLN,2026-09-13,15,13,86.67,2,13.33,0,0,0,0,0,0,0,0,12,80
PLN,2026-09-14,6,4,66.67,2,33.33,0,0,0,0,0,0,0,0,3,50
PLN,2026-09-15,10,9,90,0,0,1,10,0,0,0,0,0,0,9,90
PLN,2026-09-16,13,12,92.31,1,7.69,0,0,0,0,0,0,0,0,12,92.31
PLN,2026-09-17,8,7,87.5,0,0,1,12.5,0,0,0,0,0,0,6,75
PLN,2026-09-18,13,11,84.62,0,0,0,0,0,0,2,15.38,0,0,11,84.62
PLN,2026-09-19,5,4,80,1,20,0,0,0,0,0,0,0,0,3,60
PLN,2026-09-20,8,6,75,0,0,0,0,0,0,0,0,2,25,6,75
PLN,2026-09-21,11,9,81.82,0,0,0,0,0,0,0,0,2,18.18,6,54.55
PLN,2026-09-22,22,19,86.36,1,4.55,0,0,0,0,0,0,2,9.09,18,81.82
PLN,2026-09-23,18,16,88.89,0,0,0,0,0,0,0,0,2,11.11,16,88.89
PLN,2026-09-24,17,14,82.35,1,5.88,0,0,1,5.88,0,0,1,5.88,10,58.82
PLN,2026-09-25,9,8,88.89,0,0,0,0,0,0,0,0,1,11.11,8,88.89
PLN,2026-09-26,7,5,71.43,0,0,0,0,0,0,1,14.29,1,14.29,5,71.43
POR,2026-08-30,4,1,25,0,0,3,75,0,0,0,0,0,0,1,25
PRO,2026-09-18,1,0,0,0,0,0,0,0,0,0,0,1,100,0,0
PRO,2026-09-23,1,0,0,0,0,0,0,0,0,0,0,1,100,0,0
PRO,2026-09-25,2,1,50,0,0,0,0,0,0,1,50,0,0,1,50
PRO,2026-09-26,1,0,0,0,0,0,0,0,0,1,100,0,0,0,0
QHI,2026-08-29,256,86,33.59,34,13.28,62,24.22,28,10.94,13,5.08,33,12.89,79,30.86
QHI,2026-08-30,194,71,36.6,9,4.64,21,10.82,46,23.71,13,6.7,34,17.53,62,31.96
QHI,2026-08-31,284,103,36.27,22,7.75,39,13.73,62,21.83,5,1.76,53,18.66,92,32.39
QHI,2026-09-01,350,124,35.43,28,8,37,10.57,103,29.43,14,4,44,12.57,113,32.29
QHI,2026-09-02,434,176,40.55,45,10.37,94,21.66,27,6.22,26,5.99,66,15.21,144,33.18
QHI,2026-09-03,383,117,30.55,41,10.7,72,18.8,71,18.54,31,8.09,51,13.32,98,25.59
QHI,2026-09-04,427,150,35.13,39,9.13,43,10.07,144,33.72,25,5.85,26,6.09,106,24.82
QHI,2026-09-05,430,180,41.86,62,14.42,96,22.33,15,3.49,28,6.51,49,11.4,132,30.7
QHI,2026-09-06,275,130,47.27,37,13.45,57,20.73,0,0,25,9.09,26,9.45,92,33.45
QHI,2026-09-07,445,194,43.6,57,12.81,109,24.49,5,1.12,27,6.07,53,11.91,151,33.93
QHI,2026-09-08,79,45,56.96,9,11.39,9,11.39,0,0,6,7.59,10,12.66,37,46.84
QHI,2026-09-09,1,1,100,0,0,0,0,0,0,0,0,0,0,1,100
QHI,2026-09-10,4,0,0,0,0,3,75,0,0,0,0,1,25,0,0
QHI,2026-09-14,24,10,41.67,1,4.17,8,33.33,0,0,1,4.17,4,16.67,6,25
QHI,2026-09-15,423,170,40.19,52,12.29,53,12.53,8,1.89,40,9.46,100,23.64,127,30.02
QHI,2026-09-16,404,166,41.09,50,12.38,66,16.34,0,0,20,4.95,102,25.25,125,30.94
QHI,2026-09-17,490,182,37.14,72,14.69,69,14.08,4,0.82,52,10.61,111,22.65,136,27.76
QHI,2026-09-18,496,189,38.1,58,11.69,80,16.13,8,1.61,41,8.27,120,24.19,139,28.02
QHI,2026-09-19,526,176,33.46,62,11.79,105,19.96,6,1.14,45,8.56,132,25.1,133,25.29
QHI,2026-09-20,308,108,35.06,40,12.99,36,11.69,3,0.97,42,13.64,79,25.65,82,26.62
QHI,2026-09-21,470,157,33.4,55,11.7,61,12.98,17,3.62,47,10,133,28.3,130,27.66
QHI,2026-09-22,461,186,40.35,44,9.54,47,10.2,16,3.47,46,9.98,122,26.46,156,33.84
QHI,2026-09-23,445,157,35.28,44,9.89,44,9.89,6,1.35,61,13.71,133,29.89,130,29.21
QHI,2026-09-24,436,132,30.28,35,8.03,20,4.59,2,0.46,77,17.66,170,38.99,114,26.15
QHI,2026-09-25,394,89,22.59,23,5.84,3,0.76,0,0,104,26.4,175,44.42,89,22.59
QHI,2026-09-26,415,85,20.48,23,5.54,0,0,0,0,129,31.08,178,42.89,85,20.48
QIA,2026-08-29,2168,322,14.85,266,12.27,743,34.27,357,16.47,120,5.54,360,16.61,289,13.33
QIA,2026-08-30,1746,252,14.43,194,11.11,246,14.09,573,32.82,104,5.96,377,21.59,224,12.83
QIA,2026-08-31,1623,196,12.08,183,11.28,203,12.51,641,39.49,71,4.37,329,20.27,173,10.66
QIA,2026-09-01,1511,219,14.49,145,9.6,168,11.12,547,36.2,66,4.37,366,24.22,196,12.97
QIA,2026-09-02,1688,282,16.71,185,10.96,306,18.13,375,22.22,90,5.33,450,26.66,241,14.28
QIA,2026-09-03,1718,250,14.55,219,12.75,350,20.37,385,22.41,126,7.33,388,22.58,225,13.1
QIA,2026-09-04,1490,193,12.95,149,10,229,15.37,654,43.89,128,8.59,137,9.19,151,10.13
QIA,2026-09-05,1702,283,16.63,237,13.92,608,35.72,111,6.52,140,8.23,323,18.98,236,13.87
QIA,2026-09-06,1448,246,16.99,180,12.43,240,16.57,360,24.86,124,8.56,298,20.58,195,13.47
QIA,2026-09-07,1490,319,21.41,221,14.83,533,35.77,67,4.5,109,7.32,241,16.17,228,15.3
QIA,2026-09-08,277,68,24.55,48,17.33,94,33.94,1,0.36,22,7.94,44,15.88,50,18.05
QIA,2026-09-09,2,0,0,0,0,0,0,0,0,0,0,2,100,0,0
QIA,2026-09-10,3,1,33.33,1,33.33,1,33.33,0,0,0,0,0,0,0,0
QIA,2026-09-13,1,0,0,0,0,1,100,0,0,0,0,0,0,0,0
QIA,2026-09-14,4,2,50,0,0,0,0,0,0,1,25,1,25,1,25
QIA,2026-09-15,3013,510,16.93,474,15.73,795,26.39,79,2.62,290,9.62,865,28.71,386,12.81
QIA,2026-09-16,1962,371,18.91,299,15.24,534,27.22,31,1.58,166,8.46,561,28.59,279,14.22
QIA,2026-09-17,1879,375,19.96,266,14.16,471,25.07,74,3.94,184,9.79,509,27.09,282,15.01
QIA,2026-09-18,2449,491,20.05,329,13.43,647,26.42,51,2.08,254,10.37,677,27.64,370,15.11
QIA,2026-09-19,2023,363,17.94,264,13.05,563,27.83,16,0.79,257,12.7,560,27.68,264,13.05
QIA,2026-09-20,2029,366,18.04,275,13.55,534,26.32,31,1.53,226,11.14,597,29.42,276,13.6
QIA,2026-09-21,1973,374,18.96,243,12.32,479,24.28,127,6.44,140,7.1,610,30.92,315,15.97
QIA,2026-09-22,2404,407,16.93,283,11.77,340,14.14,397,16.51,246,10.23,731,30.41,344,14.31
QIA,2026-09-23,2542,373,14.67,278,10.94,393,15.46,156,6.14,369,14.52,973,38.28,293,11.53
QIA,2026-09-24,2674,389,14.55,281,10.51,173,6.47,42,1.57,459,17.17,1330,49.74,325,12.15
QIA,2026-09-25,2392,289,12.08,224,9.36,15,0.63,27,1.13,537,22.45,1300,54.35,289,12.08
QIA,2026-09-26,440,52,11.82,33,7.5,0,0,2,0.45,152,34.55,201,45.68,52,11.82
QSP,2026-08-29,215,78,36.28,19,8.84,75,34.88,11,5.12,10,4.65,22,10.23,62,28.84
QSP,2026-08-30,64,18,28.13,5,7.81,5,7.81,16,25,4,6.25,16,25,16,25
QSP,2026-08-31,139,52,37.41,13,9.35,36,25.9,12,8.63,6,4.32,20,14.39,42,30.22
QSP,2026-09-01,207,73,35.27,12,5.8,16,7.73,46,22.22,17,8.21,43,20.77,56,27.05
QSP,2026-09-02,159,61,38.36,16,10.06,39,24.53,9,5.66,14,8.81,20,12.58,50,31.45
QSP,2026-09-03,183,72,39.34,22,12.02,21,11.48,24,13.11,11,6.01,33,18.03,57,31.15
QSP,2026-09-04,47,23,48.94,6,12.77,10,21.28,0,0,2,4.26,6,12.77,17,36.17
QSP,2026-09-05,45,20,44.44,8,17.78,11,24.44,1,2.22,2,4.44,3,6.67,12,26.67
QSP,2026-09-06,31,21,67.74,1,3.23,4,12.9,1,3.23,2,6.45,2,6.45,18,58.06
QSP,2026-09-07,41,19,46.34,9,21.95,9,21.95,0,0,1,2.44,3,7.32,13,31.71
QSP,2026-09-08,10,7,70,1,10,0,0,0,0,0,0,2,20,6,60
QSP,2026-09-14,56,20,35.71,5,8.93,12,21.43,0,0,4,7.14,15,26.79,17,30.36
QSP,2026-09-15,354,157,44.35,36,10.17,54,15.25,4,1.13,31,8.76,72,20.34,105,29.66
QSP,2026-09-16,123,51,41.46,11,8.94,18,14.63,2,1.63,13,10.57,28,22.76,39,31.71
QSP,2026-09-17,183,85,46.45,23,12.57,24,13.11,2,1.09,17,9.29,32,17.49,66,36.07
QSP,2026-09-18,153,51,33.33,20,13.07,25,16.34,3,1.96,18,11.76,36,23.53,35,22.88
QSP,2026-09-19,126,58,46.03,14,11.11,17,13.49,2,1.59,13,10.32,22,17.46,42,33.33
QSP,2026-09-20,131,60,45.8,11,8.4,27,20.61,5,3.82,10,7.63,18,13.74,48,36.64
QSP,2026-09-21,173,62,35.84,18,10.4,22,12.72,7,4.05,16,9.25,48,27.75,54,31.21
QSP,2026-09-22,188,87,46.28,13,6.91,12,6.38,28,14.89,9,4.79,39,20.74,70,37.23
QSP,2026-09-23,95,37,38.95,6,6.32,6,6.32,7,7.37,11,11.58,28,29.47,31,32.63
QSP,2026-09-24,125,48,38.4,11,8.8,2,1.6,0,0,11,8.8,53,42.4,42,33.6
QSP,2026-09-25,161,48,29.81,14,8.7,1,0.62,1,0.62,26,16.15,71,44.1,48,29.81
QSP,2026-09-26,103,21,20.39,6,5.83,0,0,1,0.97,40,38.83,35,33.98,21,20.39
RAC,2026-09-22,8,0,0,0,0,0,0,0,0,8,100,0,0,0,0
RAP,2026-09-11,6,0,0,0,0,0,0,5,83.33,0,0,1,16.67,0,0
RAP,2026-09-22,7,0,0,0,0,0,0,7,100,0,0,0,0,0,0
RDT,2026-08-31,114,90,78.95,7,6.14,11,9.65,0,0,2,1.75,4,3.51,77,67.54
RDT,2026-09-01,1790,1437,80.28,104,5.81,158,8.83,2,0.11,39,2.18,50,2.79,1203,67.21
RDT,2026-09-02,359,300,83.57,7,1.95,33,9.19,0,0,4,1.11,15,4.18,255,71.03
RDT,2026-09-03,322,265,82.3,13,4.04,8,2.48,13,4.04,5,1.55,18,5.59,217,67.39
RDT,2026-09-04,445,384,86.29,23,5.17,9,2.02,10,2.25,8,1.8,11,2.47,281,63.15
RDT,2026-09-05,314,284,90.45,10,3.18,8,2.55,0,0,2,0.64,10,3.18,228,72.61
RDT,2026-09-06,357,326,91.32,13,3.64,10,2.8,0,0,3,0.84,5,1.4,255,71.43
RDT,2026-09-07,384,333,86.72,18,4.69,8,2.08,3,0.78,5,1.3,17,4.43,276,71.88
RDT,2026-09-08,243,215,88.48,15,6.17,5,2.06,0,0,1,0.41,7,2.88,176,72.43
RDT,2026-09-09,184,160,86.96,11,5.98,7,3.8,0,0,2,1.09,4,2.17,129,70.11
RDT,2026-09-10,182,156,85.71,14,7.69,3,1.65,0,0,2,1.1,7,3.85,129,70.88
RDT,2026-09-11,261,167,63.98,20,7.66,37,14.18,0,0,11,4.21,26,9.96,116,44.44
RDT,2026-09-12,120,106,88.33,3,2.5,6,5,0,0,1,0.83,4,3.33,82,68.33
RDT,2026-09-13,47,40,85.11,1,2.13,3,6.38,0,0,0,0,3,6.38,31,65.96
RDT,2026-09-14,30,26,86.67,1,3.33,2,6.67,0,0,1,3.33,0,0,19,63.33
RDT,2026-09-15,40,31,77.5,4,10,0,0,0,0,4,10,1,2.5,25,62.5
RDT,2026-09-16,62,47,75.81,7,11.29,0,0,0,0,3,4.84,5,8.06,40,64.52
RDT,2026-09-17,58,47,81.03,2,3.45,1,1.72,0,0,1,1.72,7,12.07,37,63.79
RDT,2026-09-18,69,52,75.36,1,1.45,3,4.35,0,0,2,2.9,11,15.94,36,52.17
RDT,2026-09-19,201,174,86.57,5,2.49,2,1,1,0.5,6,2.99,13,6.47,129,64.18
RDT,2026-09-20,145,118,81.38,10,6.9,2,1.38,1,0.69,3,2.07,11,7.59,105,72.41
RDT,2026-09-21,151,128,84.77,5,3.31,1,0.66,1,0.66,5,3.31,11,7.28,109,72.19
RDT,2026-09-22,186,151,81.18,3,1.61,3,1.61,0,0,13,6.99,16,8.6,136,73.12
RDT,2026-09-23,139,103,74.1,5,3.6,1,0.72,2,1.44,9,6.47,19,13.67,94,67.63
RDT,2026-09-24,222,153,68.92,6,2.7,0,0,5,2.25,18,8.11,40,18.02,140,63.06
RDT,2026-09-25,211,140,66.35,2,0.95,0,0,1,0.47,31,14.69,37,17.54,140,66.35
RDT,2026-09-26,192,102,53.13,1,0.52,0,0,0,0,49,25.52,40,20.83,102,53.13
REF,2026-08-31,2,2,100,0,0,0,0,0,0,0,0,0,0,2,100
REF,2026-09-05,1,1,100,0,0,0,0,0,0,0,0,0,0,0,0
REF,2026-09-09,1,1,100,0,0,0,0,0,0,0,0,0,0,1,100
REF,2026-09-11,4,1,25,0,0,3,75,0,0,0,0,0,0,0,0
REF,2026-09-17,1,1,100,0,0,0,0,0,0,0,0,0,0,1,100
REF,2026-09-18,1,1,100,0,0,0,0,0,0,0,0,0,0,1,100
REF,2026-09-21,3,3,100,0,0,0,0,0,0,0,0,0,0,3,100
REF,2026-09-23,1,1,100,0,0,0,0,0,0,0,0,0,0,1,100
REF,2026-09-24,3,0,0,0,0,0,0,0,0,1,33.33,2,66.67,0,0
REF,2026-09-26,3,3,100,0,0,0,0,0,0,0,0,0,0,3,100
REW,2026-08-31,2,2,100,0,0,0,0,0,0,0,0,0,0,2,100
REW,2026-09-18,1,1,100,0,0,0,0,0,0,0,0,0,0,1,100
REW,2026-09-22,3,3,100,0,0,0,0,0,0,0,0,0,0,3,100
RIF,2026-09-25,1,0,0,0,0,0,0,0,0,1,100,0,0,0,0
RIZ,2026-09-17,1,1,100,0,0,0,0,0,0,0,0,0,0,1,100
RPB,2026-08-29,761,41,5.39,0,0,341,44.81,145,19.05,57,7.49,177,23.26,26,3.42
RPB,2026-08-30,862,48,5.57,0,0,162,18.79,351,40.72,64,7.42,237,27.49,42,4.87
RPB,2026-08-31,9,3,33.33,0,0,0,0,5,55.56,0,0,1,11.11,3,33.33
RPB,2026-09-01,6,3,50,0,0,1,16.67,2,33.33,0,0,0,0,3,50
RPB,2026-09-02,594,48,8.08,0,0,148,24.92,184,30.98,59,9.93,155,26.09,42,7.07
RPB,2026-09-03,3,2,66.67,0,0,0,0,1,33.33,0,0,0,0,1,33.33
RPB,2026-09-04,342,38,11.11,0,0,47,13.74,205,59.94,23,6.73,29,8.48,31,9.06
RPB,2026-09-05,8,3,37.5,0,0,2,25,1,12.5,1,12.5,1,12.5,2,25
RPB,2026-09-06,310,19,6.13,0,0,181,58.39,1,0.32,26,8.39,83,26.77,14,4.52
RPB,2026-09-07,5,3,60,0,0,0,0,1,20,0,0,1,20,2,40
RPB,2026-09-08,11,4,36.36,0,0,3,27.27,1,9.09,0,0,3,27.27,4,36.36
RPB,2026-09-09,392,21,5.36,0,0,106,27.04,67,17.09,31,7.91,167,42.6,16,4.08
RPB,2026-09-10,394,42,10.66,0,0,101,25.63,64,16.24,33,8.38,154,39.09,35,8.88
RPB,2026-09-11,9,5,55.56,0,0,0,0,3,33.33,1,11.11,0,0,4,44.44
RPB,2026-09-12,5,3,60,0,0,0,0,1,20,0,0,1,20,2,40
RPB,2026-09-13,1,0,0,0,0,0,0,1,100,0,0,0,0,0,0
RPB,2026-09-14,806,68,8.44,0,0,397,49.26,6,0.74,77,9.55,258,32.01,55,6.82
RPB,2026-09-15,623,34,5.46,0,0,113,18.14,191,30.66,46,7.38,239,38.36,33,5.3
RPB,2026-09-16,14,4,28.57,0,0,3,21.43,3,21.43,2,14.29,2,14.29,4,28.57
RPB,2026-09-17,1296,86,6.64,0,0,206,15.9,450,34.72,104,8.02,450,34.72,76,5.86
RPB,2026-09-18,10,0,0,0,0,2,20,6,60,0,0,2,20,0,0
RPB,2026-09-19,10,5,50,0,0,2,20,2,20,0,0,1,10,5,50
RPB,2026-09-20,3,0,0,0,0,0,0,2,66.67,0,0,1,33.33,0,0
RPB,2026-09-21,811,76,9.37,0,0,96,11.84,146,18,74,9.12,419,51.66,69,8.51
RPB,2026-09-22,17,3,17.65,0,0,0,0,12,70.59,0,0,2,11.76,3,17.65
RPB,2026-09-23,342,29,8.48,0,0,35,10.23,94,27.49,35,10.23,149,43.57,24,7.02
RPB,2026-09-24,263,25,9.51,0,0,2,0.76,63,23.95,43,16.35,130,49.43,22,8.37
RPB,2026-09-25,226,26,11.5,0,0,1,0.44,4,1.77,43,19.03,152,67.26,26,11.5
RPB,2026-09-26,9,3,33.33,0,0,0,0,2,22.22,3,33.33,1,11.11,3,33.33
RTA,2026-09-25,1,1,100,0,0,0,0,0,0,0,0,0,0,1,100
RUP,2026-09-15,1,1,100,0,0,0,0,0,0,0,0,0,0,0,0
RUP,2026-09-21,3,3,100,0,0,0,0,0,0,0,0,0,0,3,100
RUP,2026-09-24,2,2,100,0,0,0,0,0,0,0,0,0,0,2,100
SDL,2026-08-29,10444,7451,71.34,585,5.6,697,6.67,598,5.73,616,5.9,497,4.76,6697,64.12
SDL,2026-08-30,11660,8032,68.89,839,7.2,816,7,787,6.75,670,5.75,516,4.43,7337,62.92
SDL,2026-08-31,11979,8636,72.09,642,5.36,752,6.28,809,6.75,667,5.57,473,3.95,7950,66.37
SDL,2026-09-01,11254,7898,70.18,691,6.14,773,6.87,724,6.43,641,5.7,527,4.68,7359,65.39
SDL,2026-09-02,10983,7682,69.94,647,5.89,730,6.65,806,7.34,670,6.1,448,4.08,7102,64.66
SDL,2026-09-03,11073,8324,75.17,608,5.49,979,8.84,200,1.81,403,3.64,559,5.05,7299,65.92
SDL,2026-09-04,9576,7554,78.88,359,3.75,573,5.98,413,4.31,286,2.99,391,4.08,6587,68.79
SDL,2026-09-05,11489,8160,71.02,728,6.34,660,5.74,764,6.65,584,5.08,593,5.16,7381,64.24
SDL,2026-09-06,12585,9436,74.98,622,4.94,647,5.14,838,6.66,491,3.9,551,4.38,8785,69.81
SDL,2026-09-07,12985,9623,74.11,849,6.54,684,5.27,834,6.42,384,2.96,611,4.71,8843,68.1
SDL,2026-09-08,12678,9392,74.08,790,6.23,655,5.17,803,6.33,408,3.22,630,4.97,8702,68.64
SDL,2026-09-09,11937,8831,73.98,776,6.5,685,5.74,806,6.75,283,2.37,556,4.66,8088,67.76
SDL,2026-09-10,11518,8652,75.12,807,7.01,920,7.99,148,1.28,412,3.58,579,5.03,7836,68.03
SDL,2026-09-11,8716,6545,75.09,286,3.28,411,4.72,448,5.14,639,7.33,387,4.44,6072,69.66
SDL,2026-09-12,11247,7286,64.78,1025,9.11,857,7.62,694,6.17,716,6.37,669,5.95,6403,56.93
SDL,2026-09-13,10187,6943,68.16,867,8.51,725,7.12,592,5.81,484,4.75,576,5.65,6284,61.69
SDL,2026-09-14,10051,6898,68.63,775,7.71,685,6.82,773,7.69,351,3.49,569,5.66,6302,62.7
SDL,2026-09-15,11117,7496,67.43,787,7.08,801,7.21,859,7.73,556,5,618,5.56,6967,62.67
SDL,2026-09-16,11753,8170,69.51,896,7.62,919,7.82,865,7.36,307,2.61,596,5.07,7397,62.94
SDL,2026-09-17,11074,7813,70.55,712,6.43,741,6.69,831,7.5,381,3.44,596,5.38,7134,64.42
SDL,2026-09-18,11619,8064,69.4,714,6.15,672,5.78,840,7.23,698,6.01,631,5.43,7254,62.43
SDL,2026-09-19,12157,8991,73.96,734,6.04,941,7.74,208,1.71,516,4.24,767,6.31,8098,66.61
SDL,2026-09-20,9957,7634,76.67,349,3.51,472,4.74,666,6.69,412,4.14,424,4.26,7133,71.64
SDL,2026-09-21,14312,9529,66.58,855,5.97,1169,8.17,998,6.97,664,4.64,1097,7.66,8835,61.73
SDL,2026-09-22,13198,9391,71.15,687,5.21,619,4.69,997,7.55,642,4.86,862,6.53,8756,66.34
SDL,2026-09-23,12268,8331,67.91,661,5.39,581,4.74,1109,9.04,442,3.6,1144,9.33,7750,63.17
SDL,2026-09-24,10847,7371,67.95,524,4.83,318,2.93,847,7.81,564,5.2,1223,11.28,6908,63.69
SDL,2026-09-25,11064,6942,62.74,431,3.9,155,1.4,795,7.19,1103,9.97,1638,14.8,6940,62.73
SDL,2026-09-26,13432,5572,41.48,358,2.67,0,0,3844,28.62,1848,13.76,1810,13.48,5572,41.48
SHD,2026-08-30,1,1,100,0,0,0,0,0,0,0,0,0,0,1,100
SHD,2026-09-09,3,0,0,0,0,0,0,0,0,0,0,3,100,0,0
SHD,2026-09-19,1,0,0,0,0,0,0,0,0,0,0,1,100,0,0
SHD,2026-09-22,2,0,0,0,0,0,0,0,0,0,0,2,100,0,0
SLD,2026-09-01,1,1,100,0,0,0,0,0,0,0,0,0,0,1,100
SLD,2026-09-02,1,1,100,0,0,0,0,0,0,0,0,0,0,1,100
SLD,2026-09-03,1,1,100,0,0,0,0,0,0,0,0,0,0,1,100
SLD,2026-09-04,1,1,100,0,0,0,0,0,0,0,0,0,0,1,100
SLD,2026-09-10,1,1,100,0,0,0,0,0,0,0,0,0,0,1,100
SLD,2026-09-17,1,1,100,0,0,0,0,0,0,0,0,0,0,1,100
SLE,2026-09-10,1,1,100,0,0,0,0,0,0,0,0,0,0,1,100
SLE,2026-09-24,1,0,0,0,0,0,0,0,0,0,0,1,100,0,0
SLT,2026-08-29,13,10,76.92,0,0,0,0,0,0,0,0,3,23.08,10,76.92
SLT,2026-08-31,7,5,71.43,1,14.29,0,0,0,0,1,14.29,0,0,5,71.43
SLT,2026-09-01,5,3,60,0,0,0,0,1,20,0,0,1,20,2,40
SLT,2026-09-04,16,14,87.5,1,6.25,1,6.25,0,0,0,0,0,0,13,81.25
SLT,2026-09-05,5,4,80,0,0,0,0,0,0,0,0,1,20,4,80
SLT,2026-09-07,5,5,100,0,0,0,0,0,0,0,0,0,0,2,40
SLT,2026-09-08,2,2,100,0,0,0,0,0,0,0,0,0,0,2,100
SLT,2026-09-09,13,8,61.54,2,15.38,2,15.38,0,0,1,7.69,0,0,7,53.85
SLT,2026-09-11,5,4,80,1,20,0,0,0,0,0,0,0,0,3,60
SLT,2026-09-12,4,3,75,0,0,0,0,0,0,0,0,1,25,3,75
SLT,2026-09-14,6,6,100,0,0,0,0,0,0,0,0,0,0,6,100
SLT,2026-09-15,11,3,27.27,1,9.09,1,9.09,0,0,2,18.18,4,36.36,3,27.27
SLT,2026-09-16,7,7,100,0,0,0,0,0,0,0,0,0,0,6,85.71
SLT,2026-09-17,7,7,100,0,0,0,0,0,0,0,0,0,0,7,100
SLT,2026-09-19,13,10,76.92,0,0,1,7.69,1,7.69,0,0,1,7.69,10,76.92
SLT,2026-09-20,19,17,89.47,0,0,0,0,1,5.26,0,0,1,5.26,17,89.47
SLT,2026-09-23,11,8,72.73,0,0,0,0,1,9.09,0,0,2,18.18,8,72.73
SLT,2026-09-25,8,6,75,0,0,0,0,0,0,2,25,0,0,6,75
SNI,2026-08-29,23,18,78.26,1,4.35,3,13.04,0,0,1,4.35,0,0,16,69.57
SNI,2026-08-30,18,12,66.67,1,5.56,3,16.67,1,5.56,0,0,1,5.56,9,50
SNI,2026-08-31,18,15,83.33,1,5.56,1,5.56,0,0,0,0,1,5.56,8,44.44
SNI,2026-09-01,21,20,95.24,0,0,1,4.76,0,0,0,0,0,0,16,76.19
SNI,2026-09-02,21,18,85.71,1,4.76,0,0,0,0,1,4.76,1,4.76,11,52.38
SNI,2026-09-03,24,21,87.5,0,0,2,8.33,0,0,0,0,1,4.17,18,75
SNI,2026-09-04,17,14,82.35,0,0,3,17.65,0,0,0,0,0,0,7,41.18
SNI,2026-09-05,27,25,92.59,0,0,2,7.41,0,0,0,0,0,0,24,88.89
SNI,2026-09-06,21,19,90.48,1,4.76,1,4.76,0,0,0,0,0,0,17,80.95
SNI,2026-09-07,14,12,85.71,1,7.14,1,7.14,0,0,0,0,0,0,9,64.29
SNI,2026-09-08,25,23,92,1,4,1,4,0,0,0,0,0,0,21,84
SNI,2026-09-09,23,18,78.26,0,0,3,13.04,1,4.35,1,4.35,0,0,15,65.22
SNI,2026-09-10,29,20,68.97,0,0,8,27.59,0,0,0,0,1,3.45,17,58.62
SNI,2026-09-11,16,13,81.25,0,0,3,18.75,0,0,0,0,0,0,10,62.5
SNI,2026-09-12,23,21,91.3,0,0,1,4.35,0,0,0,0,1,4.35,18,78.26
SNI,2026-09-13,22,17,77.27,0,0,5,22.73,0,0,0,0,0,0,15,68.18
SNI,2026-09-14,19,17,89.47,1,5.26,1,5.26,0,0,0,0,0,0,15,78.95
SNI,2026-09-15,30,22,73.33,1,3.33,2,6.67,1,3.33,1,3.33,3,10,20,66.67
SNI,2026-09-16,41,34,82.93,1,2.44,3,7.32,1,2.44,2,4.88,0,0,26,63.41
SNI,2026-09-17,32,27,84.38,0,0,3,9.38,0,0,0,0,2,6.25,23,71.88
SNI,2026-09-18,23,21,91.3,0,0,0,0,0,0,1,4.35,1,4.35,17,73.91
SNI,2026-09-19,44,38,86.36,0,0,0,0,2,4.55,0,0,4,9.09,32,72.73
SNI,2026-09-20,32,29,90.63,1,3.13,1,3.13,0,0,0,0,1,3.13,24,75
SNI,2026-09-21,38,33,86.84,0,0,1,2.63,1,2.63,2,5.26,1,2.63,24,63.16
SNI,2026-09-22,32,24,75,1,3.13,2,6.25,1,3.13,2,6.25,2,6.25,23,71.88
SNI,2026-09-23,30,24,80,0,0,0,0,0,0,5,16.67,1,3.33,22,73.33
SNI,2026-09-24,39,29,74.36,0,0,0,0,0,0,3,7.69,7,17.95,28,71.79
SNI,2026-09-25,27,18,66.67,1,3.7,0,0,1,3.7,2,7.41,5,18.52,18,66.67
SNI,2026-09-26,25,16,64,0,0,0,0,1,4,3,12,5,20,16,64
SPO,2026-08-29,3,3,100,0,0,0,0,0,0,0,0,0,0,3,100
SPO,2026-08-30,3,3,100,0,0,0,0,0,0,0,0,0,0,1,33.33
SPO,2026-08-31,14,10,71.43,0,0,3,21.43,0,0,0,0,1,7.14,7,50
SPO,2026-09-01,14,13,92.86,0,0,0,0,1,7.14,0,0,0,0,11,78.57
SPO,2026-09-02,8,5,62.5,0,0,3,37.5,0,0,0,0,0,0,3,37.5
SPO,2026-09-03,11,4,36.36,0,0,4,36.36,0,0,0,0,3,27.27,4,36.36
SPO,2026-09-04,2,2,100,0,0,0,0,0,0,0,0,0,0,1,50
SPO,2026-09-05,9,5,55.56,0,0,2,22.22,0,0,0,0,2,22.22,3,33.33
SPO,2026-09-06,3,2,66.67,0,0,0,0,0,0,0,0,1,33.33,1,33.33
SPO,2026-09-07,5,5,100,0,0,0,0,0,0,0,0,0,0,3,60
SPO,2026-09-08,8,8,100,0,0,0,0,0,0,0,0,0,0,7,87.5
SPO,2026-09-09,8,6,75,0,0,0,0,0,0,0,0,2,25,6,75
SPO,2026-09-10,8,5,62.5,0,0,2,25,0,0,1,12.5,0,0,3,37.5
SPO,2026-09-11,14,11,78.57,0,0,2,14.29,1,7.14,0,0,0,0,8,57.14
SPO,2026-09-12,5,3,60,0,0,1,20,0,0,0,0,1,20,1,20
SPO,2026-09-13,4,3,75,0,0,0,0,1,25,0,0,0,0,2,50
SPO,2026-09-14,10,6,60,0,0,1,10,0,0,0,0,3,30,4,40
SPO,2026-09-15,11,7,63.64,0,0,1,9.09,1,9.09,0,0,2,18.18,4,36.36
SPO,2026-09-16,15,10,66.67,0,0,2,13.33,0,0,1,6.67,2,13.33,7,46.67
SPO,2026-09-17,8,4,50,0,0,0,0,3,37.5,0,0,1,12.5,3,37.5
SPO,2026-09-18,17,13,76.47,0,0,1,5.88,2,11.76,0,0,1,5.88,11,64.71
SPO,2026-09-19,13,10,76.92,0,0,2,15.38,0,0,1,7.69,0,0,9,69.23
SPO,2026-09-20,7,5,71.43,0,0,0,0,1,14.29,0,0,1,14.29,3,42.86
SPO,2026-09-21,12,10,83.33,0,0,0,0,0,0,1,8.33,1,8.33,8,66.67
SPO,2026-09-22,26,18,69.23,0,0,2,7.69,0,0,2,7.69,4,15.38,15,57.69
SPO,2026-09-23,14,10,71.43,0,0,0,0,0,0,1,7.14,3,21.43,8,57.14
SPO,2026-09-24,9,6,66.67,0,0,0,0,1,11.11,1,11.11,1,11.11,6,66.67
SPP,2026-09-01,1,0,0,0,0,0,0,0,0,0,0,1,100,0,0
SPP,2026-09-04,9,2,22.22,2,22.22,5,55.56,0,0,0,0,0,0,0,0
SPP,2026-09-05,124,63,50.81,15,12.1,35,28.23,1,0.81,1,0.81,9,7.26,42,33.87
SPP,2026-09-06,83,38,45.78,10,12.05,26,31.33,0,0,3,3.61,6,7.23,22,26.51
SPP,2026-09-07,44,21,47.73,7,15.91,11,25,0,0,0,0,5,11.36,21,47.73
SPP,2026-09-08,96,47,48.96,8,8.33,27,28.13,3,3.13,1,1.04,10,10.42,34,35.42
SPP,2026-09-09,116,59,50.86,17,14.66,25,21.55,0,0,3,2.59,12,10.34,44,37.93
SPP,2026-09-10,179,91,50.84,23,12.85,37,20.67,1,0.56,4,2.23,23,12.85,69,38.55
SPP,2026-09-11,70,29,41.43,9,12.86,17,24.29,2,2.86,4,5.71,9,12.86,18,25.71
SPP,2026-09-12,68,30,44.12,12,17.65,16,23.53,3,4.41,3,4.41,4,5.88,24,35.29
SPP,2026-09-13,34,19,55.88,4,11.76,2,5.88,0,0,3,8.82,6,17.65,14,41.18
SPP,2026-09-14,72,36,50,9,12.5,10,13.89,0,0,3,4.17,14,19.44,22,30.56
SRS,2026-08-29,3363,463,13.77,498,14.81,1315,39.1,74,2.2,180,5.35,833,24.77,347,10.32
SRS,2026-08-30,183,132,72.13,5,2.73,33,18.03,2,1.09,0,0,11,6.01,118,64.48
SRS,2026-08-31,1170,473,40.43,118,10.09,305,26.07,13,1.11,80,6.84,181,15.47,398,34.02
SRS,2026-09-01,400,293,73.25,14,3.5,52,13,7,1.75,3,0.75,31,7.75,270,67.5
SRS,2026-09-02,957,340,35.53,130,13.58,302,31.56,26,2.72,48,5.02,111,11.6,280,29.26
SRS,2026-09-03,2434,970,39.85,234,9.61,667,27.4,71,2.92,201,8.26,291,11.96,787,32.33
SRS,2026-09-10,1,0,0,0,0,1,100,0,0,0,0,0,0,0,0
SRS,2026-09-11,3164,909,28.73,342,10.81,1032,32.62,11,0.35,278,8.79,592,18.71,656,20.73
SRS,2026-09-12,2203,943,42.81,212,9.62,590,26.78,4,0.18,163,7.4,291,13.21,727,33
SRS,2026-09-13,3743,567,15.15,508,13.57,1343,35.88,44,1.18,318,8.5,963,25.73,455,12.16
SRS,2026-09-14,3138,1123,35.79,249,7.93,835,26.61,85,2.71,307,9.78,539,17.18,881,28.08
SRS,2026-09-15,7304,1806,24.73,730,9.99,2278,31.19,235,3.22,699,9.57,1556,21.3,1418,19.41
SRS,2026-09-16,4338,1096,25.27,446,10.28,1244,28.68,104,2.4,539,12.43,909,20.95,876,20.19
SRS,2026-09-17,4294,838,19.52,432,10.06,1057,24.62,97,2.26,555,12.93,1315,30.62,659,15.35
SRS,2026-09-18,4227,829,19.61,419,9.91,1040,24.6,115,2.72,450,10.65,1374,32.51,680,16.09
SRS,2026-09-19,4771,743,15.57,516,10.82,979,20.52,56,1.17,432,9.05,2045,42.86,569,11.93
SRS,2026-09-20,4311,672,15.59,512,11.88,773,17.93,87,2.02,460,10.67,1807,41.92,537,12.46
SRS,2026-09-21,5068,1320,26.05,521,10.28,812,16.02,196,3.87,497,9.81,1722,33.98,1056,20.84
SRS,2026-09-22,4117,1329,32.28,292,7.09,548,13.31,411,9.98,455,11.05,1082,26.28,1192,28.95
SRS,2026-09-23,3725,700,18.79,325,8.72,368,9.88,119,3.19,561,15.06,1652,44.35,590,15.84
SRS,2026-09-24,1285,429,33.39,78,6.07,61,4.75,48,3.74,185,14.4,484,37.67,386,30.04
SRS,2026-09-25,2964,479,16.16,205,6.92,87,2.94,53,1.79,668,22.54,1472,49.66,479,16.16
SRS,2026-09-26,5508,729,13.24,387,7.03,0,0,71,1.29,1410,25.6,2911,52.85,729,13.24
SRW,2026-09-01,1,0,0,0,0,1,100,0,0,0,0,0,0,0,0
SRW,2026-09-04,1,0,0,0,0,1,100,0,0,0,0,0,0,0,0
SRW,2026-09-08,416,183,43.99,63,15.14,142,34.13,0,0,13,3.13,15,3.61,141,33.89
SRW,2026-09-09,472,220,46.61,57,12.08,156,33.05,0,0,22,4.66,17,3.6,167,35.38
SRW,2026-09-10,422,204,48.34,47,11.14,126,29.86,0,0,28,6.64,17,4.03,159,37.68
SRW,2026-09-11,485,197,40.62,61,12.58,180,37.11,0,0,30,6.19,17,3.51,140,28.87
SRW,2026-09-12,487,216,44.35,56,11.5,153,31.42,0,0,39,8.01,23,4.72,154,31.62
SRW,2026-09-13,283,126,44.52,39,13.78,95,33.57,0,0,11,3.89,12,4.24,87,30.74
SRW,2026-09-14,271,117,43.17,40,14.76,83,30.63,0,0,25,9.23,6,2.21,97,35.79
SSS,2026-08-30,1,1,100,0,0,0,0,0,0,0,0,0,0,1,100
SSS,2026-08-31,2,1,50,0,0,1,50,0,0,0,0,0,0,1,50
SSS,2026-09-03,4,2,50,0,0,1,25,1,25,0,0,0,0,2,50
SSS,2026-09-04,3,2,66.67,1,33.33,0,0,0,0,0,0,0,0,2,66.67
SSS,2026-09-05,3,2,66.67,0,0,0,0,1,33.33,0,0,0,0,2,66.67
SSS,2026-09-09,4,3,75,0,0,0,0,1,25,0,0,0,0,2,50
SSS,2026-09-11,1,1,100,0,0,0,0,0,0,0,0,0,0,1,100
SSS,2026-09-14,6,4,66.67,0,0,0,0,0,0,1,16.67,1,16.67,1,16.67
SSS,2026-09-15,1,0,0,0,0,0,0,0,0,0,0,1,100,0,0
SSS,2026-09-16,1,0,0,0,0,0,0,0,0,0,0,1,100,0,0
SSS,2026-09-17,3,0,0,0,0,0,0,0,0,2,66.67,1,33.33,0,0
STC,2026-09-11,1,0,0,0,0,0,0,0,0,0,0,1,100,0,0
STC,2026-09-16,2,1,50,0,0,0,0,0,0,0,0,1,50,0,0
STC,2026-09-21,7,4,57.14,0,0,0,0,0,0,2,28.57,1,14.29,3,42.86
STC,2026-09-24,4,2,50,0,0,0,0,0,0,2,50,0,0,2,50
SWR,2026-08-29,5,4,80,0,0,1,20,0,0,0,0,0,0,4,80
SWR,2026-08-30,2,2,100,0,0,0,0,0,0,0,0,0,0,1,50
SWR,2026-08-31,5,4,80,0,0,1,20,0,0,0,0,0,0,4,80
SWR,2026-09-01,3,2,66.67,0,0,1,33.33,0,0,0,0,0,0,2,66.67
SWR,2026-09-02,4,4,100,0,0,0,0,0,0,0,0,0,0,3,75
SWR,2026-09-03,1,1,100,0,0,0,0,0,0,0,0,0,0,0,0
SWR,2026-09-04,2,1,50,0,0,0,0,0,0,0,0,1,50,1,50
SWR,2026-09-05,3,2,66.67,0,0,1,33.33,0,0,0,0,0,0,2,66.67
SWR,2026-09-06,1,1,100,0,0,0,0,0,0,0,0,0,0,1,100
SWR,2026-09-07,6,5,83.33,0,0,0,0,0,0,0,0,1,16.67,4,66.67
SWR,2026-09-08,1,0,0,0,0,1,100,0,0,0,0,0,0,0,0
SWR,2026-09-09,3,3,100,0,0,0,0,0,0,0,0,0,0,3,100
SWR,2026-09-10,3,3,100,0,0,0,0,0,0,0,0,0,0,3,100
SWR,2026-09-11,4,2,50,0,0,1,25,0,0,0,0,1,25,2,50
SWR,2026-09-12,6,5,83.33,0,0,0,0,0,0,0,0,1,16.67,4,66.67
SWR,2026-09-13,1,0,0,0,0,0,0,1,100,0,0,0,0,0,0
SWR,2026-09-14,2,2,100,0,0,0,0,0,0,0,0,0,0,1,50
SWR,2026-09-15,4,3,75,0,0,0,0,0,0,0,0,1,25,2,50
SWR,2026-09-16,2,2,100,0,0,0,0,0,0,0,0,0,0,1,50
SWR,2026-09-17,2,2,100,0,0,0,0,0,0,0,0,0,0,1,50
SWR,2026-09-18,11,10,90.91,0,0,0,0,0,0,0,0,1,9.09,6,54.55
SWR,2026-09-19,10,8,80,0,0,0,0,0,0,0,0,2,20,3,30
SWR,2026-09-20,1,0,0,0,0,0,0,1,100,0,0,0,0,0,0
SWR,2026-09-21,6,5,83.33,0,0,0,0,0,0,0,0,1,16.67,4,66.67
SWR,2026-09-22,2,1,50,0,0,0,0,1,50,0,0,0,0,0,0
SWR,2026-09-23,1,1,100,0,0,0,0,0,0,0,0,0,0,1,100
SWR,2026-09-24,1,1,100,0,0,0,0,0,0,0,0,0,0,1,100
SWR,2026-09-25,1,1,100,0,0,0,0,0,0,0,0,0,0,1,100
SWR,2026-09-26,1,0,0,0,0,0,0,0,0,1,100,0,0,0,0
TCR,2026-09-08,2,1,50,0,0,0,0,0,0,0,0,1,50,1,50
TCR,2026-09-21,1,1,100,0,0,0,0,0,0,0,0,0,0,0,0
TCR,2026-09-24,1,0,0,0,0,0,0,0,0,1,100,0,0,0,0
TDA,2026-09-19,1,1,100,0,0,0,0,0,0,0,0,0,0,1,100
TDS,2026-08-29,1,1,100,0,0,0,0,0,0,0,0,0,0,1,100
TDS,2026-09-02,1,0,0,0,0,0,0,1,100,0,0,0,0,0,0
TDS,2026-09-09,1,1,100,0,0,0,0,0,0,0,0,0,0,1,100
TDS,2026-09-17,1,1,100,0,0,0,0,0,0,0,0,0,0,1,100
TDS,2026-09-19,1,1,100,0,0,0,0,0,0,0,0,0,0,0,0
TDS,2026-09-22,1,1,100,0,0,0,0,0,0,0,0,0,0,0,0
TDS,2026-09-26,1,0,0,0,0,0,0,0,0,0,0,1,100,0,0
TEB,2026-08-29,1731,228,13.17,0,0,423,24.44,553,31.95,159,9.19,368,21.26,192,11.09
TEB,2026-08-30,1520,156,10.26,0,0,230,15.13,556,36.58,205,13.49,373,24.54,126,8.29
TEB,2026-08-31,1785,261,14.62,0,0,203,11.37,766,42.91,67,3.75,488,27.34,241,13.5
TEB,2026-09-01,1248,101,8.09,0,0,165,13.22,552,44.23,77,6.17,353,28.29,86,6.89
TEB,2026-09-02,3164,593,18.74,0,0,417,13.18,1010,31.92,254,8.03,890,28.13,520,16.43
TEB,2026-09-03,2084,304,14.59,0,0,444,21.31,478,22.94,271,13,587,28.17,259,12.43
TEB,2026-09-04,1885,278,14.75,0,0,228,12.1,649,34.43,236,12.52,494,26.21,232,12.31
TEB,2026-09-05,1535,202,13.16,0,0,486,31.66,218,14.2,262,17.07,367,23.91,158,10.29
TEB,2026-09-06,2496,271,10.86,0,0,412,16.51,702,28.13,393,15.75,718,28.77,228,9.13
TEB,2026-09-07,1830,238,13.01,0,0,254,13.88,518,28.31,285,15.57,535,29.23,189,10.33
TEB,2026-09-08,2243,210,9.36,0,0,389,17.34,466,20.78,355,15.83,823,36.69,167,7.45
TEB,2026-09-09,2058,351,17.06,0,0,324,15.74,404,19.63,315,15.31,664,32.26,305,14.82
TEB,2026-09-10,2444,425,17.39,0,0,487,19.93,373,15.26,310,12.68,849,34.74,362,14.81
TEB,2026-09-11,2347,392,16.7,0,0,343,14.61,505,21.52,308,13.12,799,34.04,315,13.42
TEB,2026-09-12,2694,435,16.15,0,0,909,33.74,266,9.87,427,15.85,657,24.39,316,11.73
TEB,2026-09-13,4470,647,14.47,0,0,1814,40.58,89,1.99,761,17.02,1159,25.93,530,11.86
TEB,2026-09-14,1655,218,13.17,0,0,255,15.41,370,22.36,327,19.76,485,29.31,186,11.24
TEB,2026-09-15,2015,227,11.27,0,0,308,15.29,496,24.62,304,15.09,680,33.75,193,9.58
TEB,2026-09-16,3432,300,8.74,0,0,394,11.48,1120,32.63,676,19.7,942,27.45,242,7.05
TEB,2026-09-17,2534,271,10.69,0,0,320,12.63,765,30.19,534,21.07,644,25.41,236,9.31
TEB,2026-09-18,2532,393,15.52,0,0,178,7.03,866,34.2,405,16,690,27.25,342,13.51
TEB,2026-09-19,2149,290,13.49,0,0,278,12.94,798,37.13,286,13.31,497,23.13,257,11.96
TEB,2026-09-20,4378,484,11.06,0,0,440,10.05,1141,26.06,955,21.81,1358,31.02,427,9.75
TEB,2026-09-21,1579,224,14.19,0,0,135,8.55,401,25.4,346,21.91,473,29.96,201,12.73
TEB,2026-09-22,3896,454,11.65,0,0,330,8.47,936,24.02,679,17.43,1497,38.42,407,10.45
TEB,2026-09-23,3626,307,8.47,0,0,459,12.66,769,21.21,700,19.31,1391,38.36,279,7.69
TEB,2026-09-24,2348,176,7.5,0,0,113,4.81,605,25.77,664,28.28,790,33.65,163,6.94
TEB,2026-09-25,2703,252,9.32,0,0,7,0.26,635,23.49,769,28.45,1040,38.48,252,9.32
TEB,2026-09-26,1954,232,11.87,0,0,0,0,252,12.9,646,33.06,824,42.17,232,11.87
THE,2026-09-03,1,1,100,0,0,0,0,0,0,0,0,0,0,0,0
THE,2026-09-17,1,0,0,0,0,1,100,0,0,0,0,0,0,0,0
TTN,2026-08-29,2,2,100,0,0,0,0,0,0,0,0,0,0,1,50
TTN,2026-08-30,4,3,75,0,0,1,25,0,0,0,0,0,0,2,50
TTN,2026-08-31,13,11,84.62,2,15.38,0,0,0,0,0,0,0,0,8,61.54
TTN,2026-09-01,10,9,90,0,0,1,10,0,0,0,0,0,0,9,90
TTN,2026-09-02,13,10,76.92,1,7.69,1,7.69,0,0,0,0,1,7.69,8,61.54
TTN,2026-09-03,33,19,57.58,5,15.15,4,12.12,0,0,0,0,5,15.15,13,39.39
TTN,2026-09-04,4,3,75,1,25,0,0,0,0,0,0,0,0,3,75
TTN,2026-09-05,10,8,80,0,0,0,0,0,0,0,0,2,20,8,80
TTN,2026-09-06,5,5,100,0,0,0,0,0,0,0,0,0,0,3,60
TTN,2026-09-07,5,5,100,0,0,0,0,0,0,0,0,0,0,5,100
TTN,2026-09-08,30,24,80,2,6.67,0,0,0,0,1,3.33,3,10,15,50
TTN,2026-09-09,22,20,90.91,0,0,0,0,0,0,1,4.55,1,4.55,17,77.27
TTN,2026-09-10,9,7,77.78,2,22.22,0,0,0,0,0,0,0,0,6,66.67
TTN,2026-09-11,9,6,66.67,1,11.11,0,0,0,0,0,0,2,22.22,2,22.22
TTN,2026-09-12,22,17,77.27,0,0,2,9.09,0,0,0,0,3,13.64,11,50
TTN,2026-09-13,8,7,87.5,0,0,0,0,0,0,0,0,1,12.5,5,62.5
TTN,2026-09-14,2,2,100,0,0,0,0,0,0,0,0,0,0,1,50
TTN,2026-09-15,6,6,100,0,0,0,0,0,0,0,0,0,0,6,100
TTN,2026-09-16,11,6,54.55,2,18.18,1,9.09,0,0,0,0,2,18.18,6,54.55
TTN,2026-09-17,12,11,91.67,0,0,1,8.33,0,0,0,0,0,0,7,58.33
TTN,2026-09-18,16,13,81.25,2,12.5,0,0,0,0,0,0,1,6.25,10,62.5
TTN,2026-09-19,21,18,85.71,2,9.52,0,0,0,0,0,0,1,4.76,13,61.9
TTN,2026-09-20,9,9,100,0,0,0,0,0,0,0,0,0,0,9,100
TTN,2026-09-21,10,8,80,1,10,0,0,0,0,1,10,0,0,6,60
TTN,2026-09-22,22,16,72.73,1,4.55,1,4.55,0,0,2,9.09,2,9.09,13,59.09
TTN,2026-09-23,15,10,66.67,0,0,0,0,0,0,1,6.67,4,26.67,10,66.67
TTN,2026-09-24,8,6,75,2,25,0,0,0,0,0,0,0,0,5,62.5
TTN,2026-09-25,8,3,37.5,1,12.5,0,0,0,0,2,25,2,25,3,37.5
TTN,2026-09-26,28,15,53.57,0,0,0,0,0,0,7,25,6,21.43,15,53.57
TVS,2026-08-29,13,9,69.23,1,7.69,2,15.38,0,0,1,7.69,0,0,7,53.85
TVS,2026-08-31,8,6,75,1,12.5,1,12.5,0,0,0,0,0,0,5,62.5
TVS,2026-09-01,20,17,85,1,5,1,5,1,5,0,0,0,0,15,75
TVS,2026-09-02,18,16,88.89,0,0,1,5.56,0,0,0,0,1,5.56,12,66.67
TVS,2026-09-03,6,5,83.33,0,0,0,0,0,0,0,0,1,16.67,3,50
TVS,2026-09-04,4,4,100,0,0,0,0,0,0,0,0,0,0,2,50
TVS,2026-09-05,9,9,100,0,0,0,0,0,0,0,0,0,0,6,66.67
TVS,2026-09-07,15,14,93.33,0,0,0,0,1,6.67,0,0,0,0,9,60
TVS,2026-09-08,12,11,91.67,0,0,0,0,0,0,0,0,1,8.33,9,75
TVS,2026-09-09,8,6,75,1,12.5,0,0,0,0,1,12.5,0,0,5,62.5
TVS,2026-09-10,10,8,80,1,10,0,0,0,0,0,0,1,10,4,40
TVS,2026-09-11,8,6,75,0,0,1,12.5,0,0,0,0,1,12.5,6,75
TVS,2026-09-12,13,8,61.54,1,7.69,0,0,0,0,0,0,4,30.77,4,30.77
TVS,2026-09-15,1,0,0,0,0,0,0,0,0,0,0,1,100,0,0
TVS,2026-09-16,21,19,90.48,0,0,0,0,0,0,1,4.76,1,4.76,17,80.95
TVS,2026-09-17,6,3,50,1,16.67,1,16.67,0,0,0,0,1,16.67,2,33.33
TVS,2026-09-18,13,12,92.31,0,0,0,0,0,0,1,7.69,0,0,9,69.23
TVS,2026-09-19,12,10,83.33,0,0,0,0,0,0,0,0,2,16.67,8,66.67
TVS,2026-09-21,15,8,53.33,1,6.67,2,13.33,0,0,1,6.67,3,20,7,46.67
TVS,2026-09-22,10,9,90,0,0,1,10,0,0,0,0,0,0,8,80
TVS,2026-09-23,10,9,90,0,0,0,0,0,0,0,0,1,10,8,80
TVS,2026-09-24,9,8,88.89,1,11.11,0,0,0,0,0,0,0,0,5,55.56
TVS,2026-09-25,10,4,40,0,0,0,0,0,0,4,40,2,20,4,40
TVS,2026-09-26,11,4,36.36,0,0,0,0,0,0,5,45.45,2,18.18,4,36.36
TWW,2026-08-29,17,5,29.41,2,11.76,8,47.06,0,0,0,0,2,11.76,4,23.53
TWW,2026-08-31,30,23,76.67,4,13.33,2,6.67,0,0,0,0,1,3.33,18,60
TWW,2026-09-01,15,9,60,0,0,5,33.33,0,0,1,6.67,0,0,8,53.33
TWW,2026-09-02,24,18,75,1,4.17,5,20.83,0,0,0,0,0,0,16,66.67
TWW,2026-09-03,17,14,82.35,0,0,1,5.88,1,5.88,1,5.88,0,0,8,47.06
TWW,2026-09-04,16,14,87.5,0,0,1,6.25,0,0,1,6.25,0,0,7,43.75
TWW,2026-09-05,19,12,63.16,1,5.26,6,31.58,0,0,0,0,0,0,8,42.11
TWW,2026-09-07,6,6,100,0,0,0,0,0,0,0,0,0,0,5,83.33
TWW,2026-09-08,21,20,95.24,0,0,1,4.76,0,0,0,0,0,0,16,76.19
TWW,2026-09-09,14,14,100,0,0,0,0,0,0,0,0,0,0,12,85.71
TWW,2026-09-10,41,12,29.27,9,21.95,5,12.2,2,4.88,3,7.32,10,24.39,8,19.51
TWW,2026-09-11,15,13,86.67,0,0,0,0,0,0,0,0,2,13.33,8,53.33
TWW,2026-09-12,27,20,74.07,2,7.41,3,11.11,0,0,1,3.7,1,3.7,10,37.04
TWW,2026-09-15,14,11,78.57,0,0,0,0,0,0,3,21.43,0,0,7,50
TWW,2026-09-16,41,19,46.34,2,4.88,8,19.51,1,2.44,2,4.88,9,21.95,15,36.59
TWW,2026-09-17,31,21,67.74,2,6.45,4,12.9,0,0,1,3.23,3,9.68,16,51.61
TWW,2026-09-18,3,3,100,0,0,0,0,0,0,0,0,0,0,3,100
TWW,2026-09-19,8,6,75,0,0,0,0,0,0,0,0,2,25,6,75
TWW,2026-09-21,17,14,82.35,0,0,0,0,0,0,0,0,3,17.65,12,70.59
TWW,2026-09-22,14,11,78.57,0,0,0,0,0,0,2,14.29,1,7.14,10,71.43
TWW,2026-09-23,18,13,72.22,0,0,2,11.11,0,0,0,0,3,16.67,12,66.67
TWW,2026-09-24,44,17,38.64,2,4.55,2,4.55,0,0,7,15.91,16,36.36,16,36.36
TWW,2026-09-25,23,11,47.83,1,4.35,0,0,0,0,6,26.09,5,21.74,11,47.83
TWW,2026-09-26,16,4,25,1,6.25,0,0,0,0,4,25,7,43.75,4,25
VEB,2026-09-08,1,1,100,0,0,0,0,0,0,0,0,0,0,1,100
VEB,2026-09-26,1,0,0,0,0,0,0,0,0,0,0,1,100,0,0
VEH,2026-08-29,2,2,100,0,0,0,0,0,0,0,0,0,0,1,50
VEH,2026-09-18,2,2,100,0,0,0,0,0,0,0,0,0,0,2,100
VEH,2026-09-23,1,1,100,0,0,0,0,0,0,0,0,0,0,1,100
VEH,2026-09-24,6,2,33.33,0,0,0,0,0,0,1,16.67,3,50,2,33.33
VEH,2026-09-26,1,1,100,0,0,0,0,0,0,0,0,0,0,1,100
VEL,2026-08-29,11,8,72.73,0,0,2,18.18,0,0,1,9.09,0,0,6,54.55
VEL,2026-08-31,8,8,100,0,0,0,0,0,0,0,0,0,0,7,87.5
VEL,2026-09-01,46,34,73.91,0,0,4,8.7,1,2.17,0,0,7,15.22,30,65.22
VEL,2026-09-02,13,11,84.62,0,0,1,7.69,0,0,0,0,1,7.69,10,76.92
VEL,2026-09-03,5,2,40,0,0,1,20,0,0,1,20,1,20,2,40
VEL,2026-09-04,6,5,83.33,0,0,1,16.67,0,0,0,0,0,0,3,50
VEL,2026-09-05,2,2,100,0,0,0,0,0,0,0,0,0,0,2,100
VEL,2026-09-07,9,7,77.78,0,0,0,0,1,11.11,1,11.11,0,0,6,66.67
VEL,2026-09-08,12,7,58.33,0,0,1,8.33,2,16.67,0,0,2,16.67,5,41.67
VEL,2026-09-09,9,8,88.89,0,0,0,0,1,11.11,0,0,0,0,8,88.89
VEL,2026-09-10,3,2,66.67,0,0,0,0,0,0,0,0,1,33.33,2,66.67
VEL,2026-09-11,10,5,50,0,0,4,40,0,0,0,0,1,10,3,30
VEL,2026-09-12,5,5,100,0,0,0,0,0,0,0,0,0,0,4,80
VEL,2026-09-14,2,2,100,0,0,0,0,0,0,0,0,0,0,0,0
VEL,2026-09-15,9,7,77.78,0,0,1,11.11,1,11.11,0,0,0,0,5,55.56
VEL,2026-09-16,14,8,57.14,0,0,2,14.29,2,14.29,0,0,2,14.29,5,35.71
VEL,2026-09-17,7,7,100,0,0,0,0,0,0,0,0,0,0,7,100
VEL,2026-09-18,6,5,83.33,0,0,1,16.67,0,0,0,0,0,0,4,66.67
VEL,2026-09-19,7,4,57.14,0,0,2,28.57,0,0,0,0,1,14.29,2,28.57
VEL,2026-09-21,3,2,66.67,0,0,0,0,0,0,0,0,1,33.33,2,66.67
VEL,2026-09-22,3,2,66.67,0,0,1,33.33,0,0,0,0,0,0,2,66.67
VEL,2026-09-23,8,5,62.5,0,0,1,12.5,0,0,0,0,2,25,5,62.5
VEL,2026-09-24,14,7,50,0,0,0,0,3,21.43,1,7.14,3,21.43,6,42.86
VEL,2026-09-25,5,4,80,0,0,0,0,0,0,0,0,1,20,4,80
VEL,2026-09-26,5,2,40,0,0,0,0,0,0,2,40,1,20,2,40
VER,2026-08-29,19,15,78.95,1,5.26,3,15.79,0,0,0,0,0,0,9,47.37
VER,2026-08-30,17,15,88.24,0,0,2,11.76,0,0,0,0,0,0,12,70.59
VER,2026-08-31,12,9,75,1,8.33,2,16.67,0,0,0,0,0,0,7,58.33
VER,2026-09-01,29,20,68.97,4,13.79,3,10.34,0,0,0,0,2,6.9,13,44.83
VER,2026-09-02,36,28,77.78,1,2.78,6,16.67,0,0,0,0,1,2.78,22,61.11
VER,2026-09-03,23,20,86.96,1,4.35,1,4.35,0,0,0,0,1,4.35,15,65.22
VER,2026-09-04,19,16,84.21,0,0,2,10.53,0,0,1,5.26,0,0,11,57.89
VER,2026-09-05,30,21,70,2,6.67,5,16.67,0,0,2,6.67,0,0,13,43.33
VER,2026-09-06,20,16,80,1,5,0,0,0,0,1,5,2,10,12,60
VER,2026-09-07,27,24,88.89,0,0,1,3.7,1,3.7,0,0,1,3.7,17,62.96
VER,2026-09-08,24,22,91.67,0,0,1,4.17,0,0,0,0,1,4.17,18,75
VER,2026-09-09,28,20,71.43,0,0,3,10.71,0,0,1,3.57,4,14.29,15,53.57
VER,2026-09-10,31,23,74.19,0,0,4,12.9,0,0,1,3.23,3,9.68,19,61.29
VER,2026-09-11,30,27,90,1,3.33,0,0,0,0,0,0,2,6.67,20,66.67
VER,2026-09-12,31,24,77.42,3,9.68,1,3.23,0,0,0,0,3,9.68,17,54.84
VER,2026-09-13,16,15,93.75,1,6.25,0,0,0,0,0,0,0,0,12,75
VER,2026-09-14,21,16,76.19,1,4.76,2,9.52,0,0,1,4.76,1,4.76,14,66.67
VER,2026-09-15,19,15,78.95,1,5.26,0,0,0,0,2,10.53,1,5.26,13,68.42
VER,2026-09-16,25,21,84,0,0,1,4,0,0,1,4,2,8,15,60
VER,2026-09-17,25,21,84,2,8,0,0,0,0,1,4,1,4,12,48
VER,2026-09-18,6,5,83.33,0,0,0,0,0,0,0,0,1,16.67,2,33.33
VET,2026-08-31,1,1,100,0,0,0,0,0,0,0,0,0,0,1,100
VIP,2026-08-29,8,4,50,0,0,4,50,0,0,0,0,0,0,1,12.5
VIP,2026-08-30,9,7,77.78,0,0,1,11.11,0,0,0,0,1,11.11,6,66.67
VIP,2026-08-31,8,8,100,0,0,0,0,0,0,0,0,0,0,8,100
VIP,2026-09-01,3,2,66.67,0,0,0,0,0,0,0,0,1,33.33,2,66.67
VIP,2026-09-03,6,6,100,0,0,0,0,0,0,0,0,0,0,5,83.33
VIP,2026-09-04,15,15,100,0,0,0,0,0,0,0,0,0,0,13,86.67
VIP,2026-09-05,13,10,76.92,0,0,1,7.69,0,0,0,0,2,15.38,8,61.54
VIP,2026-09-06,6,5,83.33,0,0,0,0,0,0,0,0,1,16.67,3,50
VIP,2026-09-07,6,4,66.67,0,0,0,0,1,16.67,0,0,1,16.67,3,50
VIP,2026-09-08,3,3,100,0,0,0,0,0,0,0,0,0,0,3,100
VIP,2026-09-09,6,6,100,0,0,0,0,0,0,0,0,0,0,4,66.67
VIP,2026-09-10,6,5,83.33,0,0,0,0,0,0,0,0,1,16.67,4,66.67
VIP,2026-09-11,1,0,0,0,0,1,100,0,0,0,0,0,0,0,0
VIP,2026-09-12,4,4,100,0,0,0,0,0,0,0,0,0,0,3,75
VIP,2026-09-13,2,2,100,0,0,0,0,0,0,0,0,0,0,1,50
VIP,2026-09-14,1,1,100,0,0,0,0,0,0,0,0,0,0,1,100
VIP,2026-09-15,5,5,100,0,0,0,0,0,0,0,0,0,0,2,40
VIP,2026-09-16,8,8,100,0,0,0,0,0,0,0,0,0,0,7,87.5
VIP,2026-09-17,8,5,62.5,0,0,0,0,0,0,0,0,3,37.5,3,37.5
VIP,2026-09-18,6,4,66.67,0,0,1,16.67,0,0,0,0,1,16.67,4,66.67
VIP,2026-09-19,7,3,42.86,0,0,1,14.29,2,28.57,0,0,1,14.29,2,28.57
VIP,2026-09-20,3,3,100,0,0,0,0,0,0,0,0,0,0,2,66.67
VIP,2026-09-21,11,10,90.91,0,0,1,9.09,0,0,0,0,0,0,8,72.73
VIP,2026-09-22,6,5,83.33,0,0,0,0,0,0,0,0,1,16.67,4,66.67
VIP,2026-09-23,2,2,100,0,0,0,0,0,0,0,0,0,0,1,50
VIP,2026-09-24,15,11,73.33,0,0,0,0,0,0,3,20,1,6.67,10,66.67
VIP,2026-09-25,12,4,33.33,0,0,0,0,1,8.33,1,8.33,6,50,4,33.33
VIP,2026-09-26,7,5,71.43,0,0,0,0,0,0,1,14.29,1,14.29,5,71.43
WIE,2026-09-01,4,4,100,0,0,0,0,0,0,0,0,0,0,4,100
WIE,2026-09-03,1,1,100,0,0,0,0,0,0,0,0,0,0,1,100
WIE,2026-09-04,1,1,100,0,0,0,0,0,0,0,0,0,0,1,100
WIE,2026-09-20,4,4,100,0,0,0,0,0,0,0,0,0,0,0,0
WIE,2026-09-21,1,1,100,0,0,0,0,0,0,0,0,0,0,1,100
WIQ,2026-08-29,3,3,100,0,0,0,0,0,0,0,0,0,0,3,100
WIQ,2026-08-30,1,1,100,0,0,0,0,0,0,0,0,0,0,1,100
WIQ,2026-08-31,1,0,0,0,0,1,100,0,0,0,0,0,0,0,0
WIQ,2026-09-01,5,5,100,0,0,0,0,0,0,0,0,0,0,1,20
WIQ,2026-09-02,4,3,75,0,0,0,0,0,0,1,25,0,0,3,75
WIQ,2026-09-03,8,8,100,0,0,0,0,0,0,0,0,0,0,8,100
WIQ,2026-09-04,9,6,66.67,0,0,2,22.22,0,0,0,0,1,11.11,5,55.56
WIQ,2026-09-05,6,5,83.33,0,0,1,16.67,0,0,0,0,0,0,4,66.67
WIQ,2026-09-06,3,1,33.33,0,0,2,66.67,0,0,0,0,0,0,0,0
WIQ,2026-09-07,19,16,84.21,0,0,1,5.26,0,0,0,0,2,10.53,10,52.63
WIQ,2026-09-08,6,5,83.33,0,0,0,0,0,0,0,0,1,16.67,4,66.67
WIQ,2026-09-09,5,5,100,0,0,0,0,0,0,0,0,0,0,4,80
WIQ,2026-09-10,7,5,71.43,0,0,2,28.57,0,0,0,0,0,0,3,42.86
WIQ,2026-09-11,9,7,77.78,0,0,1,11.11,0,0,0,0,1,11.11,3,33.33
WIQ,2026-09-12,3,3,100,0,0,0,0,0,0,0,0,0,0,2,66.67
WIQ,2026-09-13,1,1,100,0,0,0,0,0,0,0,0,0,0,0,0
WIQ,2026-09-14,17,13,76.47,0,0,1,5.88,0,0,2,11.76,1,5.88,13,76.47
WIQ,2026-09-15,26,22,84.62,0,0,0,0,0,0,0,0,4,15.38,20,76.92
WIQ,2026-09-16,8,7,87.5,0,0,0,0,0,0,1,12.5,0,0,3,37.5
WIQ,2026-09-17,3,3,100,0,0,0,0,0,0,0,0,0,0,1,33.33
WIQ,2026-09-18,2,1,50,0,0,0,0,0,0,0,0,1,50,1,50
WIQ,2026-09-19,7,5,71.43,0,0,2,28.57,0,0,0,0,0,0,5,71.43
WIQ,2026-09-20,28,18,64.29,0,0,1,3.57,0,0,1,3.57,8,28.57,15,53.57
WIQ,2026-09-21,14,14,100,0,0,0,0,0,0,0,0,0,0,11,78.57
WIQ,2026-09-22,18,10,55.56,0,0,1,5.56,0,0,3,16.67,4,22.22,10,55.56
WIQ,2026-09-23,9,7,77.78,0,0,0,0,0,0,1,11.11,1,11.11,7,77.78
WIQ,2026-09-24,8,8,100,0,0,0,0,0,0,0,0,0,0,7,87.5
WIQ,2026-09-25,5,3,60,0,0,0,0,0,0,0,0,2,40,3,60
WIQ,2026-09-26,1,1,100,0,0,0,0,0,0,0,0,0,0,1,100
YAN,2026-08-29,58,55,94.83,2,3.45,1,1.72,0,0,0,0,0,0,55,94.83
YAN,2026-08-30,31,30,96.77,0,0,1,3.23,0,0,0,0,0,0,27,87.1
YAN,2026-08-31,95,85,89.47,7,7.37,1,1.05,0,0,0,0,2,2.11,79,83.16
YAN,2026-09-01,45,39,86.67,4,8.89,0,0,0,0,0,0,2,4.44,37,82.22
YAN,2026-09-02,50,43,86,4,8,3,6,0,0,0,0,0,0,43,86
YAN,2026-09-03,58,52,89.66,1,1.72,3,5.17,0,0,0,0,2,3.45,44,75.86
YAN,2026-09-04,25,20,80,1,4,3,12,0,0,0,0,1,4,19,76
YAN,2026-09-05,27,27,100,0,0,0,0,0,0,0,0,0,0,26,96.3
YAN,2026-09-06,52,47,90.38,5,9.62,0,0,0,0,0,0,0,0,47,90.38
YAN,2026-09-07,78,75,96.15,3,3.85,0,0,0,0,0,0,0,0,71,91.03
YAN,2026-09-08,58,54,93.1,2,3.45,2,3.45,0,0,0,0,0,0,51,87.93
YAN,2026-09-09,51,45,88.24,5,9.8,1,1.96,0,0,0,0,0,0,42,82.35
YAN,2026-09-10,70,69,98.57,1,1.43,0,0,0,0,0,0,0,0,66,94.29
YAN,2026-09-11,102,92,90.2,5,4.9,2,1.96,0,0,0,0,3,2.94,88,86.27
YAN,2026-09-12,72,70,97.22,2,2.78,0,0,0,0,0,0,0,0,69,95.83
YAN,2026-09-13,60,57,95,1,1.67,1,1.67,0,0,0,0,1,1.67,52,86.67
YAN,2026-09-14,52,50,96.15,2,3.85,0,0,0,0,0,0,0,0,47,90.38
YAN,2026-09-15,42,37,88.1,3,7.14,0,0,0,0,0,0,2,4.76,35,83.33
YAN,2026-09-16,78,67,85.9,6,7.69,3,3.85,0,0,0,0,2,2.56,66,84.62
YAN,2026-09-17,67,63,94.03,2,2.99,2,2.99,0,0,0,0,0,0,61,91.04
YAN,2026-09-18,52,48,92.31,1,1.92,0,0,0,0,0,0,3,5.77,47,90.38
YAN,2026-09-19,37,36,97.3,1,2.7,0,0,0,0,0,0,0,0,32,86.49
YAN,2026-09-20,101,98,97.03,2,1.98,1,0.99,0,0,0,0,0,0,98,97.03
YAN,2026-09-21,58,56,96.55,0,0,1,1.72,0,0,0,0,1,1.72,55,94.83
YAN,2026-09-22,60,54,90,2,3.33,0,0,0,0,0,0,4,6.67,52,86.67
YAN,2026-09-23,124,111,89.52,10,8.06,1,0.81,0,0,1,0.81,1,0.81,110,88.71
YAN,2026-09-24,35,32,91.43,1,2.86,1,2.86,0,0,0,0,1,2.86,31,88.57
YAN,2026-09-25,136,133,97.79,1,0.74,0,0,0,0,0,0,2,1.47,133,97.79
YAN,2026-09-26,48,36,75,2,4.17,0,0,0,0,5,10.42,5,10.42,36,75
ZBV,2026-09-08,1,0,0,0,0,0,0,0,0,0,0,1,100,0,0
ZEE,2026-08-29,1,1,100,0,0,0,0,0,0,0,0,0,0,1,100
ZEE,2026-09-04,1,0,0,0,0,1,100,0,0,0,0,0,0,0,0
ZEE,2026-09-08,1,0,0,0,0,1,100,0,0,0,0,0,0,0,0
ZEE,2026-09-10,2,2,100,0,0,0,0,0,0,0,0,0,0,1,50
ZEE,2026-09-11,1,1,100,0,0,0,0,0,0,0,0,0,0,1,100
ZEE,2026-09-14,2,2,100,0,0,0,0,0,0,0,0,0,0,1,50
ZEE,2026-09-15,1,1,100,0,0,0,0,0,0,0,0,0,0,1,100
ZEE,2026-09-17,1,1,100,0,0,0,0,0,0,0,0,0,0,1,100
ZEE,2026-09-18,1,0,0,0,0,0,0,0,0,0,0,1,100,0,0
ZEE,2026-09-24,1,0,0,0,0,0,0,0,0,0,0,1,100,0,0
ZIK,2026-08-31,1,1,100,0,0,0,0,0,0,0,0,0,0,1,100
ZIK,2026-09-07,3,3,100,0,0,0,0,0,0,0,0,0,0,2,66.67
ZIK,2026-09-22,2,0,0,0,0,0,0,0,0,2,100,0,0,0,0
ZIK,2026-09-24,1,0,0,0,0,0,0,0,0,1,100,0,0,0,0
ZZN,2026-08-31,1,0,0,0,0,0,0,0,0,0,0,1,100,0,0
ZZN,2026-09-01,6,0,0,0,0,1,16.67,5,83.33,0,0,0,0,0,0
