seller_type,day,total_shipments,cancelled,cancelled_pct,cancelled_d2_cum,cancelled_d2_cum_pct,pickup_d0,pickup_d1_cum,pickup_d2_cum,pickup_d3_cum,pickup_d4plus_cum,pickup_pending,pickup_qc_failed,pickup_not_attempted,attempt_d0,attempt_d1_cum,attempt_d2_cum,attempt_d3_cum,attempt_d4plus_cum,attempt_qc_failed,attempt_not_attempted,pickup_d0_pct,pickup_d1_cum_pct,pickup_d2_cum_pct,pickup_qc_failed_pct,attempt_d0_pct,attempt_d1_cum_pct,attempt_d2_cum_pct,attempt_qc_failed_pct
AAJ,2026-05-21,1,0,0,0,0,0,0,0,0,0,1,0,0,0,1,1,1,1,0,0,0,0,0,0,0,100,100,0
ABF,2026-05-08,48,0,0,0,0,0,0,0,0,0,1,0,47,0,0,0,0,1,0,47,0,0,0,0,0,0,0,0
ABF,2026-05-09,69,0,0,0,0,0,0,0,0,1,3,0,65,0,0,0,0,4,0,65,0,0,0,0,0,0,0,0
ABF,2026-05-10,84,0,0,0,0,0,0,0,0,4,2,0,78,0,0,0,0,6,0,78,0,0,0,0,0,0,0,0
ABF,2026-05-11,91,3,3.3,0,0,0,0,0,7,10,16,1,64,0,0,0,18,25,1,65,0,0,0,1.1,0,0,0,1.1
ABF,2026-05-12,77,1,1.3,0,0,0,0,10,15,20,6,0,51,0,0,16,22,26,0,51,0,0,13,0,0,0,20.8,0
ABF,2026-05-13,81,1,1.2,0,0,0,37,47,54,59,8,4,10,0,57,64,66,67,4,10,0,45.7,58,4.9,0,70.4,79,4.9
ABF,2026-05-14,84,2,2.4,0,0,4,46,59,62,67,7,6,4,5,63,68,69,74,6,4,4.8,54.8,70.2,7.1,6,75,81,7.1
ABF,2026-05-15,68,3,4.4,0,0,4,36,43,48,51,9,5,3,8,48,54,59,60,5,3,5.9,52.9,63.2,7.4,11.8,70.6,79.4,7.4
ABF,2026-05-16,81,1,1.2,0,0,8,44,47,54,58,10,7,6,12,60,63,65,68,7,6,9.9,54.3,58,8.6,14.8,74.1,77.8,8.6
ABF,2026-05-17,70,1,1.4,0,0,5,42,54,61,63,2,3,2,8,53,63,65,65,3,2,7.1,60,77.1,4.3,11.4,75.7,90,4.3
ABF,2026-05-18,80,6,7.5,0,0,4,45,53,56,57,13,4,6,8,61,69,70,70,4,6,5,56.3,66.3,5,10,76.3,86.3,5
ABF,2026-05-19,86,1,1.2,0,0,4,50,60,61,64,11,8,3,13,65,72,72,75,8,3,4.7,58.1,69.8,9.3,15.1,75.6,83.7,9.3
ABF,2026-05-20,85,0,0,0,0,3,58,64,66,69,8,5,3,5,68,72,75,77,5,3,3.5,68.2,75.3,5.9,5.9,80,84.7,5.9
ABF,2026-05-21,81,2,2.5,1,1.2,9,44,51,53,58,10,9,4,12,62,66,66,68,9,4,11.1,54.3,63,11.1,14.8,76.5,81.5,11.1
ABF,2026-05-22,89,1,1.1,0,0,6,43,56,60,67,3,11,8,6,52,61,64,70,11,8,6.7,48.3,62.9,12.4,6.7,58.4,68.5,12.4
ABF,2026-05-23,73,3,4.1,0,0,2,34,39,47,52,11,7,3,3,42,48,58,63,7,3,2.7,46.6,53.4,9.6,4.1,57.5,65.8,9.6
ABF,2026-05-24,60,1,1.7,0,0,6,27,34,36,38,8,9,5,8,38,43,45,46,9,5,10,45,56.7,15,13.3,63.3,71.7,15
ABF,2026-05-25,95,1,1.1,0,0,7,55,64,67,72,8,11,4,9,71,74,77,80,11,4,7.4,57.9,67.4,11.6,9.5,74.7,77.9,11.6
ABF,2026-05-26,111,0,0,0,0,12,61,74,83,86,10,9,6,14,81,86,88,96,9,6,10.8,55,66.7,8.1,12.6,73,77.5,8.1
ABF,2026-05-27,107,2,1.9,0,0,14,62,71,83,88,6,10,3,15,77,82,90,94,10,3,13.1,57.9,66.4,9.3,14,72,76.6,9.3
ABF,2026-05-28,111,1,0.9,0,0,8,57,69,72,79,11,18,3,9,71,79,83,90,18,3,7.2,51.4,62.2,16.2,8.1,64,71.2,16.2
ABF,2026-05-29,114,3,2.6,0,0,8,66,73,77,84,19,4,7,10,84,93,99,103,4,7,7,57.9,64,3.5,8.8,73.7,81.6,3.5
ABF,2026-05-30,93,0,0,0,0,5,54,67,73,78,4,7,4,7,66,74,76,82,7,4,5.4,58.1,72,7.5,7.5,71,79.6,7.5
ABF,2026-05-31,115,1,0.9,0,0,1,50,67,78,85,6,14,10,12,71,80,87,91,14,10,0.9,43.5,58.3,12.2,10.4,61.7,69.6,12.2
ABF,2026-06-01,122,4,3.3,2,1.6,2,54,68,75,90,14,10,8,4,71,87,91,104,10,8,1.6,44.3,55.7,8.2,3.3,58.2,71.3,8.2
ABF,2026-06-02,123,1,0.8,0,0,13,65,80,86,90,11,15,7,15,81,91,99,101,15,7,10.6,52.8,65,12.2,12.2,65.9,74,12.2
ABF,2026-06-03,157,1,0.6,0,0,10,90,110,120,125,14,14,4,16,123,131,132,139,14,4,6.4,57.3,70.1,8.9,10.2,78.3,83.4,8.9
ABF,2026-06-04,158,7,4.4,0,0,14,86,93,106,111,19,15,13,17,113,121,125,130,15,13,8.9,54.4,58.9,9.5,10.8,71.5,76.6,9.5
ABF,2026-06-05,126,2,1.6,0,0,9,57,75,75,81,17,12,16,11,80,93,95,98,12,16,7.1,45.2,59.5,9.5,8.7,63.5,73.8,9.5
ABF,2026-06-06,100,2,2,0,0,12,47,66,69,69,10,6,15,13,58,77,79,79,6,15,12,47,66,6,13,58,77,6
ABF,2026-06-07,109,1,0.9,0,0,8,57,72,78,81,7,10,11,10,73,85,87,88,10,11,7.3,52.3,66.1,9.2,9.2,67,78,9.2
ABF,2026-06-08,138,3,2.2,1,0.7,7,70,81,92,103,16,8,11,10,88,104,114,119,8,11,5.1,50.7,58.7,5.8,7.2,63.8,75.4,5.8
ABF,2026-06-09,119,3,2.5,0,0,11,63,83,83,88,14,8,9,14,78,93,95,102,8,9,9.2,52.9,69.7,6.7,11.8,65.5,78.2,6.7
ABF,2026-06-10,156,6,3.8,0,0,19,78,99,106,110,17,14,15,26,106,121,126,127,14,15,12.2,50,63.5,9,16.7,67.9,77.6,9
ABF,2026-06-11,143,4,2.8,0,0,8,82,100,104,109,16,9,9,13,98,116,120,125,9,9,5.6,57.3,69.9,6.3,9.1,68.5,81.1,6.3
ABF,2026-06-12,110,7,6.4,0,0,3,47,60,67,68,18,8,16,7,69,81,84,86,8,16,2.7,42.7,54.5,7.3,6.4,62.7,73.6,7.3
ABF,2026-06-13,127,2,1.6,0,0,16,72,94,99,102,8,9,8,19,88,105,108,110,9,8,12.6,56.7,74,7.1,15,69.3,82.7,7.1
ABF,2026-06-14,115,5,4.3,0,0,6,54,74,77,83,17,5,10,10,78,94,97,100,5,10,5.2,47,64.3,4.3,8.7,67.8,81.7,4.3
ABF,2026-06-15,167,11,6.6,1,0.6,9,78,93,99,109,17,12,29,12,109,119,121,126,12,29,5.4,46.7,55.7,7.2,7.2,65.3,71.3,7.2
ABF,2026-06-16,121,4,3.3,0,0,14,78,92,101,104,5,2,10,23,93,105,107,109,2,10,11.6,64.5,76,1.7,19,76.9,86.8,1.7
ABF,2026-06-17,142,4,2.8,1,0.7,6,77,99,103,104,12,8,18,9,102,111,114,116,8,18,4.2,54.2,69.7,5.6,6.3,71.8,78.2,5.6
ABF,2026-06-18,123,1,0.8,0,0,15,62,76,82,85,13,22,3,20,85,97,97,98,22,3,12.2,50.4,61.8,17.9,16.3,69.1,78.9,17.9
ABF,2026-06-19,130,3,2.3,1,0.8,9,58,67,76,81,12,21,16,12,73,80,85,93,21,16,6.9,44.6,51.5,16.2,9.2,56.2,61.5,16.2
ABF,2026-06-20,116,2,1.7,0,0,18,58,73,80,89,13,10,4,22,84,91,98,102,10,4,15.5,50,62.9,8.6,19,72.4,78.4,8.6
ABF,2026-06-21,104,0,0,0,0,13,62,72,74,76,9,13,6,20,79,83,85,85,13,6,12.5,59.6,69.2,12.5,19.2,76,79.8,12.5
ABF,2026-06-22,149,7,4.7,1,0.7,6,70,86,99,105,15,9,20,9,91,108,116,120,9,20,4,47,57.7,6,6,61.1,72.5,6
ABF,2026-06-23,154,4,2.6,0,0,16,87,103,110,113,19,9,13,26,112,120,126,132,9,13,10.4,56.5,66.9,5.8,16.9,72.7,77.9,5.8
ABF,2026-06-24,150,2,1.3,1,0.7,9,92,104,108,114,14,12,10,13,117,123,126,128,12,10,6,61.3,69.3,8,8.7,78,82,8
ABF,2026-06-25,137,4,2.9,0,0,9,65,78,83,85,22,19,11,11,93,99,103,107,19,11,6.6,47.4,56.9,13.9,8,67.9,72.3,13.9
ABF,2026-06-26,120,3,2.5,0,0,14,63,74,88,92,16,5,7,17,83,90,99,108,5,7,11.7,52.5,61.7,4.2,14.2,69.2,75,4.2
ABF,2026-06-27,154,4,2.6,0,0,9,76,104,112,115,10,13,16,18,89,119,124,125,13,16,5.8,49.4,67.5,8.4,11.7,57.8,77.3,8.4
ABF,2026-06-28,95,0,0,0,0,3,54,65,69,71,8,10,6,5,67,74,77,79,10,6,3.2,56.8,68.4,10.5,5.3,70.5,77.9,10.5
ABF,2026-06-29,188,2,1.1,0,0,5,90,114,122,129,26,17,16,10,134,146,152,155,17,16,2.7,47.9,60.6,9,5.3,71.3,77.7,9
ABF,2026-06-30,126,3,2.4,0,0,17,80,90,92,96,14,11,5,27,102,105,107,110,11,5,13.5,63.5,71.4,8.7,21.4,81,83.3,8.7
ABF,2026-07-01,118,4,3.4,0,0,18,70,79,83,86,16,9,7,28,88,95,102,102,9,7,15.3,59.3,66.9,7.6,23.7,74.6,80.5,7.6
ABF,2026-07-02,42,0,0,0,0,7,29,30,31,35,1,4,2,8,33,34,36,36,4,2,16.7,69,71.4,9.5,19,78.6,81,9.5
ABF,2026-07-03,149,6,4,0,0,11,80,93,104,113,13,14,9,13,108,116,119,126,14,9,7.4,53.7,62.4,9.4,8.7,72.5,77.9,9.4
ABF,2026-07-04,172,4,2.3,0,0,16,86,108,121,130,23,7,12,20,125,140,148,153,7,12,9.3,50,62.8,4.1,11.6,72.7,81.4,4.1
ABF,2026-07-05,158,5,3.2,1,0.6,9,74,102,110,124,10,13,11,15,107,122,127,134,13,11,5.7,46.8,64.6,8.2,9.5,67.7,77.2,8.2
ABF,2026-07-06,175,2,1.1,1,0.6,13,88,115,121,134,20,11,10,22,119,139,141,154,11,10,7.4,50.3,65.7,6.3,12.6,68,79.4,6.3
ABF,2026-07-07,194,7,3.6,1,0.5,11,77,106,122,130,38,12,14,21,119,151,160,168,12,14,5.7,39.7,54.6,6.2,10.8,61.3,77.8,6.2
ABF,2026-07-08,240,3,1.3,0,0,21,111,159,170,180,23,16,21,28,167,188,194,203,16,21,8.8,46.3,66.3,6.7,11.7,69.6,78.3,6.7
ABF,2026-07-09,235,7,3,0,0,17,122,155,166,172,24,14,25,32,160,180,189,196,14,25,7.2,51.9,66,6,13.6,68.1,76.6,6
ABF,2026-07-10,177,3,1.7,0,0,18,74,90,102,117,24,16,20,25,115,122,129,141,16,20,10.2,41.8,50.8,9,14.1,65,68.9,9
ABF,2026-07-11,110,2,1.8,0,0,12,56,71,78,87,10,7,6,18,71,87,92,97,7,6,10.9,50.9,64.5,6.4,16.4,64.5,79.1,6.4
ABF,2026-07-12,132,0,0,0,0,8,60,86,99,108,9,12,3,12,84,100,113,117,12,3,6.1,45.5,65.2,9.1,9.1,63.6,75.8,9.1
ABF,2026-07-13,107,0,0,0,0,5,56,68,72,80,10,15,2,7,68,74,79,90,15,2,4.7,52.3,63.6,14,6.5,63.6,69.2,14
ABF,2026-07-14,145,0,0,0,0,6,75,96,104,110,13,16,6,9,99,115,117,123,16,6,4.1,51.7,66.2,11,6.2,68.3,79.3,11
ABF,2026-07-15,132,2,1.5,0,0,11,62,75,78,85,18,14,15,15,78,89,91,103,14,15,8.3,47,56.8,10.6,11.4,59.1,67.4,10.6
ABF,2026-07-16,113,1,0.9,0,0,9,61,70,78,85,13,15,0,12,83,89,91,98,15,0,8,54,61.9,13.3,10.6,73.5,78.8,13.3
ABF,2026-07-17,144,1,0.7,0,0,8,58,73,84,99,26,17,2,17,88,106,116,125,17,2,5.6,40.3,50.7,11.8,11.8,61.1,73.6,11.8
ABF,2026-07-18,115,1,0.9,0,0,7,46,61,70,85,15,12,3,10,67,83,87,100,12,3,6.1,40,53,10.4,8.7,58.3,72.2,10.4
ABF,2026-07-19,118,0,0,0,0,9,48,73,80,93,15,10,0,16,76,95,99,108,10,0,7.6,40.7,61.9,8.5,13.6,64.4,80.5,8.5
ABF,2026-07-20,138,2,1.4,0,0,11,64,73,81,91,23,18,6,14,92,98,101,114,18,6,8,46.4,52.9,13,10.1,66.7,71,13
ABF,2026-07-21,95,1,1.1,0,0,5,37,51,54,70,14,6,5,12,52,65,69,84,6,5,5.3,38.9,53.7,6.3,12.6,54.7,68.4,6.3
ABF,2026-07-22,103,2,1.9,2,1.9,11,45,60,73,84,9,7,3,16,70,78,88,93,7,3,10.7,43.7,58.3,6.8,15.5,68,75.7,6.8
ABF,2026-07-23,217,0,0,0,0,3,95,130,140,170,21,22,4,7,135,159,162,191,22,4,1.4,43.8,59.9,10.1,3.2,62.2,73.3,10.1
ABF,2026-07-24,255,2,0.8,0,0,15,140,168,181,207,24,23,1,22,180,200,210,231,23,1,5.9,54.9,65.9,9,8.6,70.6,78.4,9
ABF,2026-07-25,226,1,0.4,0,0,27,106,146,165,185,21,17,3,33,151,175,186,206,17,3,11.9,46.9,64.6,7.5,14.6,66.8,77.4,7.5
ABF,2026-07-26,178,0,0,0,0,20,109,129,137,151,11,13,3,23,126,144,151,162,13,3,11.2,61.2,72.5,7.3,12.9,70.8,80.9,7.3
ABF,2026-07-27,228,3,1.3,1,0.4,14,111,142,154,170,22,26,10,17,148,171,180,192,26,10,6.1,48.7,62.3,11.4,7.5,64.9,75,11.4
ABF,2026-07-28,227,1,0.4,1,0.4,20,123,156,171,189,11,22,5,28,166,181,188,200,22,5,8.8,54.2,68.7,9.7,12.3,73.1,79.7,9.7
ABF,2026-07-29,227,3,1.3,0,0,16,126,163,173,189,19,12,7,25,165,190,197,208,12,7,7,55.5,71.8,5.3,11,72.7,83.7,5.3
ABF,2026-07-30,246,10,4.1,0,0,16,146,165,175,190,29,17,10,24,181,196,202,219,17,10,6.5,59.3,67.1,6.9,9.8,73.6,79.7,6.9
ABF,2026-07-31,198,2,1,0,0,30,118,131,143,154,19,16,9,35,150,160,163,173,16,9,15.2,59.6,66.2,8.1,17.7,75.8,80.8,8.1
ABF,2026-08-01,211,2,0.9,0,0,18,108,147,163,176,12,9,14,24,152,178,183,188,9,14,8.5,51.2,69.7,4.3,11.4,72,84.4,4.3
ABF,2026-08-02,188,0,0,0,0,19,116,138,150,160,13,12,3,21,144,158,168,173,12,3,10.1,61.7,73.4,6.4,11.2,76.6,84,6.4
ABF,2026-08-03,266,2,0.8,0,0,26,142,172,188,203,27,19,17,37,192,211,218,230,19,17,9.8,53.4,64.7,7.1,13.9,72.2,79.3,7.1
ABF,2026-08-04,231,0,0,0,0,22,130,158,165,179,24,21,7,36,168,186,192,203,21,7,9.5,56.3,68.4,9.1,15.6,72.7,80.5,9.1
ABF,2026-08-05,186,2,1.1,2,1.1,12,111,134,141,150,12,10,14,20,133,154,160,162,10,14,6.5,59.7,72,5.4,10.8,71.5,82.8,5.4
ABF,2026-08-06,242,0,0,0,0,14,141,159,168,173,31,17,21,16,185,195,200,204,17,21,5.8,58.3,65.7,7,6.6,76.4,80.6,7
ABF,2026-08-07,210,0,0,0,0,18,113,140,153,153,29,7,21,30,159,174,182,182,7,21,8.6,53.8,66.7,3.3,14.3,75.7,82.9,3.3
ABF,2026-08-08,250,0,0,0,0,18,149,176,176,176,32,16,26,26,196,208,208,208,16,26,7.2,59.6,70.4,6.4,10.4,78.4,83.2,6.4
ABF,2026-08-09,235,0,0,0,0,18,121,121,121,121,50,5,59,24,171,171,171,171,5,59,7.7,51.5,51.5,2.1,10.2,72.8,72.8,2.1
ABF,2026-08-10,211,0,0,0,0,9,9,9,9,9,6,3,193,15,15,15,15,15,3,193,4.3,4.3,4.3,1.4,7.1,7.1,7.1,1.4
AFN,2026-07-18,1,0,0,0,0,0,1,1,1,1,0,0,0,0,1,1,1,1,0,0,0,100,100,0,0,100,100,0
AIA,2026-08-07,3174,36,1.1,0,0,164,456,600,669,669,1580,0,925,826,1951,2131,2249,2249,0,925,5.2,14.4,18.9,0,26,61.5,67.1,0
AIA,2026-08-08,4088,59,1.4,58,1.4,356,661,837,837,837,2087,0,1164,1841,2702,2924,2924,2924,0,1164,8.7,16.2,20.5,0,45,66.1,71.5,0
AIA,2026-08-09,3094,13,0.4,13,0.4,286,483,483,483,483,1516,0,1095,1409,1999,1999,1999,1999,0,1095,9.2,15.6,15.6,0,45.5,64.6,64.6,0
AIA,2026-08-10,3438,6,0.2,6,0.2,294,294,294,294,294,1387,0,1757,1678,1681,1681,1681,1681,0,1757,8.6,8.6,8.6,0,48.8,48.9,48.9,0
AIT,2026-05-08,12,0,0,0,0,0,0,0,0,0,4,0,8,0,0,0,0,4,0,8,0,0,0,0,0,0,0,0
AIT,2026-05-09,1356,91,6.7,0,0,0,0,0,0,46,431,0,879,0,0,0,0,474,0,882,0,0,0,0,0,0,0,0
AIT,2026-05-10,2795,143,5.1,0,0,0,0,0,0,127,968,0,1700,0,0,0,0,1093,0,1702,0,0,0,0,0,0,0,0
AIT,2026-05-11,3898,224,5.7,0,0,0,0,0,106,219,2044,0,1635,0,0,0,1618,2261,0,1637,0,0,0,0,0,0,0,0
AIT,2026-05-12,4274,274,6.4,11,0.3,0,0,150,231,326,2380,0,1568,0,0,1971,2320,2700,0,1574,0,0,3.5,0,0,0,46.1,0
AIT,2026-05-13,2851,213,7.5,5,0.2,0,206,326,383,439,1795,0,617,0,1640,1930,2070,2234,0,617,0,7.2,11.4,0,0,57.5,67.7,0
AIT,2026-05-14,4551,366,8,17,0.4,342,587,717,766,815,2933,0,803,2241,3231,3474,3571,3748,0,803,7.5,12.9,15.8,0,49.2,71,76.3,0
AIT,2026-05-15,4456,407,9.1,6,0.1,280,514,635,696,718,2801,0,937,2116,3046,3258,3407,3519,0,937,6.3,11.5,14.3,0,47.5,68.4,73.1,0
AIT,2026-05-16,4799,522,10.9,79,1.6,409,584,693,710,724,2957,0,1118,2908,3309,3578,3606,3681,0,1118,8.5,12.2,14.4,0,60.6,69,74.6,0
AIT,2026-05-17,4368,575,13.2,560,12.8,262,473,531,542,553,2534,0,1281,1894,2937,2992,3012,3087,0,1281,6,10.8,12.2,0,43.4,67.2,68.5,0
AIT,2026-05-18,5055,771,15.3,771,15.3,391,463,481,486,491,2742,0,1822,3016,3127,3145,3165,3233,0,1822,7.7,9.2,9.5,0,59.7,61.9,62.2,0
AIT,2026-05-19,5047,777,15.4,775,15.4,368,437,451,456,471,2851,0,1725,3013,3201,3226,3234,3322,0,1725,7.3,8.7,8.9,0,59.7,63.4,63.9,0
AIT,2026-05-20,4905,147,3,115,2.3,160,426,556,637,712,2719,0,1474,1330,3302,3351,3357,3431,0,1474,3.3,8.7,11.3,0,27.1,67.3,68.3,0
AIT,2026-05-21,6822,241,3.5,179,2.6,728,1050,1222,1275,1358,3154,0,2310,4251,4371,4389,4395,4512,0,2310,10.7,15.4,17.9,0,62.3,64.1,64.3,0
AIT,2026-05-22,5188,137,2.6,1,0,366,556,660,725,857,3524,0,807,2931,3665,3853,4035,4381,0,807,7.1,10.7,12.7,0,56.5,70.6,74.3,0
AIT,2026-05-23,2774,95,3.4,3,0.1,222,372,478,524,608,1773,0,393,1381,1884,2070,2167,2381,0,393,8,13.4,17.2,0,49.8,67.9,74.6,0
AIT,2026-05-24,3383,133,3.9,6,0.2,306,498,645,717,819,1976,0,588,1499,2173,2434,2561,2795,0,588,9,14.7,19.1,0,44.3,64.2,71.9,0
AIT,2026-05-25,5198,205,3.9,5,0.1,358,620,796,886,985,3312,0,901,2829,3559,3836,3962,4297,0,901,6.9,11.9,15.3,0,54.4,68.5,73.8,0
AIT,2026-05-26,1527,49,3.2,0,0,143,255,305,326,350,998,0,179,827,1208,1269,1283,1348,0,179,9.4,16.7,20,0,54.2,79.1,83.1,0
AIT,2026-05-27,1975,46,2.3,0,0,264,433,498,533,577,1140,0,258,1228,1503,1577,1624,1717,0,258,13.4,21.9,25.2,0,62.2,76.1,79.8,0
AIT,2026-05-28,1365,36,2.6,0,0,140,231,289,314,345,807,0,213,782,994,1060,1101,1152,0,213,10.3,16.9,21.2,0,57.3,72.8,77.7,0
AIT,2026-05-29,1840,43,2.3,0,0,234,352,396,428,481,1080,0,279,1074,1366,1435,1471,1561,0,279,12.7,19.1,21.5,0,58.4,74.2,78,0
AIT,2026-05-30,2265,71,3.1,0,0,271,389,463,516,568,1336,0,361,1282,1572,1691,1789,1904,0,361,12,17.2,20.4,0,56.6,69.4,74.7,0
AIT,2026-05-31,2416,90,3.7,8,0.3,170,301,381,410,452,1569,0,395,1195,1658,1809,1895,2021,0,395,7,12.5,15.8,0,49.5,68.6,74.9,0
AIT,2026-06-01,1608,64,4,23,1.4,103,180,231,248,271,1032,0,305,828,1123,1208,1253,1303,0,305,6.4,11.2,14.4,0,51.5,69.8,75.1,0
AIT,2026-06-02,1181,51,4.3,7,0.6,91,152,190,202,213,757,0,211,636,864,913,927,970,0,211,7.7,12.9,16.1,0,53.9,73.2,77.3,0
AIT,2026-06-03,1188,48,4,7,0.6,84,147,177,190,212,758,0,218,647,840,898,923,970,0,218,7.1,12.4,14.9,0,54.5,70.7,75.6,0
AIT,2026-06-04,1266,84,6.6,30,2.4,96,157,190,200,220,794,0,252,677,881,938,956,1014,0,252,7.6,12.4,15,0,53.5,69.6,74.1,0
AIT,2026-06-05,1359,69,5.1,18,1.3,114,192,221,233,266,820,0,273,779,977,1002,1027,1086,0,273,8.4,14.1,16.3,0,57.3,71.9,73.7,0
AIT,2026-06-06,2892,158,5.5,4,0.1,275,435,524,548,582,1818,0,492,1707,2082,2225,2276,2400,0,492,9.5,15,18.1,0,59,72,76.9,0
AIT,2026-06-07,3341,181,5.4,94,2.8,280,447,526,561,610,2137,0,594,1842,2414,2535,2592,2747,0,594,8.4,13.4,15.7,0,55.1,72.3,75.9,0
AIT,2026-06-08,2883,148,5.1,78,2.7,261,397,459,490,526,1721,0,636,1681,1994,2093,2146,2247,0,636,9.1,13.8,15.9,0,58.3,69.2,72.6,0
AIT,2026-06-09,3479,134,3.9,18,0.5,279,480,587,640,709,2160,0,610,1744,2412,2554,2639,2869,0,610,8,13.8,16.9,0,50.1,69.3,73.4,0
AIT,2026-06-10,4051,179,4.4,3,0.1,336,619,758,805,867,2479,0,705,2071,2771,2945,3059,3346,0,705,8.3,15.3,18.7,0,51.1,68.4,72.7,0
AIT,2026-06-11,4184,217,5.2,7,0.2,399,683,810,885,979,2530,0,675,2214,2901,3079,3167,3509,0,675,9.5,16.3,19.4,0,52.9,69.3,73.6,0
AIT,2026-06-12,5092,308,6,12,0.2,381,675,828,914,998,3186,0,908,2346,3381,3569,3756,4184,0,908,7.5,13.3,16.3,0,46.1,66.4,70.1,0
AIT,2026-06-13,5237,386,7.4,34,0.6,475,777,946,1025,1102,3170,0,965,2476,3242,3577,3802,4272,0,965,9.1,14.8,18.1,0,47.3,61.9,68.3,0
AIT,2026-06-14,4612,438,9.5,340,7.4,403,661,788,812,854,2971,0,787,2215,3083,3350,3523,3825,0,787,8.7,14.3,17.1,0,48,66.8,72.6,0
AIT,2026-06-15,2537,347,13.7,265,10.4,176,293,318,325,349,1664,0,524,1186,1612,1761,1841,2013,0,524,6.9,11.5,12.5,0,46.7,63.5,69.4,0
AIT,2026-06-16,3280,297,9.1,258,7.9,318,538,661,672,711,1984,0,585,1642,2237,2391,2461,2695,0,585,9.7,16.4,20.2,0,50.1,68.2,72.9,0
AIT,2026-06-17,3075,369,12,298,9.7,193,358,377,391,450,2033,0,592,1460,1970,2135,2240,2483,0,592,6.3,11.6,12.3,0,47.5,64.1,69.4,0
AIT,2026-06-18,4722,172,3.6,9,0.2,476,777,935,1019,1142,2831,0,749,2554,3394,3590,3676,3973,0,749,10.1,16.5,19.8,0,54.1,71.9,76,0
AIT,2026-06-19,5194,291,5.6,10,0.2,464,751,874,934,1073,3117,0,1004,2694,3473,3652,3800,4190,0,1004,8.9,14.5,16.8,0,51.9,66.9,70.3,0
AIT,2026-06-20,5094,240,4.7,18,0.4,508,797,969,1061,1203,3019,0,872,2753,3462,3733,3871,4222,0,872,10,15.6,19,0,54,68,73.3,0
AIT,2026-06-21,4987,226,4.5,31,0.6,441,740,914,971,1070,2975,0,942,2364,3306,3598,3729,4045,0,942,8.8,14.8,18.3,0,47.4,66.3,72.1,0
AIT,2026-06-22,3922,253,6.5,38,1,262,480,570,617,695,2394,0,833,1939,2566,2749,2870,3089,0,833,6.7,12.2,14.5,0,49.4,65.4,70.1,0
AIT,2026-06-23,4570,280,6.1,34,0.7,399,641,783,842,923,2647,0,1000,2269,2966,3196,3312,3570,0,1000,8.7,14,17.1,0,49.6,64.9,69.9,0
AIT,2026-06-24,4888,287,5.9,25,0.5,441,729,880,940,997,2906,0,985,2551,3301,3490,3610,3903,0,985,9,14.9,18,0,52.2,67.5,71.4,0
AIT,2026-06-25,4284,312,7.3,19,0.4,339,569,685,732,785,2609,0,890,2278,2899,3083,3159,3394,0,890,7.9,13.3,16,0,53.2,67.7,72,0
AIT,2026-06-26,4197,304,7.2,9,0.2,425,675,801,843,881,2418,0,898,2184,2812,2951,3062,3299,0,898,10.1,16.1,19.1,0,52,67,70.3,0
AIT,2026-06-27,4737,472,10,387,8.2,470,716,858,876,920,2753,0,1064,2433,3011,3265,3382,3673,0,1064,9.9,15.1,18.1,0,51.4,63.6,68.9,0
AIT,2026-06-28,4612,538,11.7,453,9.8,431,705,733,756,792,2825,0,995,2213,2986,3218,3346,3617,0,995,9.3,15.3,15.9,0,48,64.7,69.8,0
AIT,2026-06-29,4419,205,4.6,12,0.3,310,511,622,669,706,2738,0,975,2233,2883,3084,3194,3444,0,975,7,11.6,14.1,0,50.5,65.2,69.8,0
AIT,2026-06-30,4266,209,4.9,128,3,395,634,761,784,822,2491,0,953,2149,2773,2942,3047,3313,0,953,9.3,14.9,17.8,0,50.4,65,69,0
AIT,2026-07-01,2954,172,5.8,100,3.4,247,441,460,468,500,1765,0,689,1425,1876,2004,2093,2265,0,689,8.4,14.9,15.6,0,48.2,63.5,67.8,0
AIT,2026-07-02,3591,285,7.9,134,3.7,276,350,381,408,438,2301,0,852,1738,2294,2460,2524,2739,0,852,7.7,9.7,10.6,0,48.4,63.9,68.5,0
AIT,2026-07-03,4362,325,7.5,0,0,319,563,680,738,769,2650,0,943,2129,2838,3024,3142,3419,0,943,7.3,12.9,15.6,0,48.8,65.1,69.3,0
AIT,2026-07-04,4837,507,10.5,291,6,382,681,837,864,895,2934,0,1008,2317,3159,3399,3523,3829,0,1008,7.9,14.1,17.3,0,47.9,65.3,70.3,0
AIT,2026-07-05,4195,516,12.3,312,7.4,301,458,480,489,520,2711,0,964,1949,2632,2838,2934,3231,0,964,7.2,10.9,11.4,0,46.5,62.7,67.7,0
AIT,2026-07-06,3054,378,12.4,292,9.6,226,265,278,286,314,1948,0,792,1482,1887,1992,2069,2262,0,792,7.4,8.7,9.1,0,48.5,61.8,65.2,0
AIT,2026-07-07,6397,845,13.2,623,9.7,490,707,772,804,853,3999,0,1545,3190,4088,4335,4486,4852,0,1545,7.7,11.1,12.1,0,49.9,63.9,67.8,0
AIT,2026-07-08,6212,730,11.8,482,7.8,538,758,836,872,936,3707,0,1569,3039,3863,4125,4266,4643,0,1569,8.7,12.2,13.5,0,48.9,62.2,66.4,0
AIT,2026-07-09,5352,652,12.2,509,9.5,403,581,701,731,774,3271,0,1307,2617,3354,3594,3700,4045,0,1307,7.5,10.9,13.1,0,48.9,62.7,67.2,0
AIT,2026-07-10,4587,574,12.5,405,8.8,409,685,730,754,792,2880,0,915,2346,3069,3243,3351,3672,0,915,8.9,14.9,15.9,0,51.1,66.9,70.7,0
AIT,2026-07-11,4894,664,13.6,499,10.2,380,473,544,560,600,3093,0,1201,2373,2959,3175,3304,3693,0,1201,7.8,9.7,11.1,0,48.5,60.5,64.9,0
AIT,2026-07-12,4352,530,12.2,317,7.3,315,511,552,568,605,2692,0,1055,1903,2610,2852,2981,3297,0,1055,7.2,11.7,12.7,0,43.7,60,65.5,0
AIT,2026-07-13,4365,550,12.6,451,10.3,285,422,457,480,516,2686,0,1163,1887,2593,2803,2913,3202,0,1163,6.5,9.7,10.5,0,43.2,59.4,64.2,0
AIT,2026-07-15,6445,463,7.2,218,3.4,362,839,966,1050,1134,3810,0,1501,1986,3829,4254,4446,4944,0,1501,5.6,13,15,0,30.8,59.4,66,0
AIT,2026-07-16,4771,367,7.7,179,3.8,299,545,690,733,809,2773,0,1189,1581,2798,3050,3164,3582,0,1189,6.3,11.4,14.5,0,33.1,58.6,63.9,0
AIT,2026-07-17,5661,457,8.1,89,1.6,165,569,737,830,891,3331,0,1439,1269,3280,3598,3758,4222,0,1439,2.9,10.1,13,0,22.4,57.9,63.6,0
AIT,2026-07-18,5815,476,8.2,318,5.5,302,657,827,873,943,3527,0,1345,1761,3420,3734,3927,4470,0,1345,5.2,11.3,14.2,0,30.3,58.8,64.2,0
AIT,2026-07-19,5847,556,9.5,389,6.7,333,574,643,677,734,3679,0,1434,2354,3408,3725,3888,4413,0,1434,5.7,9.8,11,0,40.3,58.3,63.7,0
AIT,2026-07-20,5920,647,10.9,373,6.3,251,429,541,596,657,3874,0,1389,1981,3345,3688,3890,4531,0,1389,4.2,7.2,9.1,0,33.5,56.5,62.3,0
AIT,2026-07-21,5596,489,8.7,351,6.3,276,587,735,778,866,3408,0,1322,1824,3218,3514,3684,4273,0,1323,4.9,10.5,13.1,0,32.6,57.5,62.8,0
AIT,2026-07-22,4657,447,9.6,381,8.2,161,417,482,496,556,2941,0,1160,1319,2666,2905,3032,3497,0,1160,3.5,9,10.4,0,28.3,57.2,62.4,0
AIT,2026-07-23,4649,377,8.1,294,6.3,320,588,632,653,725,2910,0,1014,1962,2850,3063,3183,3635,0,1014,6.9,12.6,13.6,0,42.2,61.3,65.9,0
AIT,2026-07-24,3888,188,4.8,23,0.6,152,362,479,541,575,2405,0,908,1129,2268,2439,2592,2980,0,908,3.9,9.3,12.3,0,29,58.3,62.7,0
AIT,2026-07-25,4620,222,4.8,152,3.3,377,607,745,775,822,2752,0,1046,2285,2839,3103,3235,3574,0,1046,8.2,13.1,16.1,0,49.5,61.5,67.2,0
AIT,2026-07-26,3786,247,6.5,134,3.5,140,361,433,460,503,2368,0,915,873,2211,2454,2576,2871,0,915,3.7,9.5,11.4,0,23.1,58.4,64.8,0
AIT,2026-07-27,4160,230,5.5,102,2.5,95,347,465,526,568,2662,0,930,828,2507,2795,2948,3230,0,930,2.3,8.3,11.2,0,19.9,60.3,67.2,0
AIT,2026-07-28,2659,146,5.5,78,2.9,67,240,333,350,371,1668,0,620,564,1557,1779,1859,2039,0,620,2.5,9,12.5,0,21.2,58.6,66.9,0
AIT,2026-07-29,5312,315,5.9,191,3.6,188,507,610,643,697,3341,0,1274,1349,3351,3625,3748,4038,0,1274,3.5,9.5,11.5,0,25.4,63.1,68.2,0
AIT,2026-07-30,4361,366,8.4,281,6.4,326,585,651,665,700,2623,0,1038,1955,2822,2989,3078,3323,0,1038,7.5,13.4,14.9,0,44.8,64.7,68.5,0
AIT,2026-07-31,4648,476,10.2,361,7.8,414,635,653,681,737,2638,0,1273,2230,2824,2977,3108,3375,0,1273,8.9,13.7,14,0,48,60.8,64,0
AIT,2026-08-01,4798,281,5.9,171,3.6,391,584,699,738,794,2655,0,1349,2429,2866,3077,3214,3449,0,1349,8.1,12.2,14.6,0,50.6,59.7,64.1,0
AIT,2026-08-02,4658,319,6.8,192,4.1,140,519,674,719,756,2641,0,1261,867,2766,3101,3234,3397,0,1261,3,11.1,14.5,0,18.6,59.4,66.6,0
AIT,2026-08-03,3079,188,6.1,133,4.3,238,371,408,423,439,1718,0,922,1433,1872,1994,2059,2157,0,922,7.7,12,13.3,0,46.5,60.8,64.8,0
AIT,2026-08-04,3178,203,6.4,123,3.9,94,338,426,457,463,1812,0,903,513,1859,2058,2166,2275,0,903,3,10.6,13.4,0,16.1,58.5,64.8,0
AIT,2026-08-05,3599,288,8,231,6.4,229,415,470,491,504,1984,0,1111,1568,2174,2331,2405,2488,0,1111,6.4,11.5,13.1,0,43.6,60.4,64.8,0
AIT,2026-08-06,3597,302,8.4,261,7.3,293,467,524,541,553,2009,0,1035,1628,2264,2429,2494,2562,0,1035,8.1,13,14.6,0,45.3,62.9,67.5,0
AIT,2026-08-07,4982,419,8.4,255,5.1,111,358,430,492,492,2965,0,1525,1146,3084,3295,3455,3457,0,1525,2.2,7.2,8.6,0,23,61.9,66.1,0
AIT,2026-08-08,3006,168,5.6,168,5.6,121,317,401,401,401,1505,0,1100,975,1685,1906,1906,1906,0,1100,4,10.5,13.3,0,32.4,56.1,63.4,0
AIT,2026-08-09,3236,142,4.4,142,4.4,157,360,361,361,361,1487,0,1388,869,1847,1848,1848,1848,0,1388,4.9,11.1,11.2,0,26.9,57.1,57.1,0
AIT,2026-08-10,3106,3,0.1,3,0.1,128,128,128,128,128,1268,0,1710,1396,1396,1396,1396,1396,0,1710,4.1,4.1,4.1,0,44.9,44.9,44.9,0
ATM,2026-05-08,3,0,0,0,0,0,0,0,0,0,0,0,3,0,0,0,0,0,0,3,0,0,0,0,0,0,0,0
ATM,2026-05-09,1,0,0,0,0,0,0,0,0,0,0,0,1,0,0,0,0,0,0,1,0,0,0,0,0,0,0,0
ATM,2026-05-11,7,0,0,0,0,0,0,0,1,1,2,0,4,0,0,0,2,3,0,4,0,0,0,0,0,0,0,0
ATM,2026-05-12,6,0,0,0,0,0,0,5,5,5,0,0,1,0,0,5,5,5,0,1,0,0,83.3,0,0,0,83.3,0
ATM,2026-05-13,3,0,0,0,0,0,0,1,1,1,1,0,1,0,0,2,2,2,0,1,0,0,33.3,0,0,0,66.7,0
ATM,2026-05-14,3,0,0,0,0,0,1,2,2,2,1,0,0,0,3,3,3,3,0,0,0,33.3,66.7,0,0,100,100,0
ATM,2026-05-15,4,0,0,0,0,1,2,2,3,3,1,0,0,1,3,4,4,4,0,0,25,50,50,0,25,75,100,0
ATM,2026-05-16,2,0,0,0,0,0,0,0,0,1,1,0,0,0,1,1,1,2,0,0,0,0,0,0,0,50,50,0
ATM,2026-05-18,9,0,0,0,0,0,4,4,4,6,3,0,0,0,8,9,9,9,0,0,0,44.4,44.4,0,0,88.9,100,0
ATM,2026-05-19,4,0,0,0,0,0,3,3,3,4,0,0,0,0,3,4,4,4,0,0,0,75,75,0,0,75,100,0
ATM,2026-05-21,4,0,0,0,0,0,1,2,2,2,2,0,0,1,4,4,4,4,0,0,0,25,50,0,25,100,100,0
ATM,2026-05-22,2,0,0,0,0,0,1,1,1,1,1,0,0,0,2,2,2,2,0,0,0,50,50,0,0,100,100,0
ATM,2026-05-27,1,0,0,0,0,1,1,1,1,1,0,0,0,1,1,1,1,1,0,0,100,100,100,0,100,100,100,0
ATM,2026-05-29,2,0,0,0,0,0,1,1,1,2,0,0,0,0,1,1,1,2,0,0,0,50,50,0,0,50,50,0
ATM,2026-06-01,5,0,0,0,0,2,2,2,2,3,1,0,1,2,3,3,3,4,0,1,40,40,40,0,40,60,60,0
ATM,2026-06-02,2,0,0,0,0,0,0,1,1,1,1,0,0,1,1,2,2,2,0,0,0,0,50,0,50,50,100,0
ATM,2026-06-03,2,0,0,0,0,0,0,0,0,0,2,0,0,0,2,2,2,2,0,0,0,0,0,0,0,100,100,0
ATM,2026-06-06,1,0,0,0,0,0,1,1,1,1,0,0,0,0,1,1,1,1,0,0,0,100,100,0,0,100,100,0
ATM,2026-06-08,1,0,0,0,0,0,0,1,1,1,0,0,0,0,0,1,1,1,0,0,0,0,100,0,0,0,100,0
ATM,2026-06-09,10,0,0,0,0,1,4,5,5,7,2,0,1,1,8,9,9,9,0,1,10,40,50,0,10,80,90,0
ATM,2026-06-12,2,0,0,0,0,0,0,0,1,1,0,0,1,0,0,0,1,1,0,1,0,0,0,0,0,0,0,0
ATM,2026-06-15,1,0,0,0,0,0,0,0,0,0,1,0,0,0,0,1,1,1,0,0,0,0,0,0,0,0,100,0
ATM,2026-06-17,1,0,0,0,0,0,1,1,1,1,0,0,0,0,1,1,1,1,0,0,0,100,100,0,0,100,100,0
ATM,2026-06-18,1,0,0,0,0,1,1,1,1,1,0,0,0,1,1,1,1,1,0,0,100,100,100,0,100,100,100,0
ATM,2026-06-22,1,0,0,0,0,0,1,1,1,1,0,0,0,0,1,1,1,1,0,0,0,100,100,0,0,100,100,0
ATM,2026-06-24,5,0,0,0,0,0,4,4,5,5,0,0,0,0,4,4,5,5,0,0,0,80,80,0,0,80,80,0
ATM,2026-06-25,3,0,0,0,0,0,1,2,2,2,1,0,0,0,3,3,3,3,0,0,0,33.3,66.7,0,0,100,100,0
ATM,2026-06-26,1,0,0,0,0,0,0,0,0,0,1,0,0,0,1,1,1,1,0,0,0,0,0,0,0,100,100,0
ATM,2026-06-29,1,0,0,0,0,1,1,1,1,1,0,0,0,1,1,1,1,1,0,0,100,100,100,0,100,100,100,0
ATM,2026-06-30,2,0,0,0,0,0,1,1,1,1,0,0,1,1,1,1,1,1,0,1,0,50,50,0,50,50,50,0
ATM,2026-07-04,1,0,0,0,0,0,0,0,0,1,0,0,0,0,0,0,0,1,0,0,0,0,0,0,0,0,0,0
ATM,2026-07-06,1,0,0,0,0,0,0,0,0,1,0,0,0,0,1,1,1,1,0,0,0,0,0,0,0,100,100,0
ATM,2026-07-07,2,0,0,0,0,0,1,1,1,1,1,0,0,1,2,2,2,2,0,0,0,50,50,0,50,100,100,0
ATM,2026-07-14,2,0,0,0,0,2,2,2,2,2,0,0,0,2,2,2,2,2,0,0,100,100,100,0,100,100,100,0
ATM,2026-07-16,1,0,0,0,0,0,0,1,1,1,0,0,0,0,1,1,1,1,0,0,0,0,100,0,0,100,100,0
ATM,2026-07-18,2,0,0,0,0,0,1,1,1,2,0,0,0,0,2,2,2,2,0,0,0,50,50,0,0,100,100,0
ATM,2026-07-20,1,0,0,0,0,0,1,1,1,1,0,0,0,0,1,1,1,1,0,0,0,100,100,0,0,100,100,0
ATM,2026-07-22,1,0,0,0,0,0,1,1,1,1,0,0,0,0,1,1,1,1,0,0,0,100,100,0,0,100,100,0
ATM,2026-07-23,1,0,0,0,0,0,0,1,1,1,0,0,0,0,0,1,1,1,0,0,0,0,100,0,0,0,100,0
ATM,2026-07-24,2,0,0,0,0,0,0,1,2,2,0,0,0,0,1,1,2,2,0,0,0,0,50,0,0,50,50,0
ATM,2026-07-27,2,0,0,0,0,0,2,2,2,2,0,0,0,0,2,2,2,2,0,0,0,100,100,0,0,100,100,0
ATM,2026-07-28,3,0,0,0,0,0,1,2,2,3,0,0,0,0,2,2,3,3,0,0,0,33.3,66.7,0,0,66.7,66.7,0
ATM,2026-07-31,2,0,0,0,0,0,0,0,1,1,1,0,0,0,1,1,1,2,0,0,0,0,0,0,0,50,50,0
ATM,2026-08-01,2,0,0,0,0,0,0,0,0,0,1,0,1,0,0,1,1,1,0,1,0,0,0,0,0,0,50,0
ATM,2026-08-03,1,0,0,0,0,0,1,1,1,1,0,0,0,0,1,1,1,1,0,0,0,100,100,0,0,100,100,0
ATM,2026-08-07,1,0,0,0,0,0,0,0,0,0,0,0,1,0,0,0,0,0,0,1,0,0,0,0,0,0,0,0
ATM,2026-08-08,1,0,0,0,0,0,0,1,1,1,0,0,0,0,1,1,1,1,0,0,0,0,100,0,0,100,100,0
ATM,2026-08-10,1,0,0,0,0,0,0,0,0,0,0,0,1,0,0,0,0,0,0,1,0,0,0,0,0,0,0,0
ATP,2026-05-22,1,0,0,0,0,0,1,1,1,1,0,0,0,0,1,1,1,1,0,0,0,100,100,0,0,100,100,0
BAP,2026-05-09,4,0,0,0,0,0,0,0,0,0,1,0,3,0,0,0,0,1,0,3,0,0,0,0,0,0,0,0
BAP,2026-05-11,3,0,0,0,0,0,0,0,0,0,2,0,1,0,0,0,2,2,0,1,0,0,0,0,0,0,0,0
BAP,2026-05-12,4,0,0,0,0,0,0,0,0,0,1,1,2,0,0,1,1,1,1,2,0,0,0,25,0,0,25,25
BAP,2026-05-13,6,0,0,0,0,0,0,0,0,2,0,3,1,0,2,2,2,2,3,1,0,0,0,50,0,33.3,33.3,50
BAP,2026-05-14,6,0,0,0,0,0,4,4,4,4,2,0,0,1,6,6,6,6,0,0,0,66.7,66.7,0,16.7,100,100,0
BAP,2026-05-15,5,0,0,0,0,0,1,1,2,2,1,2,0,0,2,2,3,3,2,0,0,20,20,40,0,40,40,40
BAP,2026-05-18,1,0,0,0,0,0,1,1,1,1,0,0,0,0,1,1,1,1,0,0,0,100,100,0,0,100,100,0
BAP,2026-05-19,1,0,0,0,0,0,1,1,1,1,0,0,0,0,1,1,1,1,0,0,0,100,100,0,0,100,100,0
BAP,2026-05-20,3,0,0,0,0,0,0,2,2,2,0,1,0,0,2,2,2,2,1,0,0,0,66.7,33.3,0,66.7,66.7,33.3
BAP,2026-05-22,1,0,0,0,0,0,0,0,0,0,1,0,0,0,1,1,1,1,0,0,0,0,0,0,0,100,100,0
BAP,2026-05-23,11,0,0,0,0,0,6,6,6,8,0,3,0,0,8,8,8,8,3,0,0,54.5,54.5,27.3,0,72.7,72.7,27.3
BAP,2026-05-24,2,0,0,0,0,0,0,0,0,1,0,1,0,0,0,0,0,1,1,0,0,0,0,50,0,0,0,50
BAP,2026-05-25,24,0,0,0,0,0,13,15,15,17,1,6,0,0,16,18,18,18,6,0,0,54.2,62.5,25,0,66.7,75,25
BAP,2026-05-26,1,0,0,0,0,0,0,0,0,0,0,1,0,0,0,0,0,0,1,0,0,0,0,100,0,0,0,100
BAP,2026-05-27,1,0,0,0,0,0,0,0,0,0,1,0,0,0,0,1,1,1,0,0,0,0,0,0,0,0,100,0
BAP,2026-05-30,2,0,0,0,0,0,0,0,0,0,2,0,0,0,2,2,2,2,0,0,0,0,0,0,0,100,100,0
BAP,2026-05-31,2,0,0,0,0,0,1,1,1,1,0,1,0,0,1,1,1,1,1,0,0,50,50,50,0,50,50,50
BAP,2026-06-01,3,0,0,0,0,0,0,3,3,3,0,0,0,0,0,3,3,3,0,0,0,0,100,0,0,0,100,0
BAP,2026-06-02,1,0,0,0,0,0,0,0,0,0,0,1,0,0,0,0,0,0,1,0,0,0,0,100,0,0,0,100
BAP,2026-06-04,2,0,0,0,0,0,0,1,1,1,0,0,1,0,0,1,1,1,0,1,0,0,50,0,0,0,50,0
BAP,2026-06-05,3,0,0,0,0,0,3,3,3,3,0,0,0,0,3,3,3,3,0,0,0,100,100,0,0,100,100,0
BAP,2026-06-06,7,0,0,0,0,1,3,3,4,4,2,1,0,2,4,6,6,6,1,0,14.3,42.9,42.9,14.3,28.6,57.1,85.7,14.3
BAP,2026-06-07,1,0,0,0,0,0,0,0,0,0,1,0,0,0,1,1,1,1,0,0,0,0,0,0,0,100,100,0
BAP,2026-06-08,13,0,0,0,0,0,5,8,9,12,1,0,0,0,8,12,13,13,0,0,0,38.5,61.5,0,0,61.5,92.3,0
BAP,2026-06-09,11,0,0,0,0,1,10,10,10,10,0,1,0,1,10,10,10,10,1,0,9.1,90.9,90.9,9.1,9.1,90.9,90.9,9.1
BAP,2026-06-10,2,0,0,0,0,0,1,1,2,2,0,0,0,0,2,2,2,2,0,0,0,50,50,0,0,100,100,0
BAP,2026-06-11,39,0,0,0,0,6,26,28,28,30,6,3,0,7,33,33,33,36,3,0,15.4,66.7,71.8,7.7,17.9,84.6,84.6,7.7
BAP,2026-06-12,14,0,0,0,0,1,8,9,9,11,3,0,0,3,14,14,14,14,0,0,7.1,57.1,64.3,0,21.4,100,100,0
BAP,2026-06-13,30,0,0,0,0,2,17,19,23,28,0,2,0,4,20,25,27,28,2,0,6.7,56.7,63.3,6.7,13.3,66.7,83.3,6.7
BAP,2026-06-14,10,0,0,0,0,0,9,9,9,10,0,0,0,0,9,9,10,10,0,0,0,90,90,0,0,90,90,0
BAP,2026-06-15,21,0,0,0,0,0,7,13,13,16,2,2,1,0,10,15,16,18,2,1,0,33.3,61.9,9.5,0,47.6,71.4,9.5
BAP,2026-06-16,8,0,0,0,0,1,5,6,8,8,0,0,0,1,7,8,8,8,0,0,12.5,62.5,75,0,12.5,87.5,100,0
BAP,2026-06-17,20,0,0,0,0,0,12,16,16,17,2,1,0,0,17,19,19,19,1,0,0,60,80,5,0,85,95,5
BAP,2026-06-18,26,0,0,0,0,0,15,19,20,23,1,1,1,0,19,24,24,24,1,1,0,57.7,73.1,3.8,0,73.1,92.3,3.8
BAP,2026-06-19,24,0,0,0,0,0,11,14,15,18,4,1,1,0,20,20,20,22,1,1,0,45.8,58.3,4.2,0,83.3,83.3,4.2
BAP,2026-06-20,22,0,0,0,0,3,17,20,21,21,0,0,1,3,18,21,21,21,0,1,13.6,77.3,90.9,0,13.6,81.8,95.5,0
BAP,2026-06-21,11,0,0,0,0,0,5,6,6,9,2,0,0,0,6,6,6,11,0,0,0,45.5,54.5,0,0,54.5,54.5,0
BAP,2026-06-22,24,0,0,0,0,2,10,19,21,22,2,0,0,2,23,24,24,24,0,0,8.3,41.7,79.2,0,8.3,95.8,100,0
BAP,2026-06-23,19,1,5.3,0,0,3,10,12,13,13,3,2,1,3,16,16,16,16,2,1,15.8,52.6,63.2,10.5,15.8,84.2,84.2,10.5
BAP,2026-06-24,12,0,0,0,0,0,9,9,10,11,1,0,0,0,11,11,11,12,0,0,0,75,75,0,0,91.7,91.7,0
BAP,2026-06-25,15,0,0,0,0,0,3,10,13,13,0,2,0,0,9,12,13,13,2,0,0,20,66.7,13.3,0,60,80,13.3
BAP,2026-06-26,15,2,13.3,0,0,0,8,10,11,12,0,1,2,0,11,11,12,12,1,2,0,53.3,66.7,6.7,0,73.3,73.3,6.7
BAP,2026-06-27,35,0,0,0,0,0,21,25,28,28,5,0,2,0,26,31,33,33,0,2,0,60,71.4,0,0,74.3,88.6,0
BAP,2026-06-28,17,0,0,0,0,0,9,10,13,14,3,0,0,0,13,14,16,17,0,0,0,52.9,58.8,0,0,76.5,82.4,0
BAP,2026-06-29,28,1,3.6,1,3.6,0,19,21,21,22,2,3,1,0,23,23,23,24,3,1,0,67.9,75,10.7,0,82.1,82.1,10.7
BAP,2026-06-30,20,0,0,0,0,1,17,20,20,20,0,0,0,1,18,20,20,20,0,0,5,85,100,0,5,90,100,0
BAP,2026-07-01,14,0,0,0,0,0,9,10,11,11,0,1,2,0,10,11,11,11,1,2,0,64.3,71.4,7.1,0,71.4,78.6,7.1
BAP,2026-07-02,27,0,0,0,0,3,16,21,21,21,3,0,3,5,22,24,24,24,0,3,11.1,59.3,77.8,0,18.5,81.5,88.9,0
BAP,2026-07-03,5,0,0,0,0,0,2,2,3,3,2,0,0,0,3,3,5,5,0,0,0,40,40,0,0,60,60,0
BAP,2026-07-04,19,0,0,0,0,2,13,15,16,16,3,0,0,2,17,18,19,19,0,0,10.5,68.4,78.9,0,10.5,89.5,94.7,0
BAP,2026-07-05,7,0,0,0,0,0,6,7,7,7,0,0,0,0,7,7,7,7,0,0,0,85.7,100,0,0,100,100,0
BAP,2026-07-06,8,0,0,0,0,1,4,5,6,6,0,2,0,1,5,5,6,6,2,0,12.5,50,62.5,25,12.5,62.5,62.5,25
BAP,2026-07-07,21,1,4.8,0,0,0,11,16,16,16,1,0,4,0,14,17,17,17,0,4,0,52.4,76.2,0,0,66.7,81,0
BAP,2026-07-08,7,0,0,0,0,0,4,5,5,5,0,1,1,0,4,5,5,5,1,1,0,57.1,71.4,14.3,0,57.1,71.4,14.3
BAP,2026-07-09,10,0,0,0,0,0,7,8,9,10,0,0,0,0,8,9,10,10,0,0,0,70,80,0,0,80,90,0
BAP,2026-07-10,14,0,0,0,0,4,8,10,11,11,2,0,1,4,10,10,12,13,0,1,28.6,57.1,71.4,0,28.6,71.4,71.4,0
BAP,2026-07-11,18,1,5.6,1,5.6,1,8,10,11,13,2,1,2,2,11,14,14,15,1,2,5.6,44.4,55.6,5.6,11.1,61.1,77.8,5.6
BAP,2026-07-12,9,0,0,0,0,0,6,7,7,9,0,0,0,0,7,7,7,9,0,0,0,66.7,77.8,0,0,77.8,77.8,0
BAP,2026-07-13,20,2,10,0,0,0,11,13,13,16,0,1,3,0,13,14,14,16,1,3,0,55,65,5,0,65,70,5
BAP,2026-07-14,11,0,0,0,0,0,6,10,10,10,1,0,0,2,7,11,11,11,0,0,0,54.5,90.9,0,18.2,63.6,100,0
BAP,2026-07-15,16,0,0,0,0,0,14,16,16,16,0,0,0,0,15,16,16,16,0,0,0,87.5,100,0,0,93.8,100,0
BAP,2026-07-16,17,0,0,0,0,0,7,9,11,12,1,3,1,0,11,13,13,13,3,1,0,41.2,52.9,17.6,0,64.7,76.5,17.6
BAP,2026-07-18,47,3,6.4,0,0,0,25,34,38,38,3,0,6,0,31,40,41,41,0,6,0,53.2,72.3,0,0,66,85.1,0
BAP,2026-07-19,11,0,0,0,0,0,2,8,8,8,2,0,1,0,3,9,9,10,0,1,0,18.2,72.7,0,0,27.3,81.8,0
BAP,2026-07-20,16,0,0,0,0,0,9,12,12,15,1,0,0,0,9,12,14,16,0,0,0,56.3,75,0,0,56.3,75,0
BAP,2026-07-22,36,0,0,0,0,0,20,22,24,29,1,0,6,0,24,24,27,30,0,6,0,55.6,61.1,0,0,66.7,66.7,0
BAP,2026-07-23,1,0,0,0,0,0,0,1,1,1,0,0,0,0,1,1,1,1,0,0,0,0,100,0,0,100,100,0
BAP,2026-07-24,42,1,2.4,0,0,1,26,33,35,39,0,0,3,1,32,36,36,39,0,3,2.4,61.9,78.6,0,2.4,76.2,85.7,0
BAP,2026-07-25,11,1,9.1,0,0,0,5,5,5,5,1,1,4,0,5,5,6,6,1,4,0,45.5,45.5,9.1,0,45.5,45.5,9.1
BAP,2026-07-26,22,1,4.5,0,0,0,15,17,17,17,4,0,1,0,20,21,21,21,0,1,0,68.2,77.3,0,0,90.9,95.5,0
BAP,2026-07-27,9,0,0,0,0,0,5,6,7,7,2,0,0,0,5,9,9,9,0,0,0,55.6,66.7,0,0,55.6,100,0
BAP,2026-07-28,15,1,6.7,0,0,0,11,12,12,12,1,0,2,0,11,12,13,13,0,2,0,73.3,80,0,0,73.3,80,0
BAP,2026-07-29,31,0,0,0,0,0,25,29,29,30,0,0,1,0,28,30,30,30,0,1,0,80.6,93.5,0,0,90.3,96.8,0
BAP,2026-07-30,17,0,0,0,0,0,11,11,16,16,1,0,0,0,12,14,16,17,0,0,0,64.7,64.7,0,0,70.6,82.4,0
BAP,2026-07-31,33,0,0,0,0,0,12,14,24,26,3,0,4,0,15,15,26,29,0,4,0,36.4,42.4,0,0,45.5,45.5,0
BAP,2026-08-01,11,0,0,0,0,0,2,9,9,9,1,1,0,0,5,10,10,10,1,0,0,18.2,81.8,9.1,0,45.5,90.9,9.1
BAP,2026-08-02,22,0,0,0,0,0,9,9,13,14,5,0,3,0,14,16,19,19,0,3,0,40.9,40.9,0,0,63.6,72.7,0
BAP,2026-08-03,21,1,4.8,0,0,1,10,12,14,14,4,0,3,2,14,15,18,18,0,3,4.8,47.6,57.1,0,9.5,66.7,71.4,0
BAP,2026-08-04,24,1,4.2,0,0,0,9,18,18,18,2,0,4,1,18,20,20,20,0,4,0,37.5,75,0,4.2,75,83.3,0
BAP,2026-08-05,21,0,0,0,0,1,11,16,17,17,0,0,4,1,16,16,17,17,0,4,4.8,52.4,76.2,0,4.8,76.2,76.2,0
BAP,2026-08-06,9,0,0,0,0,0,5,7,7,7,2,0,0,0,6,9,9,9,0,0,0,55.6,77.8,0,0,66.7,100,0
BAP,2026-08-07,24,1,4.2,0,0,1,8,9,14,14,5,1,4,1,14,14,19,19,1,4,4.2,33.3,37.5,4.2,4.2,58.3,58.3,4.2
BAP,2026-08-08,17,0,0,0,0,0,3,10,10,10,2,1,4,0,4,12,12,12,1,4,0,17.6,58.8,5.9,0,23.5,70.6,5.9
BAP,2026-08-09,3,0,0,0,0,0,1,1,1,1,1,1,0,0,2,2,2,2,1,0,0,33.3,33.3,33.3,0,66.7,66.7,33.3
BAP,2026-08-10,28,0,0,0,0,3,3,3,3,3,0,0,25,3,3,3,3,3,0,25,10.7,10.7,10.7,0,10.7,10.7,10.7,0
BBS,2026-06-24,5,1,20,1,20,0,2,2,2,2,2,0,1,0,4,4,4,4,0,1,0,40,40,0,0,80,80,0
BBS,2026-06-27,1,0,0,0,0,0,0,0,0,0,0,0,1,0,0,0,0,0,0,1,0,0,0,0,0,0,0,0
BBS,2026-06-29,1,0,0,0,0,0,0,0,1,1,0,0,0,0,0,0,1,1,0,0,0,0,0,0,0,0,0,0
BBS,2026-07-06,1,0,0,0,0,0,0,0,0,0,0,0,1,0,0,0,0,0,0,1,0,0,0,0,0,0,0,0
BBS,2026-07-07,2,0,0,0,0,0,2,2,2,2,0,0,0,0,2,2,2,2,0,0,0,100,100,0,0,100,100,0
BBS,2026-07-20,1,0,0,0,0,0,1,1,1,1,0,0,0,0,1,1,1,1,0,0,0,100,100,0,0,100,100,0
BBS,2026-07-23,1,0,0,0,0,0,1,1,1,1,0,0,0,1,1,1,1,1,0,0,0,100,100,0,100,100,100,0
BBS,2026-07-27,1,0,0,0,0,0,1,1,1,1,0,0,0,0,1,1,1,1,0,0,0,100,100,0,0,100,100,0
BBS,2026-07-28,1,0,0,0,0,0,0,0,0,0,1,0,0,0,0,1,1,1,0,0,0,0,0,0,0,0,100,0
BBS,2026-08-01,1,0,0,0,0,0,0,0,0,0,0,0,1,0,0,0,0,0,0,1,0,0,0,0,0,0,0,0
BET,2026-05-08,889,0,0,0,0,0,0,0,0,9,136,0,744,0,0,0,0,144,0,745,0,0,0,0,0,0,0,0
BET,2026-05-09,825,2,0.2,0,0,0,0,0,0,17,154,0,654,0,0,0,0,170,0,655,0,0,0,0,0,0,0,0
BET,2026-05-10,764,2,0.3,0,0,0,0,0,0,21,154,0,589,0,0,0,0,173,0,591,0,0,0,0,0,0,0,0
BET,2026-05-11,988,10,1,0,0,0,0,0,14,29,353,0,606,0,0,0,221,380,0,608,0,0,0,0,0,0,0,0
BET,2026-05-12,4343,331,7.6,4,0.1,0,0,147,224,299,2517,0,1527,0,0,2013,2381,2813,0,1530,0,0,3.4,0,0,0,46.4,0
BET,2026-05-13,7840,541,6.9,20,0.3,0,265,423,488,566,4546,0,2728,0,3833,4482,4770,5105,0,2735,0,3.4,5.4,0,0,48.9,57.2,0
BET,2026-05-14,5733,500,8.7,19,0.3,210,467,608,665,728,3763,0,1242,2109,3764,4134,4256,4491,0,1242,3.7,8.1,10.6,0,36.8,65.7,72.1,0
BET,2026-05-15,3929,377,9.6,1,0,195,385,476,538,567,2454,0,908,1753,2646,2799,2916,3021,0,908,5,9.8,12.1,0,44.6,67.3,71.2,0
BET,2026-05-16,2996,273,9.1,38,1.3,369,494,577,585,598,1592,0,806,1781,1996,2123,2138,2190,0,806,12.3,16.5,19.3,0,59.4,66.6,70.9,0
BET,2026-05-17,3026,414,13.7,404,13.4,180,340,375,382,399,1667,0,960,1183,1905,1948,1964,2066,0,960,5.9,11.2,12.4,0,39.1,63,64.4,0
BET,2026-05-18,4241,623,14.7,623,14.7,321,369,379,385,395,2109,0,1737,2314,2398,2420,2438,2504,0,1737,7.6,8.7,8.9,0,54.6,56.5,57.1,0
BET,2026-05-19,3249,499,15.4,487,15,242,289,303,309,318,1773,0,1158,1841,1959,1971,1986,2091,0,1158,7.4,8.9,9.3,0,56.7,60.3,60.7,0
BET,2026-05-20,4337,282,6.5,177,4.1,178,449,569,623,676,2342,0,1319,1523,2865,2903,2914,3018,0,1319,4.1,10.4,13.1,0,35.1,66.1,66.9,0
BET,2026-05-21,6511,603,9.3,535,8.2,392,547,643,670,716,3230,0,2565,3686,3791,3809,3822,3946,0,2565,6,8.4,9.9,0,56.6,58.2,58.5,0
BET,2026-05-22,5173,182,3.5,2,0,380,598,733,804,937,3465,0,771,2884,3676,3844,4002,4402,0,771,7.3,11.6,14.2,0,55.8,71.1,74.3,0
BET,2026-05-23,7590,322,4.2,81,1.1,325,634,823,929,1107,5027,0,1456,3093,4670,5197,5476,6134,0,1456,4.3,8.4,10.8,0,40.8,61.5,68.5,0
BET,2026-05-24,6311,263,4.2,31,0.5,289,572,735,824,977,4093,0,1241,2672,4040,4388,4582,5070,0,1241,4.6,9.1,11.6,0,42.3,64,69.5,0
BET,2026-05-25,4964,181,3.6,5,0.1,296,502,628,690,797,3212,0,955,2616,3288,3534,3666,4009,0,955,6,10.1,12.7,0,52.7,66.2,71.2,0
BET,2026-05-26,4310,117,2.7,0,0,195,410,542,604,695,3012,0,603,2003,3188,3384,3476,3707,0,603,4.5,9.5,12.6,0,46.5,74,78.5,0
BET,2026-05-27,4675,132,2.8,0,0,302,518,631,680,787,3245,0,643,2576,3477,3672,3764,4032,0,643,6.5,11.1,13.5,0,55.1,74.4,78.5,0
BET,2026-05-28,5247,171,3.3,0,0,251,441,554,602,680,3754,0,813,2711,3769,4015,4112,4434,0,813,4.8,8.4,10.6,0,51.7,71.8,76.5,0
BET,2026-05-29,5190,171,3.3,0,0,259,434,517,567,659,3631,0,900,2840,3693,3872,4007,4290,0,900,5,8.4,10,0,54.7,71.2,74.6,0
BET,2026-05-30,5232,202,3.9,12,0.2,283,459,593,667,738,3498,0,996,2761,3499,3752,3916,4236,0,996,5.4,8.8,11.3,0,52.8,66.9,71.7,0
BET,2026-05-31,4521,189,4.2,6,0.1,195,355,462,524,582,3020,0,919,2087,3003,3253,3368,3602,0,919,4.3,7.9,10.2,0,46.2,66.4,72,0
BET,2026-06-01,4905,186,3.8,47,1,275,453,550,596,668,3326,0,911,2621,3458,3639,3759,3994,0,911,5.6,9.2,11.2,0,53.4,70.5,74.2,0
BET,2026-06-02,4719,185,3.9,24,0.5,228,387,484,537,598,3239,0,882,2410,3322,3528,3602,3837,0,882,4.8,8.2,10.3,0,51.1,70.4,74.8,0
BET,2026-06-03,5863,227,3.9,16,0.3,291,484,599,644,704,4078,0,1081,3146,4140,4342,4479,4782,0,1081,5,8.3,10.2,0,53.7,70.6,74.1,0
BET,2026-06-04,6565,262,4,57,0.9,318,550,679,716,783,4611,0,1171,3604,4649,4919,5021,5394,0,1171,4.8,8.4,10.3,0,54.9,70.8,74.9,0
BET,2026-06-05,6289,282,4.5,23,0.4,307,477,585,631,711,4324,0,1254,3398,4347,4552,4678,5035,0,1254,4.9,7.6,9.3,0,54,69.1,72.4,0
BET,2026-06-06,3918,223,5.7,0,0,169,286,349,389,444,2549,0,925,1884,2472,2663,2774,2993,0,925,4.3,7.3,8.9,0,48.1,63.1,68,0
BET,2026-06-07,5141,276,5.4,91,1.8,209,389,455,512,587,3356,0,1198,2207,3266,3501,3636,3943,0,1198,4.1,7.6,8.9,0,42.9,63.5,68.1,0
BET,2026-06-08,5059,298,5.9,31,0.6,220,365,457,492,569,3363,0,1127,2488,3320,3547,3654,3932,0,1127,4.3,7.2,9,0,49.2,65.6,70.1,0
BET,2026-06-09,5056,247,4.9,49,1,196,344,469,515,595,3279,0,1182,2116,3201,3418,3533,3874,0,1182,3.9,6.8,9.3,0,41.9,63.3,67.6,0
BET,2026-06-10,5418,277,5.1,25,0.5,270,480,598,654,736,3542,0,1140,2495,3538,3782,3916,4278,0,1140,5,8.9,11,0,46.1,65.3,69.8,0
BET,2026-06-11,5213,327,6.3,41,0.8,230,390,485,518,576,3533,0,1104,2329,3375,3625,3731,4109,0,1104,4.4,7.5,9.3,0,44.7,64.7,69.5,0
BET,2026-06-12,5800,459,7.9,13,0.2,223,424,532,596,707,3650,0,1443,2114,3291,3544,3734,4357,0,1443,3.8,7.3,9.2,0,36.4,56.7,61.1,0
BET,2026-06-13,5900,542,9.2,48,0.8,199,377,495,560,644,3764,0,1492,2071,3078,3499,3733,4408,0,1492,3.4,6.4,8.4,0,35.1,52.2,59.3,0
BET,2026-06-14,7533,899,11.9,652,8.7,187,410,542,572,679,4855,0,1999,2297,3963,4458,4774,5534,0,1999,2.5,5.4,7.2,0,30.5,52.6,59.2,0
BET,2026-06-15,9023,1183,13.1,876,9.7,315,606,666,701,805,6037,0,2181,3341,5180,5693,5977,6842,0,2181,3.5,6.7,7.4,0,37,57.4,63.1,0
BET,2026-06-16,6160,545,8.8,459,7.5,310,602,760,789,907,3839,0,1414,2331,3653,4016,4181,4746,0,1414,5,9.8,12.3,0,37.8,59.3,65.2,0
BET,2026-06-17,8091,911,11.3,769,9.5,377,739,808,840,971,5316,0,1804,3040,4949,5384,5626,6287,0,1804,4.7,9.1,10,0,37.6,61.2,66.5,0
BET,2026-06-18,8455,422,5,124,1.5,395,808,982,1070,1282,5266,0,1907,3277,5150,5589,5780,6548,0,1907,4.7,9.6,11.6,0,38.8,60.9,66.1,0
BET,2026-06-19,7378,298,4,30,0.4,368,690,815,904,1107,4559,0,1712,3043,4465,4767,4973,5666,0,1712,5,9.4,11,0,41.2,60.5,64.6,0
BET,2026-06-20,7526,340,4.5,48,0.6,373,615,775,886,1070,4753,0,1703,3196,4494,4988,5224,5823,0,1703,5,8.2,10.3,0,42.5,59.7,66.3,0
BET,2026-06-21,6715,289,4.3,65,1,218,441,599,666,840,4218,0,1657,2205,3850,4240,4462,5058,0,1657,3.2,6.6,8.9,0,32.8,57.3,63.1,0
BET,2026-06-22,7222,318,4.4,53,0.7,308,560,709,795,968,4583,0,1671,2942,4370,4707,4994,5551,0,1671,4.3,7.8,9.8,0,40.7,60.5,65.2,0
BET,2026-06-23,6940,393,5.7,39,0.6,271,511,661,739,868,4321,0,1751,2715,4071,4506,4700,5189,0,1751,3.9,7.4,9.5,0,39.1,58.7,64.9,0
BET,2026-06-24,7124,428,6,62,0.9,338,642,802,892,1028,4350,0,1746,2934,4396,4726,4912,5378,0,1746,4.7,9,11.3,0,41.2,61.7,66.3,0
BET,2026-06-25,5244,286,5.5,28,0.5,312,552,678,737,838,3091,0,1315,2291,3235,3473,3562,3929,0,1315,5.9,10.5,12.9,0,43.7,61.7,66.2,0
BET,2026-06-26,5440,342,6.3,11,0.2,274,538,652,737,855,3306,0,1279,2075,3274,3475,3648,4161,0,1279,5,9.9,12,0,38.1,60.2,63.9,0
BET,2026-06-27,8182,709,8.7,407,5,379,627,816,883,989,5245,0,1948,3517,4777,5310,5586,6234,0,1948,4.6,7.7,10,0,43,58.4,64.9,0
BET,2026-06-28,8057,400,5,0,0,304,583,752,844,993,5200,0,1864,2862,4773,5253,5512,6193,0,1864,3.8,7.2,9.3,0,35.5,59.2,65.2,0
BET,2026-06-29,5553,337,6.1,0,0,250,512,631,693,764,3408,0,1381,2326,3344,3606,3777,4172,0,1381,4.5,9.2,11.4,0,41.9,60.2,64.9,0
BET,2026-06-30,6385,444,7,190,3,285,535,654,710,780,3950,0,1655,2555,3769,4089,4282,4730,0,1655,4.5,8.4,10.2,0,40,59,64,0
BET,2026-07-01,5940,450,7.6,211,3.6,197,402,455,489,573,3837,0,1530,2292,3556,3822,3993,4410,0,1530,3.3,6.8,7.7,0,38.6,59.9,64.3,0
BET,2026-07-02,4982,367,7.4,137,2.7,217,353,433,480,547,3111,0,1324,2008,2936,3208,3298,3658,0,1324,4.4,7.1,8.7,0,40.3,58.9,64.4,0
BET,2026-07-03,5507,308,5.6,0,0,243,484,596,666,730,3328,0,1449,2062,3323,3527,3661,4058,0,1449,4.4,8.8,10.8,0,37.4,60.3,64,0
BET,2026-07-04,5656,530,9.4,217,3.8,191,398,529,567,627,3465,0,1564,1783,3094,3465,3669,4092,0,1564,3.4,7,9.4,0,31.5,54.7,61.3,0
BET,2026-07-05,5197,415,8,249,4.8,210,432,475,495,573,3178,0,1446,1854,2919,3198,3320,3751,0,1446,4,8.3,9.1,0,35.7,56.2,61.5,0
BET,2026-07-06,5038,295,5.9,44,0.9,195,333,429,480,571,2982,0,1485,1984,2828,3041,3174,3553,0,1485,3.9,6.6,8.5,0,39.4,56.1,60.4,0
BET,2026-07-07,7017,435,6.2,1,0,265,546,674,743,874,4186,0,1957,2537,3970,4290,4484,5060,0,1957,3.8,7.8,9.6,0,36.2,56.6,61.1,0
BET,2026-07-08,7388,564,7.6,2,0,243,438,556,617,719,4605,0,2064,2850,4128,4516,4740,5324,0,2064,3.3,5.9,7.5,0,38.6,55.9,61.1,0
BET,2026-07-09,8500,593,7,116,1.4,225,536,687,760,884,5454,0,2162,2632,4953,5454,5645,6338,0,2162,2.6,6.3,8.1,0,31,58.3,64.2,0
BET,2026-07-10,6443,453,7,1,0,276,514,631,717,814,3764,0,1865,2432,3641,3877,4078,4578,0,1865,4.3,8,9.8,0,37.7,56.5,60.2,0
BET,2026-07-11,6720,507,7.5,0,0,259,479,599,672,765,4008,0,1947,2345,3560,3970,4165,4773,0,1947,3.9,7.1,8.9,0,34.9,53,59.1,0
BET,2026-07-12,7059,611,8.7,218,3.1,242,474,590,655,726,4364,0,1969,2337,3813,4247,4486,5090,0,1969,3.4,6.7,8.4,0,33.1,54,60.2,0
BET,2026-07-13,6952,594,8.5,139,2,192,446,578,633,702,4224,0,2026,2035,3681,4075,4271,4926,0,2026,2.8,6.4,8.3,0,29.3,52.9,58.6,0
BET,2026-07-14,5065,444,8.8,90,1.8,61,335,475,517,585,3061,0,1419,559,2646,3041,3208,3646,0,1419,1.2,6.6,9.4,0,11,52.2,60,0
BET,2026-07-15,10668,1021,9.6,511,4.8,166,759,888,975,1074,6812,0,2782,1498,5833,6594,6955,7886,0,2782,1.6,7.1,8.3,0,14,54.7,61.8,0
BET,2026-07-16,4523,425,9.4,216,4.8,160,377,477,508,568,2596,0,1359,1152,2445,2700,2804,3164,0,1359,3.5,8.3,10.5,0,25.5,54.1,59.7,0
BET,2026-07-17,4794,424,8.8,52,1.1,92,353,443,525,574,2891,0,1329,774,2550,2798,2970,3465,0,1329,1.9,7.4,9.2,0,16.1,53.2,58.4,0
BET,2026-07-18,4087,399,9.8,271,6.6,121,300,403,422,482,2481,0,1124,960,2089,2378,2536,2963,0,1124,3,7.3,9.9,0,23.5,51.1,58.2,0
BET,2026-07-19,6528,792,12.1,560,8.6,239,421,468,493,543,4176,0,1809,2181,3484,3880,4068,4719,0,1809,3.7,6.4,7.2,0,33.4,53.4,59.4,0
BET,2026-07-20,4170,500,12,323,7.7,125,239,291,314,366,2681,0,1123,1241,2197,2411,2573,3047,0,1123,3,5.7,7,0,29.8,52.7,57.8,0
BET,2026-07-21,3513,310,8.8,199,5.7,134,283,362,390,425,2160,0,928,1087,1943,2130,2231,2585,0,928,3.8,8.1,10.3,0,30.9,55.3,60.6,0
BET,2026-07-22,3946,370,9.4,303,7.7,133,342,418,441,481,2504,0,961,1041,2224,2478,2608,2985,0,961,3.4,8.7,10.6,0,26.4,56.4,62.8,0
BET,2026-07-23,4839,518,10.7,416,8.6,248,539,579,610,677,2886,0,1276,1631,2762,2997,3102,3563,0,1276,5.1,11.1,12,0,33.7,57.1,61.9,0
BET,2026-07-24,4052,197,4.9,17,0.4,161,390,506,574,612,2404,0,1036,1129,2358,2524,2671,3016,0,1036,4,9.6,12.5,0,27.9,58.2,62.3,0
BET,2026-07-25,4120,233,5.7,136,3.3,139,389,548,572,625,2395,0,1100,1023,2227,2567,2709,3020,0,1100,3.4,9.4,13.3,0,24.8,54.1,62.3,0
BET,2026-07-26,3860,278,7.2,198,5.1,85,313,371,392,423,2290,0,1147,702,2155,2368,2462,2713,0,1147,2.2,8.1,9.6,0,18.2,55.8,61.3,0
BET,2026-07-27,4240,302,7.1,193,4.6,98,341,423,483,521,2104,0,1615,695,2021,2261,2401,2625,0,1615,2.3,8,10,0,16.4,47.7,53.3,0
BET,2026-07-28,6211,390,6.3,217,3.5,150,502,685,740,784,4044,0,1383,1419,3756,4257,4465,4828,0,1383,2.4,8.1,11,0,22.8,60.5,68.5,0
BET,2026-07-29,3347,207,6.2,89,2.7,89,318,398,416,447,1953,0,947,646,1941,2110,2208,2400,0,947,2.7,9.5,11.9,0,19.3,58,63,0
BET,2026-07-30,3965,335,8.4,267,6.7,83,311,387,408,435,2479,0,1051,757,2371,2593,2668,2914,0,1051,2.1,7.8,9.8,0,19.1,59.8,65.4,0
BET,2026-07-31,5091,605,11.9,474,9.3,178,376,391,415,460,3348,0,1283,1867,3132,3314,3485,3808,0,1283,3.5,7.4,7.7,0,36.7,61.5,65.1,0
BET,2026-08-01,4130,298,7.2,216,5.2,118,308,394,420,445,2564,0,1121,1235,2382,2663,2782,3009,0,1121,2.9,7.5,9.5,0,29.9,57.7,64.5,0
BET,2026-08-02,4053,236,5.8,169,4.2,52,284,385,415,436,2461,0,1156,506,2337,2620,2767,2897,0,1156,1.3,7,9.5,0,12.5,57.7,64.6,0
BET,2026-08-03,5757,314,5.5,206,3.6,91,409,536,571,612,3525,0,1620,1001,3365,3733,3912,4137,0,1620,1.6,7.1,9.3,0,17.4,58.5,64.8,0
BET,2026-08-04,3274,212,6.5,126,3.8,42,260,363,386,409,1910,0,955,344,1878,2109,2206,2319,0,955,1.3,7.9,11.1,0,10.5,57.4,64.4,0
BET,2026-08-05,3407,228,6.7,155,4.5,64,283,355,379,396,1843,0,1168,528,1849,2064,2152,2239,0,1168,1.9,8.3,10.4,0,15.5,54.3,60.6,0
BET,2026-08-06,2452,225,9.2,203,8.3,48,231,290,303,316,1259,0,877,253,1304,1454,1516,1575,0,877,2,9.4,11.8,0,10.3,53.2,59.3,0
BIB,2026-05-08,62,0,0,0,0,0,0,0,0,2,2,1,57,0,0,0,0,4,1,57,0,0,0,1.6,0,0,0,1.6
BIB,2026-05-09,78,0,0,0,0,0,0,0,0,6,1,1,70,0,0,0,0,7,1,70,0,0,0,1.3,0,0,0,1.3
BIB,2026-05-10,108,0,0,0,0,0,0,0,0,11,5,1,91,0,0,0,0,16,1,91,0,0,0,0.9,0,0,0,0.9
BIB,2026-05-11,223,1,0.4,0,0,0,0,0,17,29,2,2,190,0,0,0,20,29,2,192,0,0,0,0.9,0,0,0,0.9
BIB,2026-05-12,170,0,0,0,0,0,0,24,33,48,11,2,109,0,0,33,43,56,2,112,0,0,14.1,1.2,0,0,19.4,1.2
BIB,2026-05-13,169,0,0,0,0,0,88,116,127,141,13,2,13,0,125,140,141,150,2,17,0,52.1,68.6,1.2,0,74,82.8,1.2
BIB,2026-05-14,160,1,0.6,0,0,18,90,118,123,137,14,5,4,23,123,136,141,151,5,4,11.3,56.3,73.8,3.1,14.4,76.9,85,3.1
BIB,2026-05-15,158,0,0,0,0,30,97,111,123,141,12,4,1,38,124,136,139,153,4,1,19,61.4,70.3,2.5,24.1,78.5,86.1,2.5
BIB,2026-05-16,95,0,0,0,0,12,60,71,76,84,7,3,1,13,69,83,86,91,3,1,12.6,63.2,74.7,3.2,13.7,72.6,87.4,3.2
BIB,2026-05-17,92,0,0,0,0,13,57,69,73,84,3,2,3,15,67,76,78,87,2,3,14.1,62,75,2.2,16.3,72.8,82.6,2.2
BIB,2026-05-18,100,2,2,0,0,9,58,67,71,78,13,4,5,15,78,85,87,91,4,5,9,58,67,4,15,78,85,4
BIB,2026-05-19,102,3,2.9,0,0,9,64,71,73,84,6,8,4,11,72,81,84,90,8,4,8.8,62.7,69.6,7.8,10.8,70.6,79.4,7.8
BIB,2026-05-20,88,1,1.1,0,0,8,57,66,70,74,8,3,3,11,69,76,79,82,3,3,9.1,64.8,75,3.4,12.5,78.4,86.4,3.4
BIB,2026-05-21,85,0,0,0,0,13,57,61,68,73,8,2,2,16,70,72,78,81,2,2,15.3,67.1,71.8,2.4,18.8,82.4,84.7,2.4
BIB,2026-05-22,85,0,0,0,0,12,56,62,68,74,6,0,5,13,70,72,75,80,0,5,14.1,65.9,72.9,0,15.3,82.4,84.7,0
BIB,2026-05-23,80,1,1.3,0,0,13,59,65,66,66,4,6,4,13,66,69,70,70,6,4,16.3,73.8,81.3,7.5,16.3,82.5,86.3,7.5
BIB,2026-05-24,69,0,0,0,0,7,49,58,65,66,2,1,0,8,55,62,68,68,1,0,10.1,71,84.1,1.4,11.6,79.7,89.9,1.4
BIB,2026-05-25,108,2,1.9,0,0,13,77,82,85,92,9,2,5,17,90,96,97,101,2,5,12,71.3,75.9,1.9,15.7,83.3,88.9,1.9
BIB,2026-05-26,90,0,0,0,0,8,58,66,68,83,3,2,2,12,72,78,78,86,2,2,8.9,64.4,73.3,2.2,13.3,80,86.7,2.2
BIB,2026-05-27,13,0,0,0,0,5,7,7,7,7,0,6,0,7,7,7,7,7,6,0,38.5,53.8,53.8,46.2,53.8,53.8,53.8,46.2
BIB,2026-06-02,2,0,0,0,0,0,1,1,1,2,0,0,0,0,2,2,2,2,0,0,0,50,50,0,0,100,100,0
BIB,2026-06-03,19,1,5.3,0,0,3,12,12,13,13,0,2,4,3,12,12,13,13,2,4,15.8,63.2,63.2,10.5,15.8,63.2,63.2,10.5
BIB,2026-06-04,6,0,0,0,0,0,2,3,5,5,1,0,0,0,5,5,6,6,0,0,0,33.3,50,0,0,83.3,83.3,0
BIB,2026-06-05,5,0,0,0,0,3,3,3,3,3,0,0,2,3,3,3,3,3,0,2,60,60,60,0,60,60,60,0
BIB,2026-06-06,14,0,0,0,0,0,13,13,13,14,0,0,0,0,13,13,13,14,0,0,0,92.9,92.9,0,0,92.9,92.9,0
BIB,2026-06-07,22,2,9.1,0,0,3,15,16,18,18,1,0,3,3,16,18,19,19,0,3,13.6,68.2,72.7,0,13.6,72.7,81.8,0
BIB,2026-06-08,31,1,3.2,0,0,2,14,19,22,24,4,0,3,6,22,24,27,28,0,3,6.5,45.2,61.3,0,19.4,71,77.4,0
BIB,2026-06-09,198,1,0.5,0,0,1,108,139,152,166,19,5,8,1,140,165,172,185,5,8,0.5,54.5,70.2,2.5,0.5,70.7,83.3,2.5
BIB,2026-06-10,305,1,0.3,0,0,38,196,233,248,283,11,8,3,51,230,258,273,294,8,3,12.5,64.3,76.4,2.6,16.7,75.4,84.6,2.6
BIB,2026-06-11,305,1,0.3,0,0,42,183,216,230,269,23,9,4,57,230,251,261,292,9,4,13.8,60,70.8,3,18.7,75.4,82.3,3
BIB,2026-06-12,213,1,0.5,0,0,39,138,156,167,183,16,8,6,45,165,175,185,199,8,6,18.3,64.8,73.2,3.8,21.1,77.5,82.2,3.8
BIB,2026-06-13,34,0,0,0,0,3,21,29,29,31,1,1,1,5,26,29,30,32,1,1,8.8,61.8,85.3,2.9,14.7,76.5,85.3,2.9
BIB,2026-06-14,30,0,0,0,0,5,16,24,25,26,2,2,0,5,21,25,26,28,2,0,16.7,53.3,80,6.7,16.7,70,83.3,6.7
BIB,2026-06-15,48,1,2.1,0,0,4,30,35,39,41,2,2,3,5,36,41,42,43,2,3,8.3,62.5,72.9,4.2,10.4,75,85.4,4.2
BIB,2026-06-16,162,0,0,0,0,5,102,126,129,147,7,3,5,9,126,132,140,154,3,5,3.1,63,77.8,1.9,5.6,77.8,81.5,1.9
BIB,2026-06-17,302,3,1,3,1,45,222,244,253,275,14,5,8,64,255,270,275,289,5,8,14.9,73.5,80.8,1.7,21.2,84.4,89.4,1.7
BIB,2026-06-18,288,0,0,0,0,29,175,211,219,252,22,5,9,37,216,246,252,274,5,9,10.1,60.8,73.3,1.7,12.8,75,85.4,1.7
BIB,2026-06-19,131,0,0,0,0,30,88,96,112,114,8,2,7,37,107,112,119,122,2,7,22.9,67.2,73.3,1.5,28.2,81.7,85.5,1.5
BIB,2026-06-20,1,0,0,0,0,0,1,1,1,1,0,0,0,1,1,1,1,1,0,0,0,100,100,0,100,100,100,0
BIB,2026-06-21,1,0,0,0,0,0,0,0,0,0,1,0,0,0,1,1,1,1,0,0,0,0,0,0,0,100,100,0
BIB,2026-06-22,130,0,0,0,0,0,94,109,111,114,11,1,4,0,114,123,124,125,1,4,0,72.3,83.8,0.8,0,87.7,94.6,0.8
BIB,2026-06-23,90,1,1.1,0,0,29,58,68,70,76,11,1,2,39,73,79,82,87,1,2,32.2,64.4,75.6,1.1,43.3,81.1,87.8,1.1
BIB,2026-06-24,7,0,0,0,0,0,3,5,7,7,0,0,0,0,5,5,7,7,0,0,0,42.9,71.4,0,0,71.4,71.4,0
BIB,2026-06-25,2,0,0,0,0,0,2,2,2,2,0,0,0,0,2,2,2,2,0,0,0,100,100,0,0,100,100,0
BIB,2026-06-26,1,0,0,0,0,0,1,1,1,1,0,0,0,0,1,1,1,1,0,0,0,100,100,0,0,100,100,0
BIB,2026-06-27,1,0,0,0,0,0,0,0,1,1,0,0,0,0,0,1,1,1,0,0,0,0,0,0,0,0,100,0
BIB,2026-06-28,2,0,0,0,0,0,0,2,2,2,0,0,0,0,2,2,2,2,0,0,0,0,100,0,0,100,100,0
BIB,2026-06-29,4,0,0,0,0,0,1,3,4,4,0,0,0,0,1,3,4,4,0,0,0,25,75,0,0,25,75,0
BIB,2026-06-30,1,0,0,0,0,1,1,1,1,1,0,0,0,1,1,1,1,1,0,0,100,100,100,0,100,100,100,0
BIB,2026-07-01,3,0,0,0,0,0,2,2,2,3,0,0,0,0,2,2,2,3,0,0,0,66.7,66.7,0,0,66.7,66.7,0
BIB,2026-07-02,2,0,0,0,0,0,1,2,2,2,0,0,0,0,1,2,2,2,0,0,0,50,100,0,0,50,100,0
BIB,2026-07-04,1,0,0,0,0,0,1,1,1,1,0,0,0,0,1,1,1,1,0,0,0,100,100,0,0,100,100,0
BIB,2026-07-05,2,0,0,0,0,0,1,1,1,2,0,0,0,0,1,1,1,2,0,0,0,50,50,0,0,50,50,0
BIB,2026-07-06,9,0,0,0,0,0,4,7,8,9,0,0,0,1,6,7,8,9,0,0,0,44.4,77.8,0,11.1,66.7,77.8,0
BIB,2026-07-07,29,0,0,0,0,7,17,19,20,26,2,1,0,9,21,22,23,28,1,0,24.1,58.6,65.5,3.4,31,72.4,75.9,3.4
BIB,2026-07-08,10,0,0,0,0,0,8,8,9,10,0,0,0,2,9,9,9,10,0,0,0,80,80,0,20,90,90,0
BIB,2026-07-09,16,0,0,0,0,0,9,12,13,14,1,1,0,0,11,13,14,15,1,0,0,56.3,75,6.3,0,68.8,81.3,6.3
BIB,2026-07-10,2,0,0,0,0,0,1,1,1,2,0,0,0,0,2,2,2,2,0,0,0,50,50,0,0,100,100,0
BIB,2026-07-11,5,1,20,0,0,0,2,2,3,3,2,0,0,0,2,2,3,5,0,0,0,40,40,0,0,40,40,0
BIB,2026-07-13,136,1,0.7,0,0,5,86,97,104,121,11,1,3,5,105,111,116,132,1,3,3.7,63.2,71.3,0.7,3.7,77.2,81.6,0.7
BIB,2026-07-14,178,4,2.2,0,0,15,111,132,144,154,13,6,5,17,140,152,156,167,6,5,8.4,62.4,74.2,3.4,9.6,78.7,85.4,3.4
BIB,2026-07-15,157,0,0,0,0,8,102,119,125,139,10,0,8,11,126,135,139,149,0,8,5.1,65,75.8,0,7,80.3,86,0
BIB,2026-07-16,140,1,0.7,0,0,14,94,105,112,127,5,2,6,18,112,121,124,132,2,6,10,67.1,75,1.4,12.9,80,86.4,1.4
BIB,2026-07-17,84,2,2.4,0,0,14,51,60,68,76,6,0,2,16,65,70,78,82,0,2,16.7,60.7,71.4,0,19,77.4,83.3,0
BIB,2026-07-18,55,0,0,0,0,8,31,38,42,49,2,2,2,9,37,44,48,51,2,2,14.5,56.4,69.1,3.6,16.4,67.3,80,3.6
BIB,2026-07-19,86,3,3.5,0,0,8,32,55,62,76,6,0,4,13,49,66,69,82,0,4,9.3,37.2,64,0,15.1,57,76.7,0
BIB,2026-07-20,92,0,0,0,0,4,53,66,73,82,4,0,6,7,69,76,80,86,0,6,4.3,57.6,71.7,0,7.6,75,82.6,0
BIB,2026-07-21,95,4,4.2,0,0,14,49,63,71,79,4,1,11,17,60,70,76,83,1,11,14.7,51.6,66.3,1.1,17.9,63.2,73.7,1.1
BIB,2026-07-22,83,4,4.8,2,2.4,7,36,51,55,62,7,1,13,9,53,61,65,69,1,13,8.4,43.4,61.4,1.2,10.8,63.9,73.5,1.2
BIB,2026-07-23,84,4,4.8,0,0,4,44,57,61,69,7,0,8,11,58,70,74,76,0,8,4.8,52.4,67.9,0,13.1,69,83.3,0
BIB,2026-07-24,72,2,2.8,0,0,10,41,52,53,59,6,0,7,17,54,59,62,65,0,7,13.9,56.9,72.2,0,23.6,75,81.9,0
BIB,2026-07-25,57,0,0,0,0,5,32,47,50,52,3,2,0,6,39,52,54,55,2,0,8.8,56.1,82.5,3.5,10.5,68.4,91.2,3.5
BIB,2026-07-26,39,1,2.6,0,0,5,22,25,27,33,5,0,1,7,28,31,36,38,0,1,12.8,56.4,64.1,0,17.9,71.8,79.5,0
BIB,2026-07-27,90,1,1.1,0,0,6,44,60,67,70,5,4,11,8,59,68,70,75,4,11,6.7,48.9,66.7,4.4,8.9,65.6,75.6,4.4
BIB,2026-07-28,50,1,2,0,0,5,22,29,32,37,6,3,4,9,32,39,42,43,3,4,10,44,58,6,18,64,78,6
BIB,2026-07-29,55,0,0,0,0,4,25,38,41,45,2,3,5,7,38,45,46,47,3,5,7.3,45.5,69.1,5.5,12.7,69.1,81.8,5.5
BIB,2026-07-30,83,0,0,0,0,13,47,58,60,71,6,2,4,14,61,67,70,77,2,4,15.7,56.6,69.9,2.4,16.9,73.5,80.7,2.4
BIB,2026-07-31,11,0,0,0,0,4,5,5,6,8,3,0,0,5,8,8,11,11,0,0,36.4,45.5,45.5,0,45.5,72.7,72.7,0
BIB,2026-08-01,5,0,0,0,0,0,4,5,5,5,0,0,0,0,4,5,5,5,0,0,0,80,100,0,0,80,100,0
BIB,2026-08-02,1,0,0,0,0,1,1,1,1,1,0,0,0,1,1,1,1,1,0,0,100,100,100,0,100,100,100,0
BIB,2026-08-03,13,1,7.7,0,0,0,7,8,9,10,0,0,3,0,7,8,9,10,0,3,0,53.8,61.5,0,0,53.8,61.5,0
BIB,2026-08-04,6,0,0,0,0,1,4,4,4,4,1,0,1,1,5,5,5,5,0,1,16.7,66.7,66.7,0,16.7,83.3,83.3,0
BIB,2026-08-05,11,0,0,0,0,1,10,11,11,11,0,0,0,1,10,11,11,11,0,0,9.1,90.9,100,0,9.1,90.9,100,0
BIB,2026-08-06,4,0,0,0,0,0,3,3,3,3,1,0,0,0,4,4,4,4,0,0,0,75,75,0,0,100,100,0
BIB,2026-08-07,8,0,0,0,0,2,5,5,6,6,0,0,2,3,6,6,6,6,0,2,25,62.5,62.5,0,37.5,75,75,0
BIB,2026-08-08,5,0,0,0,0,0,0,1,1,1,2,0,2,1,1,3,3,3,0,2,0,0,20,0,20,20,60,0
BIB,2026-08-09,4,0,0,0,0,1,2,2,2,2,1,0,1,1,3,3,3,3,0,1,25,50,50,0,25,75,75,0
BIB,2026-08-10,5,0,0,0,0,0,0,0,0,0,0,0,5,0,0,0,0,0,0,5,0,0,0,0,0,0,0,0
BNB,2026-07-02,1,0,0,0,0,0,1,1,1,1,0,0,0,0,1,1,1,1,0,0,0,100,100,0,0,100,100,0
BNB,2026-07-09,1,0,0,0,0,0,1,1,1,1,0,0,0,0,1,1,1,1,0,0,0,100,100,0,0,100,100,0
BNB,2026-08-10,1,0,0,0,0,0,0,0,0,0,0,0,1,0,0,0,0,0,0,1,0,0,0,0,0,0,0,0
BNN,2026-05-08,3,0,0,0,0,0,0,0,0,0,0,0,3,0,0,0,0,0,0,3,0,0,0,0,0,0,0,0
BNN,2026-05-10,1,0,0,0,0,0,0,0,0,0,1,0,0,0,0,0,0,1,0,0,0,0,0,0,0,0,0,0
BNN,2026-05-14,8,0,0,0,0,0,7,7,8,8,0,0,0,0,8,8,8,8,0,0,0,87.5,87.5,0,0,100,100,0
BNN,2026-05-15,2,0,0,0,0,0,2,2,2,2,0,0,0,0,2,2,2,2,0,0,0,100,100,0,0,100,100,0
BNN,2026-05-16,4,0,0,0,0,0,0,3,4,4,0,0,0,0,2,4,4,4,0,0,0,0,75,0,0,50,100,0
BNN,2026-05-19,2,0,0,0,0,0,0,0,0,1,1,0,0,0,1,2,2,2,0,0,0,0,0,0,0,50,100,0
BNN,2026-05-21,1,0,0,0,0,0,1,1,1,1,0,0,0,0,1,1,1,1,0,0,0,100,100,0,0,100,100,0
BOL,2026-05-26,1,0,0,0,0,0,0,0,0,0,1,0,0,0,1,1,1,1,0,0,0,0,0,0,0,100,100,0
BOL,2026-07-13,1,0,0,0,0,0,0,0,0,0,1,0,0,0,1,1,1,1,0,0,0,0,0,0,0,100,100,0
BOL,2026-07-21,6,3,50,0,0,0,0,0,0,0,5,0,1,0,5,5,5,5,0,1,0,0,0,0,0,83.3,83.3,0
BOL,2026-07-22,370,14,3.8,0,0,3,159,210,229,274,83,0,13,6,278,314,322,357,0,13,0.8,43,56.8,0,1.6,75.1,84.9,0
BOL,2026-07-23,510,16,3.1,1,0.2,48,205,267,295,363,134,0,13,80,368,411,434,497,0,13,9.4,40.2,52.4,0,15.7,72.2,80.6,0
BOL,2026-07-24,516,21,4.1,3,0.6,30,233,300,331,381,116,0,19,73,405,441,456,497,0,19,5.8,45.2,58.1,0,14.1,78.5,85.5,0
BOL,2026-07-25,556,9,1.6,0,0,53,248,318,363,433,117,0,6,91,405,466,504,550,0,6,9.5,44.6,57.2,0,16.4,72.8,83.8,0
BOL,2026-07-26,492,15,3,1,0.2,38,218,292,326,374,111,0,7,80,400,441,457,485,0,7,7.7,44.3,59.3,0,16.3,81.3,89.6,0
BOL,2026-07-27,664,17,2.6,2,0.3,39,295,392,436,497,144,0,23,84,509,565,596,641,0,23,5.9,44.4,59,0,12.7,76.7,85.1,0
BOL,2026-07-28,693,21,3,1,0.1,47,295,385,423,484,187,0,22,98,538,613,639,671,0,22,6.8,42.6,55.6,0,14.1,77.6,88.5,0
BOL,2026-07-29,654,13,2,0,0,43,278,368,409,471,166,0,17,105,521,581,601,637,0,17,6.6,42.5,56.3,0,16.1,79.7,88.8,0
BOL,2026-07-30,662,17,2.6,0,0,49,293,385,420,473,168,0,21,94,524,577,591,641,0,21,7.4,44.3,58.2,0,14.2,79.2,87.2,0
BOL,2026-07-31,659,12,1.8,1,0.2,49,293,365,408,467,172,0,20,109,518,562,594,639,0,20,7.4,44.5,55.4,0,16.5,78.6,85.3,0
BOL,2026-08-01,676,5,0.7,0,0,59,310,401,445,489,161,0,26,113,523,597,615,650,0,26,8.7,45.9,59.3,0,16.7,77.4,88.3,0
BOL,2026-08-02,562,14,2.5,0,0,50,259,331,360,399,137,0,26,85,462,494,511,536,0,26,8.9,46.1,58.9,0,15.1,82.2,87.9,0
BOL,2026-08-03,701,12,1.7,2,0.3,36,278,383,423,473,188,0,40,90,541,611,636,661,0,40,5.1,39.7,54.6,0,12.8,77.2,87.2,0
BOL,2026-08-04,660,11,1.7,2,0.3,63,300,386,417,446,172,0,42,113,538,579,601,618,0,42,9.5,45.5,58.5,0,17.1,81.5,87.7,0
BOL,2026-08-05,696,11,1.6,6,0.9,59,276,364,407,447,183,0,66,112,521,585,606,630,0,66,8.5,39.7,52.3,0,16.1,74.9,84.1,0
BOL,2026-08-06,657,2,0.3,0,0,62,269,358,397,418,158,0,81,112,500,537,559,576,0,81,9.4,40.9,54.5,0,17,76.1,81.7,0
BOL,2026-08-07,677,3,0.4,1,0.1,52,268,348,392,392,185,0,100,106,507,546,577,577,0,100,7.7,39.6,51.4,0,15.7,74.9,80.6,0
BOL,2026-08-08,647,0,0,0,0,54,278,344,344,344,168,0,135,103,452,512,512,512,0,135,8.3,43,53.2,0,15.9,69.9,79.1,0
BOL,2026-08-09,578,0,0,0,0,45,218,218,218,218,185,0,175,80,403,403,403,403,0,175,7.8,37.7,37.7,0,13.8,69.7,69.7,0
BOL,2026-08-10,648,0,0,0,0,51,51,51,51,51,39,0,558,89,90,90,90,90,0,558,7.9,7.9,7.9,0,13.7,13.9,13.9,0
BRO,2026-05-13,4,0,0,0,0,0,1,2,2,2,1,1,0,0,3,3,3,3,1,0,0,25,50,25,0,75,75,25
BRO,2026-05-16,2,0,0,0,0,0,2,2,2,2,0,0,0,0,2,2,2,2,0,0,0,100,100,0,0,100,100,0
BRO,2026-05-19,2,0,0,0,0,0,0,1,2,2,0,0,0,0,2,2,2,2,0,0,0,0,50,0,0,100,100,0
BRO,2026-05-22,2,0,0,0,0,0,2,2,2,2,0,0,0,0,2,2,2,2,0,0,0,100,100,0,0,100,100,0
BRO,2026-05-23,1,0,0,0,0,0,1,1,1,1,0,0,0,0,1,1,1,1,0,0,0,100,100,0,0,100,100,0
BRO,2026-05-25,1,0,0,0,0,0,0,0,0,1,0,0,0,0,0,0,0,1,0,0,0,0,0,0,0,0,0,0
BRO,2026-05-28,2,0,0,0,0,0,2,2,2,2,0,0,0,0,2,2,2,2,0,0,0,100,100,0,0,100,100,0
BRO,2026-06-01,2,0,0,0,0,0,1,2,2,2,0,0,0,0,2,2,2,2,0,0,0,50,100,0,0,100,100,0
BRO,2026-06-12,2,0,0,0,0,0,1,1,1,2,0,0,0,0,1,1,1,2,0,0,0,50,50,0,0,50,50,0
BRO,2026-06-16,1,0,0,0,0,0,0,0,1,1,0,0,0,0,1,1,1,1,0,0,0,0,0,0,0,100,100,0
BRO,2026-06-18,2,0,0,0,0,0,1,1,1,2,0,0,0,0,2,2,2,2,0,0,0,50,50,0,0,100,100,0
BRO,2026-06-20,1,0,0,0,0,0,0,0,0,1,0,0,0,0,0,0,0,1,0,0,0,0,0,0,0,0,0,0
BRO,2026-06-25,3,0,0,0,0,0,2,3,3,3,0,0,0,0,2,3,3,3,0,0,0,66.7,100,0,0,66.7,100,0
BRO,2026-06-29,1,0,0,0,0,0,1,1,1,1,0,0,0,0,1,1,1,1,0,0,0,100,100,0,0,100,100,0
BRO,2026-06-30,1,0,0,0,0,0,1,1,1,1,0,0,0,0,1,1,1,1,0,0,0,100,100,0,0,100,100,0
BRO,2026-07-06,3,0,0,0,0,0,2,2,2,3,0,0,0,0,2,2,3,3,0,0,0,66.7,66.7,0,0,66.7,66.7,0
BRO,2026-07-10,1,0,0,0,0,0,0,1,1,1,0,0,0,1,1,1,1,1,0,0,0,0,100,0,100,100,100,0
BRO,2026-07-15,1,0,0,0,0,1,1,1,1,1,0,0,0,1,1,1,1,1,0,0,100,100,100,0,100,100,100,0
BRO,2026-07-21,5,0,0,0,0,0,2,4,4,4,0,1,0,0,4,4,4,4,1,0,0,40,80,20,0,80,80,20
BRO,2026-07-22,3,1,33.3,0,0,0,1,1,1,2,1,0,0,0,2,2,2,3,0,0,0,33.3,33.3,0,0,66.7,66.7,0
BRO,2026-07-24,2,0,0,0,0,0,0,0,0,2,0,0,0,0,1,1,1,2,0,0,0,0,0,0,0,50,50,0
BRO,2026-07-27,3,0,0,0,0,1,1,1,1,3,0,0,0,1,2,2,3,3,0,0,33.3,33.3,33.3,0,33.3,66.7,66.7,0
BRO,2026-07-31,1,0,0,0,0,0,1,1,1,1,0,0,0,0,1,1,1,1,0,0,0,100,100,0,0,100,100,0
BRO,2026-08-01,1,0,0,0,0,0,1,1,1,1,0,0,0,0,1,1,1,1,0,0,0,100,100,0,0,100,100,0
BRO,2026-08-06,1,0,0,0,0,0,1,1,1,1,0,0,0,0,1,1,1,1,0,0,0,100,100,0,0,100,100,0
BRO,2026-08-07,3,0,0,0,0,0,3,3,3,3,0,0,0,0,3,3,3,3,0,0,0,100,100,0,0,100,100,0
BRP,2026-05-08,664,0,0,0,0,0,0,0,0,16,31,3,614,0,0,0,0,47,3,614,0,0,0,0.5,0,0,0,0.5
BRP,2026-05-09,310,0,0,0,0,0,0,0,0,14,22,2,272,0,0,0,0,36,2,272,0,0,0,0.6,0,0,0,0.6
BRP,2026-05-10,288,0,0,0,0,0,0,0,0,32,18,2,236,0,0,0,0,50,2,236,0,0,0,0.7,0,0,0,0.7
BRP,2026-05-11,294,1,0.3,0,0,0,0,0,54,77,46,2,169,0,0,0,95,123,2,169,0,0,0,0.7,0,0,0,0.7
BRP,2026-05-12,570,2,0.4,0,0,0,0,182,272,321,118,36,95,0,0,288,391,439,36,95,0,0,31.9,6.3,0,0,50.5,6.3
BRP,2026-05-13,755,1,0.1,0,0,0,85,337,434,503,172,53,27,0,142,526,632,675,53,27,0,11.3,44.6,7,0,18.8,69.7,7
BRP,2026-05-14,735,4,0.5,0,0,0,87,324,427,501,172,41,21,0,142,497,620,673,41,21,0,11.8,44.1,5.6,0,19.3,67.6,5.6
BRP,2026-05-15,360,3,0.8,0,0,0,43,149,207,249,74,19,18,1,63,239,292,323,19,18,0,11.9,41.4,5.3,0.3,17.5,66.4,5.3
BRP,2026-05-16,344,0,0,0,0,0,33,137,199,233,70,24,17,1,56,216,278,303,24,17,0,9.6,39.8,7,0.3,16.3,62.8,7
BRP,2026-05-17,346,2,0.6,0,0,0,43,153,202,238,73,20,15,0,68,231,280,311,20,15,0,12.4,44.2,5.8,0,19.7,66.8,5.8
BRP,2026-05-18,387,0,0,0,0,0,46,186,241,279,73,19,16,0,66,267,324,352,19,16,0,11.9,48.1,4.9,0,17.1,69,4.9
BRP,2026-05-19,1132,1,0.1,0,0,0,140,498,634,733,300,60,39,1,234,791,952,1033,60,39,0,12.4,44,5.3,0.1,20.7,69.9,5.3
BRP,2026-05-20,361,1,0.3,0,0,0,47,170,225,248,78,24,11,0,79,241,297,326,24,11,0,13,47.1,6.6,0,21.9,66.8,6.6
BRP,2026-05-21,534,0,0,0,0,0,44,219,288,356,137,28,13,0,81,351,430,493,28,13,0,8.2,41,5.2,0,15.2,65.7,5.2
BRP,2026-05-22,265,0,0,0,0,0,44,118,150,181,59,17,8,0,66,181,217,240,17,8,0,16.6,44.5,6.4,0,24.9,68.3,6.4
BRP,2026-05-23,381,0,0,0,0,0,40,171,224,263,96,14,8,0,67,266,325,359,14,8,0,10.5,44.9,3.7,0,17.6,69.8,3.7
BRP,2026-05-24,382,0,0,0,0,0,40,149,212,268,85,19,10,0,68,240,310,353,19,10,0,10.5,39,5,0,17.8,62.8,5
BRP,2026-05-25,297,0,0,0,0,0,33,135,173,203,73,13,8,0,66,203,249,276,13,8,0,11.1,45.5,4.4,0,22.2,68.4,4.4
BRP,2026-05-26,379,0,0,0,0,0,50,186,239,274,76,15,14,0,78,270,327,350,15,14,0,13.2,49.1,4,0,20.6,71.2,4
BRP,2026-05-27,384,0,0,0,0,0,34,174,225,270,76,21,17,0,59,243,303,346,21,17,0,8.9,45.3,5.5,0,15.4,63.3,5.5
BRP,2026-05-28,1386,0,0,0,0,0,130,581,745,902,355,81,48,0,226,910,1107,1257,81,48,0,9.4,41.9,5.8,0,16.3,65.7,5.8
BRP,2026-05-29,279,0,0,0,0,0,29,119,159,191,57,22,9,0,50,175,220,248,22,9,0,10.4,42.7,7.9,0,17.9,62.7,7.9
BRP,2026-05-30,352,0,0,0,0,0,33,138,187,231,78,27,16,0,57,217,272,309,27,16,0,9.4,39.2,7.7,0,16.2,61.6,7.7
BRP,2026-05-31,299,0,0,0,0,0,35,126,167,205,74,12,8,0,59,192,243,279,12,8,0,11.7,42.1,4,0,19.7,64.2,4
BRP,2026-06-01,380,0,0,0,0,0,44,162,225,264,81,22,13,0,74,238,310,345,22,13,0,11.6,42.6,5.8,0,19.5,62.6,5.8
BRP,2026-06-02,1169,0,0,0,0,0,114,520,660,782,296,59,32,0,179,818,965,1078,59,32,0,9.8,44.5,5,0,15.3,70,5
BRP,2026-06-03,361,0,0,0,0,0,39,155,212,257,82,14,8,0,66,239,301,339,14,8,0,10.8,42.9,3.9,0,18.3,66.2,3.9
BRP,2026-06-04,326,0,0,0,0,0,26,131,176,216,77,19,14,0,40,199,258,293,19,14,0,8,40.2,5.8,0,12.3,61,5.8
BRP,2026-06-05,691,0,0,0,0,0,66,278,393,455,185,31,20,0,115,466,579,640,31,20,0,9.6,40.2,4.5,0,16.6,67.4,4.5
BRP,2026-06-06,286,0,0,0,0,0,33,123,162,196,59,16,15,0,52,179,228,255,16,15,0,11.5,43,5.6,0,18.2,62.6,5.6
BRP,2026-06-07,304,0,0,0,0,0,30,140,176,214,55,18,17,0,52,201,236,269,18,17,0,9.9,46.1,5.9,0,17.1,66.1,5.9
BRP,2026-06-08,346,0,0,0,0,0,38,145,205,251,75,13,7,0,64,222,287,326,13,7,0,11,41.9,3.8,0,18.5,64.2,3.8
BRP,2026-06-09,348,0,0,0,0,0,37,159,215,244,83,11,10,0,66,249,304,327,11,10,0,10.6,45.7,3.2,0,19,71.6,3.2
BRP,2026-06-10,399,0,0,0,0,0,43,181,241,281,88,22,8,0,77,279,339,369,22,8,0,10.8,45.4,5.5,0,19.3,69.9,5.5
BRP,2026-06-11,498,0,0,0,0,0,53,202,278,339,116,19,24,0,84,314,396,455,19,24,0,10.6,40.6,3.8,0,16.9,63.1,3.8
BRP,2026-06-12,468,0,0,0,0,0,42,139,208,329,104,22,13,0,76,222,293,433,22,13,0,9,29.7,4.7,0,16.2,47.4,4.7
BRP,2026-06-13,1795,0,0,0,0,0,127,528,686,993,661,114,27,0,269,998,1240,1654,114,27,0,7.1,29.4,6.4,0,15,55.6,6.4
BRP,2026-06-14,1491,0,0,0,0,0,110,446,645,902,496,72,21,0,236,805,1083,1398,72,21,0,7.4,29.9,4.8,0,15.8,54,4.8
BRP,2026-06-15,647,0,0,0,0,0,75,220,291,413,180,35,19,0,149,366,450,593,35,19,0,11.6,34,5.4,0,23,56.6,5.4
BRP,2026-06-16,671,0,0,0,0,0,69,213,316,461,173,27,10,0,117,319,458,634,27,10,0,10.3,31.7,4,0,17.4,47.5,4
BRP,2026-06-17,774,0,0,0,0,0,75,280,368,501,187,55,31,0,145,437,533,688,55,31,0,9.7,36.2,7.1,0,18.7,56.5,7.1
BRP,2026-06-18,931,0,0,0,0,0,64,239,311,635,236,46,14,0,123,398,494,871,46,14,0,6.9,25.7,4.9,0,13.2,42.7,4.9
BRP,2026-06-19,635,0,0,0,0,0,65,239,331,413,171,34,17,0,112,393,496,584,34,17,0,10.2,37.6,5.4,0,17.6,61.9,5.4
BRP,2026-06-20,556,0,0,0,0,0,59,221,289,360,140,36,20,0,109,360,441,500,36,20,0,10.6,39.7,6.5,0,19.6,64.7,6.5
BRP,2026-06-21,448,0,0,0,0,0,50,192,245,286,118,25,19,0,84,280,357,404,25,19,0,11.2,42.9,5.6,0,18.8,62.5,5.6
BRP,2026-06-22,492,0,0,0,0,0,47,214,282,330,121,26,15,0,77,335,411,450,26,16,0,9.6,43.5,5.3,0,15.7,68.1,5.3
BRP,2026-06-23,694,0,0,0,0,0,77,274,359,428,211,36,19,1,131,457,568,639,36,19,0,11.1,39.5,5.2,0.1,18.9,65.9,5.2
BRP,2026-06-24,1120,0,0,0,0,0,140,472,612,700,331,57,32,1,237,792,947,1031,57,32,0,12.5,42.1,5.1,0.1,21.2,70.7,5.1
BRP,2026-06-25,899,0,0,0,0,0,82,362,477,575,247,58,19,0,178,603,727,822,58,19,0,9.1,40.3,6.5,0,19.8,67.1,6.5
BRP,2026-06-26,413,0,0,0,0,0,44,154,207,256,112,28,17,0,73,273,332,368,28,17,0,10.7,37.3,6.8,0,17.7,66.1,6.8
BRP,2026-06-27,475,0,0,0,0,0,54,205,269,315,117,27,16,0,91,321,386,432,27,16,0,11.4,43.2,5.7,0,19.2,67.6,5.7
BRP,2026-06-28,561,0,0,0,0,0,63,243,310,343,168,29,21,0,130,403,472,511,29,21,0,11.2,43.3,5.2,0,23.2,71.8,5.2
BRP,2026-06-29,1113,1,0.1,0,0,0,128,489,633,712,297,68,36,0,235,758,930,1009,68,36,0,11.5,43.9,6.1,0,21.1,68.1,6.1
BRP,2026-06-30,934,0,0,0,0,0,113,447,549,625,224,61,24,0,198,662,782,849,61,24,0,12.1,47.9,6.5,0,21.2,70.9,6.5
BRP,2026-07-01,780,0,0,0,0,0,81,352,454,526,208,31,15,0,142,540,659,734,31,15,0,10.4,45.1,4,0,18.2,69.2,4
BRP,2026-07-02,848,0,0,0,0,0,120,372,476,590,195,45,18,0,173,564,683,785,45,18,0,14.2,43.9,5.3,0,20.4,66.5,5.3
BRP,2026-07-03,685,2,0.3,0,0,0,33,126,177,457,181,32,15,0,62,227,290,638,32,15,0,4.8,18.4,4.7,0,9.1,33.1,4.7
BRP,2026-07-04,693,2,0.3,0,0,0,41,183,246,469,186,28,10,0,89,314,380,655,28,10,0,5.9,26.4,4,0,12.8,45.3,4
BRP,2026-07-05,335,0,0,0,0,1,34,99,136,201,111,17,6,7,72,187,220,312,17,6,0.3,10.1,29.6,5.1,2.1,21.5,55.8,5.1
BRP,2026-07-06,556,2,0.4,0,0,0,28,147,201,387,139,21,9,0,49,227,303,526,21,9,0,5,26.4,3.8,0,8.8,40.8,3.8
BRP,2026-07-07,744,1,0.1,0,0,0,57,263,354,521,176,27,20,0,97,394,495,697,27,20,0,7.7,35.3,3.6,0,13,53,3.6
BRP,2026-07-08,772,2,0.3,0,0,0,36,209,315,511,194,50,17,0,60,319,455,705,50,17,0,4.7,27.1,6.5,0,7.8,41.3,6.5
BRP,2026-07-09,559,2,0.4,0,0,0,17,129,202,376,132,34,17,0,33,206,296,508,34,17,0,3,23.1,6.1,0,5.9,36.9,6.1
BRP,2026-07-10,679,0,0,0,0,0,42,188,298,463,172,28,16,0,56,279,413,635,28,16,0,6.2,27.7,4.1,0,8.2,41.1,4.1
BRP,2026-07-11,963,5,0.5,0,0,0,32,196,322,609,281,53,20,0,56,322,496,890,53,20,0,3.3,20.4,5.5,0,5.8,33.4,5.5
BRP,2026-07-12,758,3,0.4,0,0,0,40,214,298,467,240,36,15,0,75,363,478,707,36,15,0,5.3,28.2,4.7,0,9.9,47.9,4.7
BRP,2026-07-13,813,2,0.2,0,0,0,49,263,352,524,224,49,16,0,86,420,540,748,49,16,0,6,32.3,6,0,10.6,51.7,6
BRP,2026-07-14,707,6,0.8,0,0,0,38,226,295,473,174,43,17,0,69,329,436,647,43,17,0,5.4,32,6.1,0,9.8,46.5,6.1
BRP,2026-07-15,479,3,0.6,0,0,0,14,74,123,305,129,27,18,0,28,135,208,434,27,18,0,2.9,15.4,5.6,0,5.8,28.2,5.6
BRP,2026-07-16,1168,4,0.3,0,0,0,37,229,337,765,316,69,18,1,71,386,536,1081,69,18,0,3.2,19.6,5.9,0.1,6.1,33,5.9
BRP,2026-07-17,1419,15,1.1,0,0,0,61,311,451,869,463,62,25,0,140,630,815,1332,62,25,0,4.3,21.9,4.4,0,9.9,44.4,4.4
BRP,2026-07-18,771,11,1.4,0,0,1,33,178,244,519,207,28,17,2,78,318,387,725,28,18,0.1,4.3,23.1,3.6,0.3,10.1,41.2,3.6
BRP,2026-07-19,701,18,2.6,0,0,0,29,147,203,461,190,42,8,0,59,238,302,651,42,8,0,4.1,21,6,0,8.4,34,6
BRP,2026-07-20,784,25,3.2,0,0,0,33,129,208,518,204,41,21,0,46,207,310,722,41,21,0,4.2,16.5,5.2,0,5.9,26.4,5.2
BRP,2026-07-21,767,41,5.3,5,0.7,0,52,153,219,475,237,35,20,0,104,273,375,712,35,20,0,6.8,19.9,4.6,0,13.6,35.6,4.6
BRP,2026-07-22,1062,62,5.8,24,2.3,0,64,280,385,605,369,63,25,0,153,566,702,974,63,25,0,6,26.4,5.9,0,14.4,53.3,5.9
BRP,2026-07-23,939,75,8,23,2.4,0,43,189,260,529,342,49,19,0,85,376,490,871,49,19,0,4.6,20.1,5.2,0,9.1,40,5.2
BRP,2026-07-24,1015,75,7.4,27,2.7,0,33,189,302,619,313,65,18,0,82,370,517,932,65,18,0,3.3,18.6,6.4,0,8.1,36.5,6.4
BRP,2026-07-25,722,39,5.4,17,2.4,0,19,187,293,484,175,40,23,0,44,308,450,659,40,23,0,2.6,25.9,5.5,0,6.1,42.7,5.5
BRP,2026-07-26,482,20,4.1,5,1,0,18,167,229,331,104,31,16,0,37,238,317,435,31,16,0,3.7,34.6,6.4,0,7.7,49.4,6.4
BRP,2026-07-27,599,28,4.7,10,1.7,0,39,227,308,414,140,30,15,0,70,330,436,554,30,15,0,6.5,37.9,5,0,11.7,55.1,5
BRP,2026-07-28,1877,91,4.8,35,1.9,0,149,562,850,1330,413,93,41,0,227,817,1187,1743,93,41,0,7.9,29.9,5,0,12.1,43.5,5
BRP,2026-07-29,1152,61,5.3,25,2.2,0,91,398,577,813,265,49,25,0,149,586,819,1078,49,25,0,7.9,34.5,4.3,0,12.9,50.9,4.3
BRP,2026-07-30,1692,96,5.7,37,2.2,0,152,531,763,1104,441,85,62,0,246,813,1122,1545,85,62,0,9,31.4,5,0,14.5,48,5
BRP,2026-07-31,890,46,5.2,21,2.4,0,45,243,374,593,236,32,29,0,89,428,594,829,32,29,0,5.1,27.3,3.6,0,10,48.1,3.6
BRP,2026-08-01,754,39,5.2,22,2.9,0,68,256,358,506,177,37,34,0,128,419,541,683,37,34,0,9,34,4.9,0,17,55.6,4.9
BRP,2026-08-02,442,22,5,6,1.4,0,36,116,170,305,86,22,29,0,58,177,238,391,22,29,0,8.1,26.2,5,0,13.1,40,5
BRP,2026-08-03,740,28,3.8,13,1.8,0,60,205,267,496,157,39,48,0,105,303,379,653,39,48,0,8.1,27.7,5.3,0,14.2,40.9,5.3
BRP,2026-08-04,986,50,5.1,15,1.5,0,52,231,351,598,251,63,74,0,91,351,523,849,63,74,0,5.3,23.4,6.4,0,9.2,35.6,6.4
BRP,2026-08-05,760,49,6.4,29,3.8,0,60,280,386,471,196,38,55,0,118,437,558,667,38,55,0,7.9,36.8,5,0,15.5,57.5,5
BRP,2026-08-06,1182,62,5.2,38,3.2,0,130,495,663,705,307,65,105,0,244,759,972,1012,65,105,0,11,41.9,5.5,0,20.6,64.2,5.5
BRP,2026-08-07,968,54,5.6,35,3.6,0,93,342,482,482,268,39,179,0,178,570,750,750,39,179,0,9.6,35.3,4,0,18.4,58.9,4
BRP,2026-08-08,887,33,3.7,33,3.7,0,71,278,278,278,206,14,389,0,131,484,484,484,14,389,0,8,31.3,1.6,0,14.8,54.6,1.6
BRP,2026-08-09,494,5,1,5,1,0,36,36,36,36,42,4,412,0,78,78,78,78,4,412,0,7.3,7.3,0.8,0,15.8,15.8,0.8
BRP,2026-08-10,1048,0,0,0,0,0,0,0,0,0,0,0,1048,0,0,0,0,0,0,1048,0,0,0,0,0,0,0,0
BSI,2026-05-08,8,0,0,0,0,0,0,0,0,0,1,0,7,0,0,0,0,1,0,7,0,0,0,0,0,0,0,0
BSI,2026-05-09,5,0,0,0,0,0,0,0,0,0,1,0,4,0,0,0,0,1,0,4,0,0,0,0,0,0,0,0
BSI,2026-05-11,17,0,0,0,0,0,0,0,1,4,4,1,8,0,0,0,5,8,1,8,0,0,0,5.9,0,0,0,5.9
BSI,2026-05-12,15,0,0,0,0,0,0,1,3,5,1,0,9,0,0,5,5,6,0,9,0,0,6.7,0,0,0,33.3,0
BSI,2026-05-13,13,0,0,0,0,0,5,9,11,13,0,0,0,0,11,12,13,13,0,0,0,38.5,69.2,0,0,84.6,92.3,0
BSI,2026-05-14,17,0,0,0,0,0,11,11,13,15,1,0,1,0,12,14,15,16,0,1,0,64.7,64.7,0,0,70.6,82.4,0
BSI,2026-05-15,9,0,0,0,0,0,6,7,7,8,1,0,0,0,8,8,8,9,0,0,0,66.7,77.8,0,0,88.9,88.9,0
BSI,2026-05-16,15,0,0,0,0,0,7,10,11,11,2,1,1,0,12,13,13,13,1,1,0,46.7,66.7,6.7,0,80,86.7,6.7
BSI,2026-05-18,10,0,0,0,0,0,5,6,7,8,1,1,0,0,7,8,8,9,1,0,0,50,60,10,0,70,80,10
BSI,2026-05-19,19,0,0,0,0,0,7,12,13,13,4,0,2,0,15,17,17,17,0,2,0,36.8,63.2,0,0,78.9,89.5,0
BSI,2026-05-20,15,0,0,0,0,0,7,10,10,12,2,0,1,0,14,14,14,14,0,1,0,46.7,66.7,0,0,93.3,93.3,0
BSI,2026-05-21,9,0,0,0,0,1,4,6,6,7,1,0,1,1,6,7,7,8,0,1,11.1,44.4,66.7,0,11.1,66.7,77.8,0
BSI,2026-05-22,23,0,0,0,0,0,9,11,13,17,4,2,0,0,18,19,19,21,2,0,0,39.1,47.8,8.7,0,78.3,82.6,8.7
BSI,2026-05-23,12,0,0,0,0,0,4,5,8,8,2,0,2,0,9,10,10,10,0,2,0,33.3,41.7,0,0,75,83.3,0
BSI,2026-05-25,21,0,0,0,0,0,13,16,17,17,3,1,0,0,20,20,20,20,1,0,0,61.9,76.2,4.8,0,95.2,95.2,4.8
BSI,2026-05-26,14,0,0,0,0,0,6,9,11,12,2,0,0,0,11,12,14,14,0,0,0,42.9,64.3,0,0,78.6,85.7,0
BSI,2026-05-27,13,0,0,0,0,0,6,6,7,8,4,0,1,1,10,10,11,12,0,1,0,46.2,46.2,0,7.7,76.9,76.9,0
BSI,2026-05-28,20,0,0,0,0,0,9,9,11,11,5,2,2,0,12,14,15,16,2,2,0,45,45,10,0,60,70,10
BSI,2026-05-29,30,0,0,0,0,0,15,22,24,25,2,0,3,0,23,26,26,27,0,3,0,50,73.3,0,0,76.7,86.7,0
BSI,2026-05-30,26,0,0,0,0,1,11,13,15,20,6,0,0,2,18,19,22,26,0,0,3.8,42.3,50,0,7.7,69.2,73.1,0
BSI,2026-06-01,30,0,0,0,0,0,11,13,18,21,7,0,2,0,21,23,24,28,0,2,0,36.7,43.3,0,0,70,76.7,0
BSI,2026-06-02,21,0,0,0,0,0,9,13,13,14,5,1,1,0,15,17,18,19,1,1,0,42.9,61.9,4.8,0,71.4,81,4.8
BSI,2026-06-03,32,0,0,0,0,0,15,21,22,23,5,1,3,0,25,27,27,28,1,3,0,46.9,65.6,3.1,0,78.1,84.4,3.1
BSI,2026-06-04,25,0,0,0,0,0,8,11,11,13,6,2,4,0,14,15,17,19,2,4,0,32,44,8,0,56,60,8
BSI,2026-06-05,14,0,0,0,0,0,5,6,7,12,2,0,0,0,10,11,13,14,0,0,0,35.7,42.9,0,0,71.4,78.6,0
BSI,2026-06-06,12,0,0,0,0,0,6,6,7,10,1,0,1,0,8,8,9,11,0,1,0,50,50,0,0,66.7,66.7,0
BSI,2026-06-08,30,0,0,0,0,0,10,12,16,16,7,2,5,0,19,19,20,23,2,5,0,33.3,40,6.7,0,63.3,63.3,6.7
BSI,2026-06-09,23,0,0,0,0,0,9,15,15,16,5,1,1,0,16,18,20,21,1,1,0,39.1,65.2,4.3,0,69.6,78.3,4.3
BSI,2026-06-10,23,0,0,0,0,0,8,9,10,14,5,2,2,0,15,16,17,19,2,2,0,34.8,39.1,8.7,0,65.2,69.6,8.7
BSI,2026-06-11,13,0,0,0,0,0,7,8,9,10,2,1,0,1,11,11,12,12,1,0,0,53.8,61.5,7.7,7.7,84.6,84.6,7.7
BSI,2026-06-13,43,0,0,0,0,0,17,22,23,27,10,5,1,0,26,31,33,37,5,1,0,39.5,51.2,11.6,0,60.5,72.1,11.6
BSI,2026-06-15,15,0,0,0,0,0,4,6,8,11,3,0,1,0,11,12,12,14,0,1,0,26.7,40,0,0,73.3,80,0
BSI,2026-06-16,25,0,0,0,0,0,11,15,17,20,4,1,0,0,14,19,20,24,1,0,0,44,60,4,0,56,76,4
BSI,2026-06-17,26,0,0,0,0,0,16,18,20,22,3,1,0,0,20,21,24,25,1,0,0,61.5,69.2,3.8,0,76.9,80.8,3.8
BSI,2026-06-18,21,0,0,0,0,0,7,9,11,14,3,3,1,0,10,14,15,17,3,1,0,33.3,42.9,14.3,0,47.6,66.7,14.3
BSI,2026-06-19,15,0,0,0,0,0,9,11,11,11,2,1,1,0,12,13,13,13,1,1,0,60,73.3,6.7,0,80,86.7,6.7
BSI,2026-06-20,18,2,11.1,0,0,0,8,11,12,12,4,1,1,1,11,14,14,16,1,1,0,44.4,61.1,5.6,5.6,61.1,77.8,5.6
BSI,2026-06-22,13,0,0,0,0,0,4,8,8,10,1,1,1,0,7,9,10,11,1,1,0,30.8,61.5,7.7,0,53.8,69.2,7.7
BSI,2026-06-23,17,0,0,0,0,0,6,10,11,12,2,2,1,0,9,13,13,14,2,1,0,35.3,58.8,11.8,0,52.9,76.5,11.8
BSI,2026-06-24,15,0,0,0,0,0,5,8,8,9,2,2,2,0,9,9,11,11,2,2,0,33.3,53.3,13.3,0,60,60,13.3
BSI,2026-06-25,17,1,5.9,0,0,0,8,10,10,11,4,0,2,0,13,13,14,15,0,2,0,47.1,58.8,0,0,76.5,76.5,0
BSI,2026-06-26,13,0,0,0,0,0,6,6,7,9,2,1,1,0,8,9,10,11,1,1,0,46.2,46.2,7.7,0,61.5,69.2,7.7
BSI,2026-06-27,11,0,0,0,0,0,2,4,5,5,2,2,2,0,6,7,7,7,2,2,0,18.2,36.4,18.2,0,54.5,63.6,18.2
BSI,2026-06-29,19,0,0,0,0,0,7,11,12,14,2,1,2,0,13,14,16,16,1,2,0,36.8,57.9,5.3,0,68.4,73.7,5.3
BSI,2026-06-30,14,0,0,0,0,0,2,3,3,6,5,1,2,0,7,9,9,11,1,2,0,14.3,21.4,7.1,0,50,64.3,7.1
BSI,2026-07-01,25,0,0,0,0,0,9,13,15,16,5,1,3,0,15,19,19,21,1,3,0,36,52,4,0,60,76,4
BSI,2026-07-02,22,0,0,0,0,0,14,17,17,18,1,1,2,0,18,19,19,19,1,2,0,63.6,77.3,4.5,0,81.8,86.4,4.5
BSI,2026-07-03,27,0,0,0,0,0,15,19,20,22,4,0,1,0,21,22,23,26,0,1,0,55.6,70.4,0,0,77.8,81.5,0
BSI,2026-07-06,39,1,2.6,0,0,0,7,13,16,20,9,3,7,0,18,22,24,29,3,7,0,17.9,33.3,7.7,0,46.2,56.4,7.7
BSI,2026-07-07,22,1,4.5,0,0,0,9,11,14,15,5,0,2,0,16,17,20,20,0,2,0,40.9,50,0,0,72.7,77.3,0
BSI,2026-07-08,15,0,0,0,0,0,5,8,11,12,3,0,0,1,7,12,13,15,0,0,0,33.3,53.3,0,6.7,46.7,80,0
BSI,2026-07-09,17,1,5.9,0,0,0,10,11,11,11,4,1,1,0,12,13,13,15,1,1,0,58.8,64.7,5.9,0,70.6,76.5,5.9
BSI,2026-07-10,14,0,0,0,0,0,7,7,7,7,6,1,0,0,11,11,11,13,1,0,0,50,50,7.1,0,78.6,78.6,7.1
BSI,2026-07-11,17,0,0,0,0,0,5,7,9,11,6,0,0,0,9,11,14,17,0,0,0,29.4,41.2,0,0,52.9,64.7,0
BSI,2026-07-13,20,0,0,0,0,0,8,11,13,14,2,4,0,0,11,13,14,16,4,0,0,40,55,20,0,55,65,20
BSI,2026-07-14,19,0,0,0,0,0,9,9,10,11,6,0,2,0,13,16,16,17,0,2,0,47.4,47.4,0,0,68.4,84.2,0
BSI,2026-07-15,14,0,0,0,0,0,10,10,10,12,2,0,0,0,10,10,11,14,0,0,0,71.4,71.4,0,0,71.4,71.4,0
BSI,2026-07-16,21,0,0,0,0,0,12,14,15,16,3,1,1,0,17,19,19,19,1,1,0,57.1,66.7,4.8,0,81,90.5,4.8
BSI,2026-07-17,16,1,6.3,0,0,0,6,7,10,11,4,1,0,0,9,11,11,15,1,0,0,37.5,43.8,6.3,0,56.3,68.8,6.3
BSI,2026-07-20,30,2,6.7,0,0,0,13,17,19,22,4,3,1,0,18,22,23,26,3,1,0,43.3,56.7,10,0,60,73.3,10
BSI,2026-07-21,18,0,0,0,0,0,3,6,7,12,4,1,1,0,8,9,10,16,1,1,0,16.7,33.3,5.6,0,44.4,50,5.6
BSI,2026-07-22,14,0,0,0,0,0,4,5,5,7,4,2,1,0,4,6,7,11,2,1,0,28.6,35.7,14.3,0,28.6,42.9,14.3
BSI,2026-07-24,15,0,0,0,0,0,6,8,10,10,1,4,0,0,10,10,10,11,4,0,0,40,53.3,26.7,0,66.7,66.7,26.7
BSI,2026-07-25,24,1,4.2,0,0,0,12,16,18,19,4,1,0,0,17,20,20,23,1,0,0,50,66.7,4.2,0,70.8,83.3,4.2
BSI,2026-07-27,26,1,3.8,0,0,0,14,15,15,16,9,0,1,0,20,22,22,25,0,1,0,53.8,57.7,0,0,76.9,84.6,0
BSI,2026-07-28,17,0,0,0,0,0,5,6,7,7,7,1,2,0,11,12,14,14,1,2,0,29.4,35.3,5.9,0,64.7,70.6,5.9
BSI,2026-07-29,20,0,0,0,0,0,14,15,15,16,3,0,1,0,17,18,19,19,0,1,0,70,75,0,0,85,90,0
BSI,2026-07-30,17,0,0,0,0,0,6,10,10,12,3,1,1,0,11,12,13,15,1,1,0,35.3,58.8,5.9,0,64.7,70.6,5.9
BSI,2026-07-31,15,0,0,0,0,0,9,9,10,12,3,0,0,1,15,15,15,15,0,0,0,60,60,0,6.7,100,100,0
BSI,2026-08-01,25,1,4,0,0,0,10,14,16,18,6,1,0,0,14,16,20,24,1,0,0,40,56,4,0,56,64,4
BSI,2026-08-03,23,0,0,0,0,0,10,15,18,18,2,1,2,0,18,19,19,20,1,2,0,43.5,65.2,4.3,0,78.3,82.6,4.3
BSI,2026-08-04,16,0,0,0,0,0,8,9,10,10,2,0,4,0,11,11,12,12,0,4,0,50,56.3,0,0,68.8,68.8,0
BSI,2026-08-05,18,0,0,0,0,0,8,11,11,11,5,0,2,0,14,15,15,16,0,2,0,44.4,61.1,0,0,77.8,83.3,0
BSI,2026-08-06,15,1,6.7,0,0,0,7,7,7,7,4,0,4,0,10,10,10,11,0,4,0,46.7,46.7,0,0,66.7,66.7,0
BSI,2026-08-07,7,0,0,0,0,0,1,4,5,5,2,0,0,0,7,7,7,7,0,0,0,14.3,57.1,0,0,100,100,0
BSI,2026-08-08,36,0,0,0,0,1,8,13,13,13,10,4,9,4,20,23,23,23,4,9,2.8,22.2,36.1,11.1,11.1,55.6,63.9,11.1
BSI,2026-08-10,21,0,0,0,0,0,0,0,0,0,0,0,21,0,0,0,0,0,0,21,0,0,0,0,0,0,0,0
BTE,2026-07-11,1,0,0,0,0,0,0,0,0,0,1,0,0,0,0,1,1,1,0,0,0,0,0,0,0,0,100,0
BUI,2026-05-08,19,0,0,0,0,0,0,0,0,2,2,0,15,0,0,0,0,4,0,15,0,0,0,0,0,0,0,0
BUI,2026-05-09,18,0,0,0,0,0,0,0,0,0,0,1,17,0,0,0,0,0,1,17,0,0,0,5.6,0,0,0,5.6
BUI,2026-05-10,18,0,0,0,0,0,0,0,0,1,3,0,14,0,0,0,0,4,0,14,0,0,0,0,0,0,0,0
BUI,2026-05-11,23,0,0,0,0,0,0,0,1,2,6,0,15,0,0,0,7,8,0,15,0,0,0,0,0,0,0,0
BUI,2026-05-12,15,0,0,0,0,0,0,1,1,1,3,1,10,0,0,3,3,4,1,10,0,0,6.7,6.7,0,0,20,6.7
BUI,2026-05-13,17,0,0,0,0,0,4,10,10,11,5,1,0,0,10,13,13,16,1,0,0,23.5,58.8,5.9,0,58.8,76.5,5.9
BUI,2026-05-14,16,0,0,0,0,1,7,9,10,11,3,1,1,1,11,11,12,14,1,1,6.3,43.8,56.3,6.3,6.3,68.8,68.8,6.3
BUI,2026-05-15,17,0,0,0,0,0,8,9,9,12,5,0,0,1,12,13,13,17,0,0,0,47.1,52.9,0,5.9,70.6,76.5,0
BUI,2026-05-16,24,0,0,0,0,1,10,13,13,15,8,1,0,2,13,18,18,23,1,0,4.2,41.7,54.2,4.2,8.3,54.2,75,4.2
BUI,2026-05-17,47,0,0,0,0,1,6,6,6,6,28,10,3,3,21,26,28,34,10,3,2.1,12.8,12.8,21.3,6.4,44.7,55.3,21.3
BUI,2026-05-18,22,0,0,0,0,0,9,10,13,20,2,0,0,1,15,16,20,22,0,0,0,40.9,45.5,0,4.5,68.2,72.7,0
BUI,2026-05-19,29,0,0,0,0,1,14,16,18,25,4,0,0,2,19,21,22,29,0,0,3.4,48.3,55.2,0,6.9,65.5,72.4,0
BUI,2026-05-20,38,0,0,0,0,2,16,19,22,26,8,2,2,4,27,28,31,34,2,2,5.3,42.1,50,5.3,10.5,71.1,73.7,5.3
BUI,2026-05-21,44,0,0,0,0,0,23,28,31,35,5,1,3,1,33,37,38,40,1,3,0,52.3,63.6,2.3,2.3,75,84.1,2.3
BUI,2026-05-22,44,0,0,0,0,1,23,25,29,36,3,3,2,2,33,36,36,39,3,2,2.3,52.3,56.8,6.8,4.5,75,81.8,6.8
BUI,2026-05-23,52,0,0,0,0,1,19,27,32,36,9,2,5,2,28,35,39,45,2,5,1.9,36.5,51.9,3.8,3.8,53.8,67.3,3.8
BUI,2026-05-24,34,0,0,0,0,1,17,22,23,28,3,0,3,2,25,27,30,31,0,3,2.9,50,64.7,0,5.9,73.5,79.4,0
BUI,2026-05-25,38,0,0,0,0,3,21,24,27,29,6,2,1,5,31,32,34,35,2,1,7.9,55.3,63.2,5.3,13.2,81.6,84.2,5.3
BUI,2026-05-26,37,0,0,0,0,1,16,20,23,28,4,3,2,2,21,27,27,32,3,2,2.7,43.2,54.1,8.1,5.4,56.8,73,8.1
BUI,2026-05-27,33,0,0,0,0,0,14,17,19,22,6,2,3,5,24,27,27,28,2,3,0,42.4,51.5,6.1,15.2,72.7,81.8,6.1
BUI,2026-05-28,31,0,0,0,0,0,11,16,19,22,4,4,1,1,23,24,24,26,4,1,0,35.5,51.6,12.9,3.2,74.2,77.4,12.9
BUI,2026-05-29,28,0,0,0,0,0,14,17,18,19,3,3,3,1,20,21,21,22,3,3,0,50,60.7,10.7,3.6,71.4,75,10.7
BUI,2026-05-30,39,0,0,0,0,0,16,19,26,27,7,4,1,1,23,27,33,34,4,1,0,41,48.7,10.3,2.6,59,69.2,10.3
BUI,2026-05-31,30,0,0,0,0,1,16,17,23,24,5,0,1,1,20,25,28,29,0,1,3.3,53.3,56.7,0,3.3,66.7,83.3,0
BUI,2026-06-01,43,0,0,0,0,3,19,24,26,29,7,4,3,4,26,29,31,36,4,3,7,44.2,55.8,9.3,9.3,60.5,67.4,9.3
BUI,2026-06-02,21,0,0,0,0,1,11,12,15,18,2,1,0,1,14,15,16,20,1,0,4.8,52.4,57.1,4.8,4.8,66.7,71.4,4.8
BUI,2026-06-03,30,0,0,0,0,1,17,19,21,22,5,3,0,1,25,25,26,27,3,0,3.3,56.7,63.3,10,3.3,83.3,83.3,10
BUI,2026-06-04,28,0,0,0,0,1,15,16,17,20,4,2,2,2,17,18,20,24,2,2,3.6,53.6,57.1,7.1,7.1,60.7,64.3,7.1
BUI,2026-06-05,36,0,0,0,0,2,15,18,24,25,6,3,2,5,24,28,29,31,3,2,5.6,41.7,50,8.3,13.9,66.7,77.8,8.3
BUI,2026-06-06,41,0,0,0,0,3,19,23,27,30,5,1,5,3,24,29,32,35,1,5,7.3,46.3,56.1,2.4,7.3,58.5,70.7,2.4
BUI,2026-06-07,24,0,0,0,0,0,13,14,16,17,3,4,0,0,18,19,19,20,4,0,0,54.2,58.3,16.7,0,75,79.2,16.7
BUI,2026-06-08,41,0,0,0,0,0,23,25,26,30,7,1,3,1,30,32,34,37,1,3,0,56.1,61,2.4,2.4,73.2,78,2.4
BUI,2026-06-09,43,0,0,0,0,1,18,22,24,31,6,1,5,1,26,29,31,37,1,5,2.3,41.9,51.2,2.3,2.3,60.5,67.4,2.3
BUI,2026-06-10,32,0,0,0,0,0,15,19,22,27,3,1,1,1,22,26,26,30,1,1,0,46.9,59.4,3.1,3.1,68.8,81.3,3.1
BUI,2026-06-11,36,0,0,0,0,1,14,20,22,24,10,1,1,4,26,29,31,34,1,1,2.8,38.9,55.6,2.8,11.1,72.2,80.6,2.8
BUI,2026-06-12,32,0,0,0,0,2,17,20,24,27,4,1,0,3,24,26,30,31,1,0,6.3,53.1,62.5,3.1,9.4,75,81.3,3.1
BUI,2026-06-13,37,0,0,0,0,1,13,17,20,23,10,2,2,1,21,26,30,33,2,2,2.7,35.1,45.9,5.4,2.7,56.8,70.3,5.4
BUI,2026-06-14,25,0,0,0,0,1,12,15,19,22,2,1,0,2,19,21,22,24,1,0,4,48,60,4,8,76,84,4
BUI,2026-06-15,33,0,0,0,0,1,18,21,22,24,5,3,1,1,25,27,27,29,3,1,3,54.5,63.6,9.1,3,75.8,81.8,9.1
BUI,2026-06-16,32,0,0,0,0,0,13,15,17,20,7,4,1,1,18,21,23,27,4,1,0,40.6,46.9,12.5,3.1,56.3,65.6,12.5
BUI,2026-06-17,37,0,0,0,0,2,14,20,20,23,6,4,4,3,21,27,27,29,4,4,5.4,37.8,54.1,10.8,8.1,56.8,73,10.8
BUI,2026-06-18,34,0,0,0,0,1,15,18,19,26,4,1,3,1,23,25,26,30,1,3,2.9,44.1,52.9,2.9,2.9,67.6,73.5,2.9
BUI,2026-06-19,34,0,0,0,0,1,19,22,23,25,6,1,2,4,27,27,29,31,1,2,2.9,55.9,64.7,2.9,11.8,79.4,79.4,2.9
BUI,2026-06-20,36,0,0,0,0,0,14,19,21,26,5,1,4,1,23,26,26,31,1,4,0,38.9,52.8,2.8,2.8,63.9,72.2,2.8
BUI,2026-06-21,24,0,0,0,0,1,11,14,16,21,2,1,0,2,17,18,20,23,1,0,4.2,45.8,58.3,4.2,8.3,70.8,75,4.2
BUI,2026-06-22,49,0,0,0,0,1,27,31,32,36,5,3,5,1,33,38,38,41,3,5,2,55.1,63.3,6.1,2,67.3,77.6,6.1
BUI,2026-06-23,47,0,0,0,0,0,23,31,32,33,7,2,5,1,33,37,37,40,2,5,0,48.9,66,4.3,2.1,70.2,78.7,4.3
BUI,2026-06-24,44,0,0,0,0,2,20,23,27,31,7,3,3,4,28,30,31,38,3,3,4.5,45.5,52.3,6.8,9.1,63.6,68.2,6.8
BUI,2026-06-25,47,0,0,0,0,1,23,27,27,31,4,6,6,1,25,31,32,35,6,6,2.1,48.9,57.4,12.8,2.1,53.2,66,12.8
BUI,2026-06-26,52,0,0,0,0,0,27,29,32,35,7,5,5,1,35,36,38,42,5,5,0,51.9,55.8,9.6,1.9,67.3,69.2,9.6
BUI,2026-06-27,48,0,0,0,0,1,11,21,30,35,10,0,3,2,28,35,43,45,0,3,2.1,22.9,43.8,0,4.2,58.3,72.9,0
BUI,2026-06-28,40,0,0,0,0,0,19,25,28,33,6,0,1,1,27,34,36,39,0,1,0,47.5,62.5,0,2.5,67.5,85,0
BUI,2026-06-29,62,0,0,0,0,1,26,35,39,46,7,5,4,2,38,42,46,53,5,4,1.6,41.9,56.5,8.1,3.2,61.3,67.7,8.1
BUI,2026-06-30,59,0,0,0,0,0,30,36,40,43,5,5,6,2,43,45,46,48,5,6,0,50.8,61,8.5,3.4,72.9,76.3,8.5
BUI,2026-07-01,53,0,0,0,0,0,28,35,36,39,11,1,2,1,44,47,48,50,1,2,0,52.8,66,1.9,1.9,83,88.7,1.9
BUI,2026-07-02,54,0,0,0,0,1,23,33,34,42,5,5,2,2,34,40,41,47,5,2,1.9,42.6,61.1,9.3,3.7,63,74.1,9.3
BUI,2026-07-03,56,0,0,0,0,2,21,24,30,36,11,4,5,5,31,32,39,47,4,5,3.6,37.5,42.9,7.1,8.9,55.4,57.1,7.1
BUI,2026-07-04,50,1,2,0,0,2,24,32,34,41,5,2,2,4,39,41,43,46,2,2,4,48,64,4,8,78,82,4
BUI,2026-07-05,38,0,0,0,0,0,16,20,20,28,5,1,4,2,26,29,30,33,1,4,0,42.1,52.6,2.6,5.3,68.4,76.3,2.6
BUI,2026-07-06,39,0,0,0,0,0,15,19,22,27,9,1,2,2,22,27,30,36,1,2,0,38.5,48.7,2.6,5.1,56.4,69.2,2.6
BUI,2026-07-07,33,0,0,0,0,2,16,18,18,23,5,1,4,3,24,26,27,28,1,4,6.1,48.5,54.5,3,9.1,72.7,78.8,3
BUI,2026-07-08,35,0,0,0,0,0,16,23,24,29,4,1,1,0,23,27,27,33,1,1,0,45.7,65.7,2.9,0,65.7,77.1,2.9
BUI,2026-07-09,31,0,0,0,0,0,12,17,23,24,4,2,1,1,23,26,28,28,2,1,0,38.7,54.8,6.5,3.2,74.2,83.9,6.5
BUI,2026-07-10,30,0,0,0,0,3,14,15,18,24,4,1,1,3,21,21,23,28,1,1,10,46.7,50,3.3,10,70,70,3.3
BUI,2026-07-11,41,1,2.4,0,0,0,14,22,25,30,8,1,2,2,26,32,35,38,1,2,0,34.1,53.7,2.4,4.9,63.4,78,2.4
BUI,2026-07-12,33,0,0,0,0,2,14,17,19,25,5,2,1,3,23,26,26,30,2,1,6.1,42.4,51.5,6.1,9.1,69.7,78.8,6.1
BUI,2026-07-13,84,1,1.2,0,0,2,36,42,43,54,15,9,6,4,49,53,56,69,9,6,2.4,42.9,50,10.7,4.8,58.3,63.1,10.7
BUI,2026-07-14,56,1,1.8,0,0,2,31,37,38,44,6,3,3,3,39,46,49,50,3,3,3.6,55.4,66.1,5.4,5.4,69.6,82.1,5.4
BUI,2026-07-15,49,2,4.1,0,0,0,22,29,33,36,5,3,5,1,28,32,37,41,3,5,0,44.9,59.2,6.1,2,57.1,65.3,6.1
BUI,2026-07-16,53,0,0,0,0,0,25,29,30,41,8,1,3,1,35,41,43,49,1,3,0,47.2,54.7,1.9,1.9,66,77.4,1.9
BUI,2026-07-17,51,0,0,0,0,2,20,24,25,33,7,9,2,2,27,31,34,40,9,2,3.9,39.2,47.1,17.6,3.9,52.9,60.8,17.6
BUI,2026-07-18,48,2,4.2,0,0,0,14,20,27,31,5,7,5,1,27,31,33,36,7,5,0,29.2,41.7,14.6,2.1,56.3,64.6,14.6
BUI,2026-07-19,28,0,0,0,0,0,8,12,16,21,1,4,2,0,12,15,19,22,4,2,0,28.6,42.9,14.3,0,42.9,53.6,14.3
BUI,2026-07-20,33,1,3,0,0,1,15,20,22,26,4,2,1,2,26,27,28,30,2,1,3,45.5,60.6,6.1,6.1,78.8,81.8,6.1
BUI,2026-07-21,24,1,4.2,0,0,1,8,11,11,16,2,3,3,1,13,13,14,18,3,3,4.2,33.3,45.8,12.5,4.2,54.2,54.2,12.5
BUI,2026-07-22,44,1,2.3,0,0,2,15,26,26,32,8,4,0,2,24,33,35,40,4,0,4.5,34.1,59.1,9.1,4.5,54.5,75,9.1
BUI,2026-07-23,26,0,0,0,0,0,13,17,18,20,4,2,0,0,16,19,21,24,2,0,0,50,65.4,7.7,0,61.5,73.1,7.7
BUI,2026-07-24,33,0,0,0,0,0,13,18,20,22,7,1,3,1,18,26,27,29,1,3,0,39.4,54.5,3,3,54.5,78.8,3
BUI,2026-07-25,26,0,0,0,0,2,9,12,12,17,3,3,3,2,15,17,18,20,3,3,7.7,34.6,46.2,11.5,7.7,57.7,65.4,11.5
BUI,2026-07-26,16,1,6.3,0,0,2,9,10,10,11,2,2,1,2,13,13,13,13,2,1,12.5,56.3,62.5,12.5,12.5,81.3,81.3,12.5
BUI,2026-07-27,26,1,3.8,0,0,1,12,14,14,21,3,2,0,1,15,17,20,24,2,0,3.8,46.2,53.8,7.7,3.8,57.7,65.4,7.7
BUI,2026-07-28,27,1,3.7,0,0,0,12,15,16,19,5,1,2,2,18,22,22,24,1,2,0,44.4,55.6,3.7,7.4,66.7,81.5,3.7
BUI,2026-07-29,22,0,0,0,0,2,12,15,16,19,0,1,2,2,16,17,17,19,1,2,9.1,54.5,68.2,4.5,9.1,72.7,77.3,4.5
BUI,2026-07-30,23,2,8.7,0,0,1,9,10,13,16,6,1,0,2,16,18,19,22,1,0,4.3,39.1,43.5,4.3,8.7,69.6,78.3,4.3
BUI,2026-07-31,21,0,0,0,0,0,7,8,11,13,5,1,2,0,14,15,16,18,1,2,0,33.3,38.1,4.8,0,66.7,71.4,4.8
BUI,2026-08-01,123,5,4.1,0,0,0,11,16,17,21,62,25,15,0,48,66,70,83,25,15,0,8.9,13,20.3,0,39,53.7,20.3
BUI,2026-08-02,14,0,0,0,0,1,6,7,7,8,2,3,1,1,6,7,8,10,3,1,7.1,42.9,50,21.4,7.1,42.9,50,21.4
BUI,2026-08-03,23,0,0,0,0,0,12,15,16,17,2,0,4,0,17,19,19,19,0,4,0,52.2,65.2,0,0,73.9,82.6,0
BUI,2026-08-04,24,0,0,0,0,0,10,13,13,14,3,1,6,2,16,17,17,17,1,6,0,41.7,54.2,4.2,8.3,66.7,70.8,4.2
BUI,2026-08-05,22,0,0,0,0,0,5,8,8,8,8,1,5,0,15,15,16,16,1,5,0,22.7,36.4,4.5,0,68.2,68.2,4.5
BUI,2026-08-06,25,0,0,0,0,1,12,14,15,15,6,0,4,1,17,21,21,21,0,4,4,48,56,0,4,68,84,0
BUI,2026-08-07,20,0,0,0,0,0,7,8,9,9,6,2,3,1,12,12,15,15,2,3,0,35,40,10,5,60,60,10
BUI,2026-08-08,25,0,0,0,0,1,9,11,11,11,8,1,5,2,16,19,19,19,1,5,4,36,44,4,8,64,76,4
BUI,2026-08-09,18,0,0,0,0,0,4,4,4,4,2,0,12,0,6,6,6,6,0,12,0,22.2,22.2,0,0,33.3,33.3,0
BUI,2026-08-10,25,0,0,0,0,3,3,3,3,3,0,1,21,3,3,3,3,3,1,21,12,12,12,4,12,12,12,4
BWN,2026-07-14,1,0,0,0,0,0,0,0,0,0,1,0,0,0,1,1,1,1,0,0,0,0,0,0,0,100,100,0
CLO,2026-05-08,8,0,0,0,0,0,0,0,0,0,0,0,8,0,0,0,0,0,0,8,0,0,0,0,0,0,0,0
CLO,2026-05-09,1,0,0,0,0,0,0,0,0,0,0,0,1,0,0,0,0,0,0,1,0,0,0,0,0,0,0,0
CLO,2026-05-10,1,0,0,0,0,0,0,0,0,0,1,0,0,0,0,0,0,1,0,0,0,0,0,0,0,0,0,0
CLO,2026-05-11,3,0,0,0,0,0,0,0,0,1,0,0,2,0,0,0,1,1,0,2,0,0,0,0,0,0,0,0
CLO,2026-05-12,1,0,0,0,0,0,0,0,1,1,0,0,0,0,0,1,1,1,0,0,0,0,0,0,0,0,100,0
CLO,2026-05-13,4,0,0,0,0,0,3,3,3,4,0,0,0,0,4,4,4,4,0,0,0,75,75,0,0,100,100,0
CLO,2026-05-14,3,0,0,0,0,0,3,3,3,3,0,0,0,0,3,3,3,3,0,0,0,100,100,0,0,100,100,0
CLO,2026-05-15,4,0,0,0,0,0,2,2,2,4,0,0,0,0,2,2,2,4,0,0,0,50,50,0,0,50,50,0
CLO,2026-05-16,1,0,0,0,0,0,1,1,1,1,0,0,0,1,1,1,1,1,0,0,0,100,100,0,100,100,100,0
CLO,2026-05-17,3,0,0,0,0,2,3,3,3,3,0,0,0,2,3,3,3,3,0,0,66.7,100,100,0,66.7,100,100,0
CLO,2026-05-18,2,0,0,0,0,0,1,1,2,2,0,0,0,0,1,1,2,2,0,0,0,50,50,0,0,50,50,0
CLO,2026-05-19,1,0,0,0,0,0,1,1,1,1,0,0,0,0,1,1,1,1,0,0,0,100,100,0,0,100,100,0
CLO,2026-05-20,6,0,0,0,0,2,4,5,5,6,0,0,0,2,4,5,5,6,0,0,33.3,66.7,83.3,0,33.3,66.7,83.3,0
CLO,2026-05-21,4,0,0,0,0,2,4,4,4,4,0,0,0,2,4,4,4,4,0,0,50,100,100,0,50,100,100,0
CLO,2026-05-22,4,0,0,0,0,1,2,3,3,4,0,0,0,1,3,4,4,4,0,0,25,50,75,0,25,75,100,0
CLO,2026-05-23,5,0,0,0,0,0,4,4,5,5,0,0,0,1,4,5,5,5,0,0,0,80,80,0,20,80,100,0
CLO,2026-05-24,5,0,0,0,0,1,2,4,5,5,0,0,0,1,4,5,5,5,0,0,20,40,80,0,20,80,100,0
CLO,2026-05-25,13,0,0,0,0,1,9,10,10,12,1,0,0,1,13,13,13,13,0,0,7.7,69.2,76.9,0,7.7,100,100,0
CLO,2026-05-26,6,0,0,0,0,2,3,4,5,6,0,0,0,2,6,6,6,6,0,0,33.3,50,66.7,0,33.3,100,100,0
CLO,2026-05-27,12,0,0,0,0,1,9,11,12,12,0,0,0,3,9,12,12,12,0,0,8.3,75,91.7,0,25,75,100,0
CLO,2026-05-28,5,0,0,0,0,0,2,3,3,5,0,0,0,0,3,4,5,5,0,0,0,40,60,0,0,60,80,0
CLO,2026-05-29,13,0,0,0,0,5,11,12,12,12,1,0,0,5,13,13,13,13,0,0,38.5,84.6,92.3,0,38.5,100,100,0
CLO,2026-05-30,11,0,0,0,0,3,6,10,10,10,1,0,0,3,7,10,11,11,0,0,27.3,54.5,90.9,0,27.3,63.6,90.9,0
CLO,2026-05-31,12,0,0,0,0,1,7,7,7,11,1,0,0,2,8,11,11,12,0,0,8.3,58.3,58.3,0,16.7,66.7,91.7,0
CLO,2026-06-01,11,0,0,0,0,1,9,11,11,11,0,0,0,2,10,11,11,11,0,0,9.1,81.8,100,0,18.2,90.9,100,0
CLO,2026-06-02,11,0,0,0,0,1,10,11,11,11,0,0,0,1,11,11,11,11,0,0,9.1,90.9,100,0,9.1,100,100,0
CLO,2026-06-03,18,0,0,0,0,1,9,14,16,18,0,0,0,2,16,17,18,18,0,0,5.6,50,77.8,0,11.1,88.9,94.4,0
CLO,2026-06-04,10,0,0,0,0,2,5,7,8,8,2,0,0,3,8,8,8,10,0,0,20,50,70,0,30,80,80,0
CLO,2026-06-05,15,0,0,0,0,5,13,13,13,13,2,0,0,6,14,14,14,15,0,0,33.3,86.7,86.7,0,40,93.3,93.3,0
CLO,2026-06-06,10,0,0,0,0,1,5,8,8,10,0,0,0,1,7,9,9,10,0,0,10,50,80,0,10,70,90,0
CLO,2026-06-07,8,0,0,0,0,1,4,7,8,8,0,0,0,3,7,8,8,8,0,0,12.5,50,87.5,0,37.5,87.5,100,0
CLO,2026-06-08,6,0,0,0,0,0,5,5,5,6,0,0,0,0,5,5,5,6,0,0,0,83.3,83.3,0,0,83.3,83.3,0
CLO,2026-06-09,16,0,0,0,0,2,12,13,13,13,3,0,0,2,13,15,15,16,0,0,12.5,75,81.3,0,12.5,81.3,93.8,0
CLO,2026-06-10,17,0,0,0,0,5,11,14,14,17,0,0,0,6,13,14,14,17,0,0,29.4,64.7,82.4,0,35.3,76.5,82.4,0
CLO,2026-06-11,9,0,0,0,0,0,5,6,6,7,1,0,1,0,6,7,7,8,0,1,0,55.6,66.7,0,0,66.7,77.8,0
CLO,2026-06-12,11,0,0,0,0,1,7,8,8,11,0,0,0,1,8,8,8,11,0,0,9.1,63.6,72.7,0,9.1,72.7,72.7,0
CLO,2026-06-13,16,0,0,0,0,0,6,12,14,14,2,0,0,0,16,16,16,16,0,0,0,37.5,75,0,0,100,100,0
CLO,2026-06-14,9,0,0,0,0,3,7,7,8,9,0,0,0,3,7,8,9,9,0,0,33.3,77.8,77.8,0,33.3,77.8,88.9,0
CLO,2026-06-15,11,0,0,0,0,1,7,9,10,11,0,0,0,1,10,10,10,11,0,0,9.1,63.6,81.8,0,9.1,90.9,90.9,0
CLO,2026-06-16,6,0,0,0,0,1,5,5,5,5,0,0,1,1,5,5,5,5,0,1,16.7,83.3,83.3,0,16.7,83.3,83.3,0
CLO,2026-06-17,2,0,0,0,0,1,2,2,2,2,0,0,0,1,2,2,2,2,0,0,50,100,100,0,50,100,100,0
CLO,2026-06-18,12,0,0,0,0,0,8,11,12,12,0,0,0,1,9,11,12,12,0,0,0,66.7,91.7,0,8.3,75,91.7,0
CLO,2026-06-19,18,0,0,0,0,0,13,14,14,16,2,0,0,1,17,17,17,18,0,0,0,72.2,77.8,0,5.6,94.4,94.4,0
CLO,2026-06-20,15,0,0,0,0,0,11,12,13,14,1,0,0,1,13,14,15,15,0,0,0,73.3,80,0,6.7,86.7,93.3,0
CLO,2026-06-21,13,0,0,0,0,2,10,13,13,13,0,0,0,4,11,13,13,13,0,0,15.4,76.9,100,0,30.8,84.6,100,0
CLO,2026-06-22,18,0,0,0,0,6,16,17,17,17,1,0,0,7,18,18,18,18,0,0,33.3,88.9,94.4,0,38.9,100,100,0
CLO,2026-06-23,13,0,0,0,0,0,12,12,12,13,0,0,0,0,12,12,12,13,0,0,0,92.3,92.3,0,0,92.3,92.3,0
CLO,2026-06-24,19,0,0,0,0,4,15,16,16,19,0,0,0,5,17,17,17,19,0,0,21.1,78.9,84.2,0,26.3,89.5,89.5,0
CLO,2026-06-25,13,0,0,0,0,1,8,9,10,12,0,0,1,3,9,9,11,12,0,1,7.7,61.5,69.2,0,23.1,69.2,69.2,0
CLO,2026-06-26,10,0,0,0,0,1,5,6,8,9,1,0,0,1,7,8,9,10,0,0,10,50,60,0,10,70,80,0
CLO,2026-06-27,6,0,0,0,0,0,4,5,6,6,0,0,0,0,4,5,6,6,0,0,0,66.7,83.3,0,0,66.7,83.3,0
CLO,2026-06-28,10,0,0,0,0,0,4,10,10,10,0,0,0,0,9,10,10,10,0,0,0,40,100,0,0,90,100,0
CLO,2026-06-29,27,0,0,0,0,2,19,20,23,25,2,0,0,3,21,21,26,27,0,0,7.4,70.4,74.1,0,11.1,77.8,77.8,0
CLO,2026-06-30,17,0,0,0,0,1,15,16,16,16,1,0,0,2,17,17,17,17,0,0,5.9,88.2,94.1,0,11.8,100,100,0
CLO,2026-07-01,11,0,0,0,0,2,4,5,6,10,0,0,1,3,6,7,8,10,0,1,18.2,36.4,45.5,0,27.3,54.5,63.6,0
CLO,2026-07-02,24,0,0,0,0,3,18,21,21,22,2,0,0,4,21,23,24,24,0,0,12.5,75,87.5,0,16.7,87.5,95.8,0
CLO,2026-07-03,9,0,0,0,0,0,2,3,6,7,1,0,1,0,5,6,8,8,0,1,0,22.2,33.3,0,0,55.6,66.7,0
CLO,2026-07-04,12,0,0,0,0,2,8,9,10,12,0,0,0,4,9,9,12,12,0,0,16.7,66.7,75,0,33.3,75,75,0
CLO,2026-07-05,12,0,0,0,0,1,5,7,8,12,0,0,0,1,8,10,12,12,0,0,8.3,41.7,58.3,0,8.3,66.7,83.3,0
CLO,2026-07-06,13,0,0,0,0,1,11,11,11,13,0,0,0,3,12,12,13,13,0,0,7.7,84.6,84.6,0,23.1,92.3,92.3,0
CLO,2026-07-07,12,0,0,0,0,2,8,11,12,12,0,0,0,4,12,12,12,12,0,0,16.7,66.7,91.7,0,33.3,100,100,0
CLO,2026-07-08,19,0,0,0,0,2,13,15,16,16,3,0,0,2,16,17,18,19,0,0,10.5,68.4,78.9,0,10.5,84.2,89.5,0
CLO,2026-07-09,10,0,0,0,0,0,5,6,6,9,1,0,0,1,9,10,10,10,0,0,0,50,60,0,10,90,100,0
CLO,2026-07-10,10,0,0,0,0,0,6,7,7,8,2,0,0,0,9,9,9,10,0,0,0,60,70,0,0,90,90,0
CLO,2026-07-11,7,0,0,0,0,0,0,1,4,7,0,0,0,2,3,4,7,7,0,0,0,0,14.3,0,28.6,42.9,57.1,0
CLO,2026-07-12,9,0,0,0,0,0,4,5,6,8,1,0,0,1,5,8,9,9,0,0,0,44.4,55.6,0,11.1,55.6,88.9,0
CLO,2026-07-13,14,0,0,0,0,0,9,13,13,13,1,0,0,1,14,14,14,14,0,0,0,64.3,92.9,0,7.1,100,100,0
CLO,2026-07-14,11,0,0,0,0,1,11,11,11,11,0,0,0,1,11,11,11,11,0,0,9.1,100,100,0,9.1,100,100,0
CLO,2026-07-15,2,0,0,0,0,0,2,2,2,2,0,0,0,1,2,2,2,2,0,0,0,100,100,0,50,100,100,0
CLO,2026-07-16,8,0,0,0,0,1,4,4,5,8,0,0,0,1,6,6,6,8,0,0,12.5,50,50,0,12.5,75,75,0
CLO,2026-07-17,12,0,0,0,0,0,11,11,11,12,0,0,0,0,11,12,12,12,0,0,0,91.7,91.7,0,0,91.7,100,0
CLO,2026-07-18,12,0,0,0,0,1,5,8,9,12,0,0,0,1,6,9,9,12,0,0,8.3,41.7,66.7,0,8.3,50,75,0
CLO,2026-07-19,2,0,0,0,0,0,1,1,2,2,0,0,0,0,2,2,2,2,0,0,0,50,50,0,0,100,100,0
CLO,2026-07-20,6,0,0,0,0,0,3,5,6,6,0,0,0,0,6,6,6,6,0,0,0,50,83.3,0,0,100,100,0
CLO,2026-07-21,6,0,0,0,0,1,3,6,6,6,0,0,0,1,4,6,6,6,0,0,16.7,50,100,0,16.7,66.7,100,0
CLO,2026-07-22,5,0,0,0,0,0,4,5,5,5,0,0,0,0,4,5,5,5,0,0,0,80,100,0,0,80,100,0
CLO,2026-07-23,10,0,0,0,0,0,6,9,9,10,0,0,0,3,8,9,10,10,0,0,0,60,90,0,30,80,90,0
CLO,2026-07-24,9,0,0,0,0,3,7,7,7,9,0,0,0,3,8,8,8,9,0,0,33.3,77.8,77.8,0,33.3,88.9,88.9,0
CLO,2026-07-25,9,0,0,0,0,1,5,5,7,8,1,0,0,2,6,7,7,9,0,0,11.1,55.6,55.6,0,22.2,66.7,77.8,0
CLO,2026-07-26,12,0,0,0,0,0,5,8,8,10,2,0,0,2,10,11,11,12,0,0,0,41.7,66.7,0,16.7,83.3,91.7,0
CLO,2026-07-27,8,0,0,0,0,0,6,6,7,8,0,0,0,1,6,6,7,8,0,0,0,75,75,0,12.5,75,75,0
CLO,2026-07-28,8,0,0,0,0,3,7,7,8,8,0,0,0,3,7,7,8,8,0,0,37.5,87.5,87.5,0,37.5,87.5,87.5,0
CLO,2026-07-29,10,0,0,0,0,1,4,8,8,10,0,0,0,1,6,9,10,10,0,0,10,40,80,0,10,60,90,0
CLO,2026-07-30,5,0,0,0,0,1,3,5,5,5,0,0,0,1,5,5,5,5,0,0,20,60,100,0,20,100,100,0
CLO,2026-07-31,4,0,0,0,0,1,2,3,3,3,1,0,0,1,4,4,4,4,0,0,25,50,75,0,25,100,100,0
CLO,2026-08-01,13,0,0,0,0,2,9,11,11,11,2,0,0,3,9,11,11,13,0,0,15.4,69.2,84.6,0,23.1,69.2,84.6,0
CLO,2026-08-02,15,0,0,0,0,4,11,13,15,15,0,0,0,4,14,14,15,15,0,0,26.7,73.3,86.7,0,26.7,93.3,93.3,0
CLO,2026-08-03,11,0,0,0,0,1,6,8,8,8,3,0,0,2,8,10,10,11,0,0,9.1,54.5,72.7,0,18.2,72.7,90.9,0
CLO,2026-08-04,7,0,0,0,0,0,3,5,5,5,1,0,1,1,4,5,5,6,0,1,0,42.9,71.4,0,14.3,57.1,71.4,0
CLO,2026-08-05,13,0,0,0,0,2,9,9,10,11,0,0,2,2,9,10,11,11,0,2,15.4,69.2,69.2,0,15.4,69.2,76.9,0
CLO,2026-08-06,14,0,0,0,0,1,8,9,10,10,4,0,0,2,10,11,13,14,0,0,7.1,57.1,64.3,0,14.3,71.4,78.6,0
CLO,2026-08-07,8,0,0,0,0,2,5,5,6,6,1,0,1,3,7,7,7,7,0,1,25,62.5,62.5,0,37.5,87.5,87.5,0
CLO,2026-08-08,9,0,0,0,0,3,7,7,7,7,1,0,1,3,8,8,8,8,0,1,33.3,77.8,77.8,0,33.3,88.9,88.9,0
CLO,2026-08-09,14,0,0,0,0,2,8,8,8,8,4,0,2,4,12,12,12,12,0,2,14.3,57.1,57.1,0,28.6,85.7,85.7,0
CLO,2026-08-10,4,0,0,0,0,0,0,0,0,0,2,0,2,2,2,2,2,2,0,2,0,0,0,0,50,50,50,0
CLQ,2026-05-08,44,0,0,0,0,0,0,0,0,0,0,0,44,0,0,0,0,0,0,44,0,0,0,0,0,0,0,0
CLQ,2026-05-09,94,0,0,0,0,0,0,0,0,0,0,0,94,0,0,0,0,0,0,94,0,0,0,0,0,0,0,0
CLQ,2026-05-10,100,0,0,0,0,0,0,0,0,0,2,0,98,0,0,0,0,2,0,98,0,0,0,0,0,0,0,0
CLQ,2026-05-11,354,8,2.3,0,0,0,0,0,3,4,6,0,344,0,0,0,5,9,0,345,0,0,0,0,0,0,0,0
CLQ,2026-05-12,613,13,2.1,12,2,0,0,75,82,86,60,2,465,0,0,141,143,144,2,467,0,0,12.2,0.3,0,0,23,0.3
CLQ,2026-05-13,145,3,2.1,0,0,0,69,84,84,87,19,4,35,0,93,102,106,106,4,35,0,47.6,57.9,2.8,0,64.1,70.3,2.8
CLQ,2026-05-14,1185,13,1.1,4,0.3,97,783,905,953,983,94,39,69,147,971,1035,1060,1077,39,69,8.2,66.1,76.4,3.3,12.4,81.9,87.3,3.3
CLQ,2026-05-15,1343,37,2.8,9,0.7,148,833,1006,1059,1065,131,40,107,202,1056,1154,1186,1196,40,107,11,62,74.9,3,15,78.6,85.9,3
CLQ,2026-05-16,1444,40,2.8,39,2.7,195,873,1091,1106,1111,166,39,128,274,1139,1269,1274,1277,39,128,13.5,60.5,75.6,2.7,19,78.9,87.9,2.7
CLQ,2026-05-17,1389,32,2.3,31,2.2,157,924,1106,1115,1117,147,42,83,201,1134,1256,1261,1264,42,83,11.3,66.5,79.6,3,14.5,81.6,90.4,3
CLQ,2026-05-18,1881,55,2.9,54,2.9,162,1182,1395,1413,1416,226,59,180,219,1496,1633,1638,1642,59,180,8.6,62.8,74.2,3.1,11.6,79.5,86.8,3.1
CLQ,2026-05-19,1911,37,1.9,36,1.9,188,1231,1480,1497,1503,208,54,146,259,1535,1699,1704,1711,54,146,9.8,64.4,77.4,2.8,13.6,80.3,88.9,2.8
CLQ,2026-05-20,2122,39,1.8,16,0.8,206,1436,1684,1758,1780,150,66,126,262,1780,1892,1928,1930,66,126,9.7,67.7,79.4,3.1,12.3,83.9,89.2,3.1
CLQ,2026-05-21,2304,35,1.5,10,0.4,206,1586,1852,1945,1990,146,50,118,289,1937,2065,2112,2136,50,118,8.9,68.8,80.4,2.2,12.5,84.1,89.6,2.2
CLQ,2026-05-22,2022,27,1.3,10,0.5,291,1368,1601,1698,1702,146,50,124,358,1657,1783,1838,1848,50,124,14.4,67.7,79.2,2.5,17.7,81.9,88.2,2.5
CLQ,2026-05-23,2161,49,2.3,13,0.6,232,1325,1651,1668,1670,220,51,220,294,1636,1876,1884,1890,51,220,10.7,61.3,76.4,2.4,13.6,75.7,86.8,2.4
CLQ,2026-05-24,1734,46,2.7,46,2.7,181,1194,1429,1439,1442,129,29,134,230,1455,1565,1566,1571,29,134,10.4,68.9,82.4,1.7,13.3,83.9,90.3,1.7
CLQ,2026-05-25,2207,37,1.7,10,0.5,200,1456,1722,1795,1813,207,54,133,276,1826,1988,2009,2020,54,133,9.1,66,78,2.4,12.5,82.7,90.1,2.4
CLQ,2026-05-26,2250,37,1.6,10,0.4,299,1510,1744,1806,1837,203,67,143,412,1896,2002,2029,2040,67,143,13.3,67.1,77.5,3,18.3,84.3,89,3
CLQ,2026-05-27,1888,31,1.6,7,0.4,245,1262,1453,1512,1528,161,49,150,313,1536,1649,1680,1689,49,150,13,66.8,77,2.6,16.6,81.4,87.3,2.6
CLQ,2026-05-28,1966,40,2,17,0.9,250,1267,1496,1560,1609,162,57,138,315,1559,1710,1744,1771,57,138,12.7,64.4,76.1,2.9,16,79.3,87,2.9
CLQ,2026-05-29,2177,53,2.4,13,0.6,226,1431,1667,1757,1771,191,57,158,291,1756,1880,1937,1962,57,158,10.4,65.7,76.6,2.6,13.4,80.7,86.4,2.6
CLQ,2026-05-30,2283,27,1.2,27,1.2,272,1382,1708,1726,1736,239,72,236,344,1700,1953,1964,1975,72,236,11.9,60.5,74.8,3.2,15.1,74.5,85.5,3.2
CLQ,2026-05-31,1670,24,1.4,24,1.4,194,1070,1279,1289,1292,170,46,162,256,1309,1442,1449,1462,46,162,11.6,64.1,76.6,2.8,15.3,78.4,86.3,2.8
CLQ,2026-06-02,2223,56,2.5,10,0.4,120,1426,1682,1692,1699,260,59,205,163,1761,1922,1935,1959,59,205,5.4,64.1,75.7,2.7,7.3,79.2,86.5,2.7
CLQ,2026-06-03,2253,44,2,4,0.2,206,1483,1729,1814,1837,188,64,164,278,1847,1971,2016,2025,64,164,9.1,65.8,76.7,2.8,12.3,82,87.5,2.8
CLQ,2026-06-04,2858,101,3.5,68,2.4,436,1673,1966,2063,2115,206,73,464,596,2079,2245,2282,2321,73,464,15.3,58.5,68.8,2.6,20.9,72.7,78.6,2.6
CLQ,2026-06-05,2255,76,3.4,16,0.7,311,1396,1606,1693,1700,249,66,240,427,1756,1879,1931,1949,66,240,13.8,61.9,71.2,2.9,18.9,77.9,83.3,2.9
CLQ,2026-06-06,1952,44,2.3,12,0.6,243,1140,1396,1411,1417,264,46,225,311,1480,1654,1666,1681,46,225,12.4,58.4,71.5,2.4,15.9,75.8,84.7,2.4
CLQ,2026-06-07,1762,22,1.2,8,0.5,174,1113,1361,1371,1375,193,34,160,230,1406,1546,1551,1568,34,160,9.9,63.2,77.2,1.9,13.1,79.8,87.7,1.9
CLQ,2026-06-08,2044,67,3.3,65,3.2,165,1249,1523,1539,1545,213,52,234,219,1559,1739,1745,1758,52,234,8.1,61.1,74.5,2.5,10.7,76.3,85.1,2.5
CLQ,2026-06-09,2045,74,3.6,18,0.9,254,1307,1542,1563,1568,221,55,201,344,1622,1778,1783,1789,55,201,12.4,63.9,75.4,2.7,16.8,79.3,86.9,2.7
CLQ,2026-06-10,1985,57,2.9,16,0.8,232,1276,1490,1559,1580,199,75,131,301,1589,1721,1763,1779,75,131,11.7,64.3,75.1,3.8,15.2,80.1,86.7,3.8
CLQ,2026-06-11,1699,46,2.7,7,0.4,191,1110,1302,1356,1379,138,50,132,259,1337,1461,1498,1517,50,132,11.2,65.3,76.6,2.9,15.2,78.7,86,2.9
CLQ,2026-06-12,1672,48,2.9,15,0.9,251,1075,1244,1318,1330,152,48,142,322,1335,1429,1468,1482,48,142,15,64.3,74.4,2.9,19.3,79.8,85.5,2.9
CLQ,2026-06-13,1689,37,2.2,13,0.8,181,963,1192,1205,1210,191,46,242,235,1212,1388,1396,1401,46,242,10.7,57,70.6,2.7,13.9,71.8,82.2,2.7
CLQ,2026-06-14,1363,44,3.2,11,0.8,142,910,1082,1086,1090,118,24,131,188,1078,1202,1204,1208,24,131,10.4,66.8,79.4,1.8,13.8,79.1,88.2,1.8
CLQ,2026-06-15,1693,65,3.8,16,0.9,170,1085,1277,1283,1284,170,44,195,214,1315,1442,1444,1454,44,195,10,64.1,75.4,2.6,12.6,77.7,85.2,2.6
CLQ,2026-06-16,920,35,3.8,10,1.1,261,617,703,712,713,99,27,81,366,752,808,810,812,27,81,28.4,67.1,76.4,2.9,39.8,81.7,87.8,2.9
CLQ,2026-06-17,1201,22,1.8,19,1.6,232,835,924,944,949,127,35,90,320,1008,1062,1072,1076,35,90,19.3,69.5,76.9,2.9,26.6,83.9,88.4,2.9
CLQ,2026-06-18,1221,39,3.2,10,0.8,281,830,927,953,960,122,51,88,376,1006,1055,1069,1082,51,88,23,68,75.9,4.2,30.8,82.4,86.4,4.2
CLQ,2026-06-19,1322,40,3,7,0.5,344,890,982,990,998,159,38,127,462,1099,1149,1151,1157,38,127,26,67.3,74.3,2.9,34.9,83.1,86.9,2.9
CLQ,2026-06-20,1171,43,3.7,12,1,220,709,874,886,888,136,36,111,279,877,1012,1017,1024,36,111,18.8,60.5,74.6,3.1,23.8,74.9,86.4,3.1
CLQ,2026-06-21,1039,40,3.8,9,0.9,149,702,812,819,820,90,28,101,189,844,899,905,910,28,101,14.3,67.6,78.2,2.7,18.2,81.2,86.5,2.7
CLQ,2026-06-22,1413,47,3.3,22,1.6,401,934,1044,1061,1064,173,46,130,555,1157,1227,1232,1237,46,130,28.4,66.1,73.9,3.3,39.3,81.9,86.8,3.3
CLQ,2026-06-23,1333,19,1.4,11,0.8,373,945,1059,1066,1070,141,35,87,502,1126,1204,1205,1211,35,87,28,70.9,79.4,2.6,37.7,84.5,90.3,2.6
CLQ,2026-06-24,1225,20,1.6,6,0.5,237,839,935,987,994,115,34,82,345,1024,1089,1109,1109,34,82,19.3,68.5,76.3,2.8,28.2,83.6,88.9,2.8
CLQ,2026-06-25,1303,13,1,6,0.5,257,865,998,1033,1063,100,46,94,362,1061,1129,1150,1163,46,94,19.7,66.4,76.6,3.5,27.8,81.4,86.6,3.5
CLQ,2026-06-26,1287,11,0.9,1,0.1,243,841,954,1021,1031,111,35,110,319,1056,1108,1140,1142,35,110,18.9,65.3,74.1,2.7,24.8,82.1,86.1,2.7
CLQ,2026-06-27,1113,16,1.4,4,0.4,129,666,822,829,837,134,37,105,166,841,964,968,971,37,105,11.6,59.8,73.9,3.3,14.9,75.6,86.6,3.3
CLQ,2026-06-28,989,29,2.9,29,2.9,96,646,787,802,804,77,22,86,124,788,869,879,881,22,86,9.7,65.3,79.6,2.2,12.5,79.7,87.9,2.2
CLQ,2026-06-29,1018,44,4.3,17,1.7,112,660,759,762,763,111,30,114,158,816,872,873,874,30,114,11,64.8,74.6,2.9,15.5,80.2,85.7,2.9
CLQ,2026-06-30,1517,56,3.7,21,1.4,279,930,1080,1086,1090,223,58,146,420,1224,1308,1311,1313,58,146,18.4,61.3,71.2,3.8,27.7,80.7,86.2,3.8
CLQ,2026-07-01,1013,29,2.9,14,1.4,145,668,771,801,814,104,24,71,197,829,889,914,918,24,71,14.3,65.9,76.1,2.4,19.4,81.8,87.8,2.4
CLQ,2026-07-02,1202,23,1.9,9,0.7,227,774,893,935,959,133,29,81,335,993,1066,1077,1092,29,81,18.9,64.4,74.3,2.4,27.9,82.6,88.7,2.4
CLQ,2026-07-03,1201,38,3.2,7,0.6,188,749,853,904,918,135,32,116,280,972,1016,1038,1053,32,116,15.7,62.4,71,2.7,23.3,80.9,84.6,2.7
CLQ,2026-07-04,1136,54,4.8,11,1,138,629,786,792,799,162,29,146,189,871,952,955,960,29,147,12.1,55.4,69.2,2.6,16.6,76.7,83.8,2.6
CLQ,2026-07-05,920,36,3.9,6,0.7,79,596,693,698,699,117,15,89,102,740,805,808,816,15,89,8.6,64.8,75.3,1.6,11.1,80.4,87.5,1.6
CLQ,2026-07-06,1198,53,4.4,13,1.1,122,697,848,854,858,175,31,134,159,915,1028,1030,1033,31,134,10.2,58.2,70.8,2.6,13.3,76.4,85.8,2.6
CLQ,2026-07-07,1335,51,3.8,21,1.6,293,803,950,963,971,173,33,158,423,1036,1133,1140,1144,33,158,21.9,60.1,71.2,2.5,31.7,77.6,84.9,2.5
CLQ,2026-07-08,1237,38,3.1,7,0.6,256,722,861,908,928,134,43,132,357,923,1018,1053,1062,43,132,20.7,58.4,69.6,3.5,28.9,74.6,82.3,3.5
CLQ,2026-07-09,1297,21,1.6,7,0.5,240,807,927,977,1009,134,31,123,359,995,1086,1116,1143,31,123,18.5,62.2,71.5,2.4,27.7,76.7,83.7,2.4
CLQ,2026-07-10,1272,32,2.5,11,0.9,272,768,881,926,931,166,28,147,380,1000,1064,1094,1097,28,147,21.4,60.4,69.3,2.2,29.9,78.6,83.6,2.2
CLQ,2026-07-11,1258,32,2.5,12,1,185,682,830,843,848,182,37,191,268,900,1021,1023,1030,37,191,14.7,54.2,66,2.9,21.3,71.5,81.2,2.9
CLQ,2026-07-12,959,23,2.4,7,0.7,102,572,710,713,716,91,20,132,138,681,797,801,807,20,132,10.6,59.6,74,2.1,14.4,71,83.1,2.1
CLQ,2026-07-13,1046,30,2.9,8,0.8,106,652,754,760,763,118,22,143,156,803,875,879,881,22,143,10.1,62.3,72.1,2.1,14.9,76.8,83.7,2.1
CLQ,2026-07-14,1715,67,3.9,36,2.1,417,965,1120,1125,1129,256,61,269,615,1287,1374,1379,1385,61,269,24.3,56.3,65.3,3.6,35.9,75,80.1,3.6
CLQ,2026-07-15,1337,48,3.6,13,1,271,825,961,1018,1030,147,44,116,386,1047,1140,1169,1177,44,116,20.3,61.7,71.9,3.3,28.9,78.3,85.3,3.3
CLQ,2026-07-16,1316,32,2.4,10,0.8,288,817,966,1017,1021,153,28,114,377,1040,1144,1169,1174,28,114,21.9,62.1,73.4,2.1,28.6,79,86.9,2.1
CLQ,2026-07-17,1318,78,5.9,76,5.8,213,741,857,869,873,211,32,202,340,986,1076,1080,1084,32,202,16.2,56.2,65,2.4,25.8,74.8,81.6,2.4
CLQ,2026-07-18,1013,45,4.4,11,1.1,122,534,659,668,668,155,28,162,181,698,803,807,823,28,162,12,52.7,65.1,2.8,17.9,68.9,79.3,2.8
CLQ,2026-07-19,1048,28,2.7,12,1.1,60,532,658,671,676,181,36,155,76,742,850,851,857,36,155,5.7,50.8,62.8,3.4,7.3,70.8,81.1,3.4
CLQ,2026-07-20,515,8,1.6,3,0.6,51,313,382,385,385,51,16,63,64,399,436,436,436,16,63,9.9,60.8,74.2,3.1,12.4,77.5,84.7,3.1
CLQ,2026-07-21,913,33,3.6,7,0.8,221,533,615,622,624,122,39,128,330,680,740,743,746,39,128,24.2,58.4,67.4,4.3,36.1,74.5,81.1,4.3
CLQ,2026-07-22,1058,49,4.6,34,3.2,209,445,499,523,537,102,24,395,299,565,611,635,639,24,395,19.8,42.1,47.2,2.3,28.3,53.4,57.8,2.3
CLQ,2026-07-23,925,35,3.8,12,1.3,181,536,637,669,675,106,35,109,261,699,761,777,781,35,109,19.6,57.9,68.9,3.8,28.2,75.6,82.3,3.8
CLQ,2026-07-24,829,36,4.3,33,4,187,484,540,545,549,122,31,127,262,624,663,667,671,31,127,22.6,58.4,65.1,3.7,31.6,75.3,80,3.7
CLQ,2026-07-25,744,35,4.7,6,0.8,72,373,487,490,491,121,32,100,113,513,606,608,612,32,100,9.7,50.1,65.5,4.3,15.2,69,81.5,4.3
CLQ,2026-07-26,1094,35,3.2,17,1.6,45,596,741,761,768,151,24,151,56,812,907,912,919,24,151,4.1,54.5,67.7,2.2,5.1,74.2,82.9,2.2
CLQ,2026-07-27,730,19,2.6,1,0.1,60,415,526,531,532,94,17,87,78,532,619,622,626,17,87,8.2,56.8,72.1,2.3,10.7,72.9,84.8,2.3
CLQ,2026-07-28,897,37,4.1,10,1.1,234,545,611,618,620,148,43,86,358,714,763,765,768,43,86,26.1,60.8,68.1,4.8,39.9,79.6,85.1,4.8
CLQ,2026-07-29,816,25,3.1,12,1.5,170,498,579,598,600,130,33,53,281,669,709,723,730,33,53,20.8,61,71,4,34.4,82,86.9,4
CLQ,2026-07-30,760,14,1.8,6,0.8,192,492,559,583,592,94,27,47,275,641,677,684,686,27,47,25.3,64.7,73.6,3.6,36.2,84.3,89.1,3.6
CLQ,2026-07-31,627,16,2.6,15,2.4,139,372,423,424,424,106,28,69,224,501,522,523,530,28,69,22.2,59.3,67.5,4.5,35.7,79.9,83.3,4.5
CLQ,2026-08-01,838,20,2.4,8,1,61,445,578,584,586,141,23,88,93,604,721,723,727,23,88,7.3,53.1,69,2.7,11.1,72.1,86,2.7
CLQ,2026-08-02,1069,23,2.2,14,1.3,49,596,738,750,755,154,29,131,69,805,899,907,909,29,131,4.6,55.8,69,2.7,6.5,75.3,84.1,2.7
CLQ,2026-08-03,643,18,2.8,6,0.9,43,417,485,488,488,88,11,56,63,528,573,575,576,11,56,6.7,64.9,75.4,1.7,9.8,82.1,89.1,1.7
CLQ,2026-08-04,944,21,2.2,11,1.2,208,594,675,681,683,138,35,88,316,774,818,818,821,35,88,22,62.9,71.5,3.7,33.5,82,86.7,3.7
CLQ,2026-08-05,977,27,2.8,9,0.9,178,571,657,695,703,139,36,99,272,748,823,839,842,36,99,18.2,58.4,67.2,3.7,27.8,76.6,84.2,3.7
CLQ,2026-08-06,875,15,1.7,7,0.8,146,507,598,624,628,134,28,85,224,683,747,760,762,28,85,16.7,57.9,68.3,3.2,25.6,78.1,85.4,3.2
CLQ,2026-08-07,976,40,4.1,36,3.7,155,507,605,611,611,191,25,149,281,747,795,802,802,25,149,15.9,51.9,62,2.6,28.8,76.5,81.5,2.6
CLQ,2026-08-08,847,4,0.5,3,0.4,73,408,538,538,538,144,29,136,109,559,682,682,682,29,136,8.6,48.2,63.5,3.4,12.9,66,80.5,3.4
CLQ,2026-08-09,1142,12,1.1,12,1.1,64,521,522,522,522,282,24,314,87,804,804,804,804,24,314,5.6,45.6,45.7,2.1,7.6,70.4,70.4,2.1
CLQ,2026-08-10,630,4,0.6,4,0.6,57,57,57,57,57,13,3,557,68,70,70,70,70,3,557,9,9,9,0.5,10.8,11.1,11.1,0.5
CRI,2026-06-22,1,0,0,0,0,0,0,0,0,0,1,0,0,0,0,0,0,1,0,0,0,0,0,0,0,0,0,0
CRI,2026-07-08,1,0,0,0,0,0,0,0,0,0,1,0,0,0,1,1,1,1,0,0,0,0,0,0,0,100,100,0
CRI,2026-07-13,4,0,0,0,0,0,0,0,0,0,4,0,0,0,2,2,4,4,0,0,0,0,0,0,0,50,50,0
CRI,2026-07-15,3,0,0,0,0,0,0,0,0,0,3,0,0,0,0,0,3,3,0,0,0,0,0,0,0,0,0,0
CRI,2026-07-17,5,0,0,0,0,0,0,0,0,0,5,0,0,0,4,4,4,5,0,0,0,0,0,0,0,80,80,0
CRI,2026-07-18,1,0,0,0,0,0,0,0,0,0,1,0,0,0,0,0,1,1,0,0,0,0,0,0,0,0,0,0
CRI,2026-07-20,3,0,0,0,0,0,0,0,0,0,3,0,0,0,0,0,3,3,0,0,0,0,0,0,0,0,0,0
CRI,2026-07-22,1,0,0,0,0,0,0,0,0,0,0,0,1,0,0,0,0,0,0,1,0,0,0,0,0,0,0,0
CRI,2026-08-08,1,0,0,0,0,1,1,1,1,1,0,0,0,1,1,1,1,1,0,0,100,100,100,0,100,100,100,0
CRM,2026-05-08,22,1,4.5,0,0,0,0,0,0,0,1,0,21,0,0,0,0,1,0,21,0,0,0,0,0,0,0,0
CRM,2026-05-09,28,1,3.6,0,0,0,0,0,0,0,2,0,26,0,0,0,0,2,0,26,0,0,0,0,0,0,0,0
CRM,2026-05-10,27,0,0,0,0,0,0,0,0,2,6,1,18,0,0,0,0,8,1,18,0,0,0,3.7,0,0,0,3.7
CRM,2026-05-11,28,0,0,0,0,0,0,0,2,4,4,0,20,0,0,0,5,8,0,20,0,0,0,0,0,0,0,0
CRM,2026-05-12,34,0,0,0,0,0,0,1,1,2,9,0,23,0,0,8,10,11,0,23,0,0,2.9,0,0,0,23.5,0
CRM,2026-05-13,39,0,0,0,0,0,16,20,22,22,13,0,4,0,29,32,34,35,0,4,0,41,51.3,0,0,74.4,82.1,0
CRM,2026-05-14,28,0,0,0,0,3,16,19,21,23,3,2,0,5,21,23,24,26,2,0,10.7,57.1,67.9,7.1,17.9,75,82.1,7.1
CRM,2026-05-15,29,0,0,0,0,3,13,14,15,21,8,0,0,4,23,26,27,29,0,0,10.3,44.8,48.3,0,13.8,79.3,89.7,0
CRM,2026-05-16,32,0,0,0,0,1,14,16,17,18,10,4,0,2,23,25,26,28,4,0,3.1,43.8,50,12.5,6.3,71.9,78.1,12.5
CRM,2026-05-17,27,0,0,0,0,1,15,16,17,18,6,3,0,6,19,21,22,24,3,0,3.7,55.6,59.3,11.1,22.2,70.4,77.8,11.1
CRM,2026-05-18,34,0,0,0,0,0,19,22,22,22,6,4,2,0,25,28,28,28,4,2,0,55.9,64.7,11.8,0,73.5,82.4,11.8
CRM,2026-05-19,28,0,0,0,0,0,12,16,17,17,10,1,0,2,22,24,25,27,1,0,0,42.9,57.1,3.6,7.1,78.6,85.7,3.6
CRM,2026-05-20,35,0,0,0,0,3,14,17,18,18,16,1,0,4,27,31,32,34,1,0,8.6,40,48.6,2.9,11.4,77.1,88.6,2.9
CRM,2026-05-21,45,0,0,0,0,3,25,31,32,35,5,3,2,3,36,38,39,40,3,2,6.7,55.6,68.9,6.7,6.7,80,84.4,6.7
CRM,2026-05-22,31,0,0,0,0,3,12,14,20,21,6,3,1,5,24,26,27,27,3,1,9.7,38.7,45.2,9.7,16.1,77.4,83.9,9.7
CRM,2026-05-23,31,0,0,0,0,4,13,17,20,21,6,2,2,7,19,22,25,27,2,2,12.9,41.9,54.8,6.5,22.6,61.3,71,6.5
CRM,2026-05-24,41,0,0,0,0,1,15,17,20,22,12,3,4,1,28,30,33,34,3,4,2.4,36.6,41.5,7.3,2.4,68.3,73.2,7.3
CRM,2026-05-25,41,0,0,0,0,2,19,23,23,27,9,4,1,3,27,31,32,36,4,1,4.9,46.3,56.1,9.8,7.3,65.9,75.6,9.8
CRM,2026-05-26,32,0,0,0,0,1,16,18,19,20,9,1,2,1,24,25,26,29,1,2,3.1,50,56.3,3.1,3.1,75,78.1,3.1
CRM,2026-05-27,43,0,0,0,0,3,19,21,26,30,10,2,1,5,28,35,37,40,2,1,7,44.2,48.8,4.7,11.6,65.1,81.4,4.7
CRM,2026-05-28,26,0,0,0,0,2,11,14,15,15,8,2,1,3,20,22,23,23,2,1,7.7,42.3,53.8,7.7,11.5,76.9,84.6,7.7
CRM,2026-05-29,27,0,0,0,0,4,16,17,17,19,5,1,2,4,21,21,21,24,1,2,14.8,59.3,63,3.7,14.8,77.8,77.8,3.7
CRM,2026-05-30,33,0,0,0,0,4,14,16,16,16,12,4,1,6,26,27,27,28,4,1,12.1,42.4,48.5,12.1,18.2,78.8,81.8,12.1
CRM,2026-05-31,37,1,2.7,0,0,2,9,15,15,19,15,3,0,3,20,24,30,34,3,0,5.4,24.3,40.5,8.1,8.1,54.1,64.9,8.1
CRM,2026-06-01,23,0,0,0,0,1,11,12,12,12,6,5,0,1,13,16,16,18,5,0,4.3,47.8,52.2,21.7,4.3,56.5,69.6,21.7
CRM,2026-06-02,37,0,0,0,0,1,8,12,13,14,16,5,2,6,24,26,28,30,5,2,2.7,21.6,32.4,13.5,16.2,64.9,70.3,13.5
CRM,2026-06-03,41,0,0,0,0,2,18,22,24,26,11,4,0,3,29,32,35,37,4,0,4.9,43.9,53.7,9.8,7.3,70.7,78,9.8
CRM,2026-06-04,28,1,3.6,0,0,4,13,14,14,16,7,2,3,4,19,21,21,23,2,3,14.3,46.4,50,7.1,14.3,67.9,75,7.1
CRM,2026-06-05,19,0,0,0,0,1,9,9,11,12,6,1,0,2,14,15,17,18,1,0,5.3,47.4,47.4,5.3,10.5,73.7,78.9,5.3
CRM,2026-06-06,23,0,0,0,0,0,10,12,13,16,7,0,0,0,17,20,22,23,0,0,0,43.5,52.2,0,0,73.9,87,0
CRM,2026-06-07,31,1,3.2,0,0,0,16,18,20,22,6,1,2,2,25,27,27,28,1,2,0,51.6,58.1,3.2,6.5,80.6,87.1,3.2
CRM,2026-06-08,41,1,2.4,0,0,0,15,18,20,22,11,6,2,0,25,27,31,33,6,2,0,36.6,43.9,14.6,0,61,65.9,14.6
CRM,2026-06-09,42,0,0,0,0,1,20,24,25,27,14,0,1,1,35,37,39,41,0,1,2.4,47.6,57.1,0,2.4,83.3,88.1,0
CRM,2026-06-10,24,0,0,0,0,1,9,10,10,11,10,2,1,2,16,19,20,21,2,1,4.2,37.5,41.7,8.3,8.3,66.7,79.2,8.3
CRM,2026-06-11,48,0,0,0,0,5,16,18,20,20,22,5,1,8,35,39,40,42,5,1,10.4,33.3,37.5,10.4,16.7,72.9,81.3,10.4
CRM,2026-06-12,21,0,0,0,0,4,10,11,12,13,3,5,0,5,12,13,14,16,5,0,19,47.6,52.4,23.8,23.8,57.1,61.9,23.8
CRM,2026-06-13,23,0,0,0,0,2,11,15,15,15,7,0,1,2,15,19,20,22,0,1,8.7,47.8,65.2,0,8.7,65.2,82.6,0
CRM,2026-06-14,24,0,0,0,0,4,12,12,12,13,9,2,0,4,17,19,20,22,2,0,16.7,50,50,8.3,16.7,70.8,79.2,8.3
CRM,2026-06-15,39,1,2.6,0,0,0,13,15,16,18,17,0,4,1,25,28,29,35,0,4,0,33.3,38.5,0,2.6,64.1,71.8,0
CRM,2026-06-16,39,1,2.6,0,0,3,14,18,21,22,12,4,1,5,25,31,32,34,4,1,7.7,35.9,46.2,10.3,12.8,64.1,79.5,10.3
CRM,2026-06-17,23,0,0,0,0,1,9,9,10,12,4,4,3,1,12,13,16,16,4,3,4.3,39.1,39.1,17.4,4.3,52.2,56.5,17.4
CRM,2026-06-18,37,1,2.7,0,0,1,15,19,21,21,13,1,2,5,29,33,33,34,1,2,2.7,40.5,51.4,2.7,13.5,78.4,89.2,2.7
CRM,2026-06-19,34,1,2.9,0,0,2,10,15,15,17,12,4,1,2,22,25,27,29,4,1,5.9,29.4,44.1,11.8,5.9,64.7,73.5,11.8
CRM,2026-06-20,29,0,0,0,0,1,12,15,15,19,7,3,0,2,19,21,23,26,3,0,3.4,41.4,51.7,10.3,6.9,65.5,72.4,10.3
CRM,2026-06-21,29,0,0,0,0,2,12,16,18,22,5,1,1,2,21,26,27,27,1,1,6.9,41.4,55.2,3.4,6.9,72.4,89.7,3.4
CRM,2026-06-22,29,0,0,0,0,3,15,21,22,22,5,2,0,3,26,27,27,27,2,0,10.3,51.7,72.4,6.9,10.3,89.7,93.1,6.9
CRM,2026-06-23,30,0,0,0,0,1,16,19,19,19,7,3,1,2,20,22,24,26,3,1,3.3,53.3,63.3,10,6.7,66.7,73.3,10
CRM,2026-06-24,46,1,2.2,1,2.2,1,14,19,19,19,9,3,15,4,24,25,26,28,3,15,2.2,30.4,41.3,6.5,8.7,52.2,54.3,6.5
CRM,2026-06-25,42,1,2.4,1,2.4,2,11,13,13,14,15,9,4,7,23,25,27,29,9,4,4.8,26.2,31,21.4,16.7,54.8,59.5,21.4
CRM,2026-06-26,26,0,0,0,0,4,12,17,19,19,5,2,0,4,19,22,24,24,2,0,15.4,46.2,65.4,7.7,15.4,73.1,84.6,7.7
CRM,2026-06-27,27,0,0,0,0,1,11,12,13,13,9,3,2,2,15,16,19,22,3,2,3.7,40.7,44.4,11.1,7.4,55.6,59.3,11.1
CRM,2026-06-28,43,0,0,0,0,0,12,18,20,23,18,2,0,3,26,37,38,41,2,0,0,27.9,41.9,4.7,7,60.5,86,4.7
CRM,2026-06-29,33,1,3,0,0,2,14,17,18,18,10,2,3,3,22,25,25,28,2,3,6.1,42.4,51.5,6.1,9.1,66.7,75.8,6.1
CRM,2026-06-30,24,0,0,0,0,4,15,16,16,17,6,0,1,5,21,21,22,23,0,1,16.7,62.5,66.7,0,20.8,87.5,87.5,0
CRM,2026-07-01,30,0,0,0,0,3,16,19,19,22,5,3,0,4,23,24,26,27,3,0,10,53.3,63.3,10,13.3,76.7,80,10
CRM,2026-07-02,23,0,0,0,0,2,8,11,12,14,6,2,1,6,17,18,18,20,2,1,8.7,34.8,47.8,8.7,26.1,73.9,78.3,8.7
CRM,2026-07-03,28,0,0,0,0,0,10,12,12,17,8,2,1,0,17,23,23,25,2,1,0,35.7,42.9,7.1,0,60.7,82.1,7.1
CRM,2026-07-04,22,0,0,0,0,1,7,10,10,13,8,1,0,4,14,16,18,21,1,0,4.5,31.8,45.5,4.5,18.2,63.6,72.7,4.5
CRM,2026-07-05,18,0,0,0,0,0,4,5,6,9,5,3,1,0,11,11,12,14,3,1,0,22.2,27.8,16.7,0,61.1,61.1,16.7
CRM,2026-07-06,24,0,0,0,0,1,7,10,11,14,8,0,2,1,16,16,17,22,0,2,4.2,29.2,41.7,0,4.2,66.7,66.7,0
CRM,2026-07-07,23,2,8.7,0,0,0,10,14,14,15,6,0,2,1,19,19,19,21,0,2,0,43.5,60.9,0,4.3,82.6,82.6,0
CRM,2026-07-08,24,0,0,0,0,2,14,15,16,17,6,1,0,2,20,21,21,23,1,0,8.3,58.3,62.5,4.2,8.3,83.3,87.5,4.2
CRM,2026-07-09,20,0,0,0,0,0,7,9,10,12,6,1,1,3,13,15,16,18,1,1,0,35,45,5,15,65,75,5
CRM,2026-07-10,20,0,0,0,0,0,7,10,12,13,3,2,2,1,13,15,16,16,2,2,0,35,50,10,5,65,75,10
CRM,2026-07-11,28,1,3.6,0,0,1,9,9,11,11,11,4,2,2,13,15,19,22,4,2,3.6,32.1,32.1,14.3,7.1,46.4,53.6,14.3
CRM,2026-07-12,19,1,5.3,0,0,2,12,12,14,14,4,0,1,2,14,15,18,18,0,1,10.5,63.2,63.2,0,10.5,73.7,78.9,0
CRM,2026-07-13,27,0,0,0,0,2,13,15,16,17,9,1,0,2,16,19,22,26,1,0,7.4,48.1,55.6,3.7,7.4,59.3,70.4,3.7
CRM,2026-07-14,19,1,5.3,0,0,1,9,9,9,11,3,2,3,1,12,12,12,14,2,3,5.3,47.4,47.4,10.5,5.3,63.2,63.2,10.5
CRM,2026-07-15,33,1,3,0,0,1,10,12,14,16,13,2,2,2,21,24,24,29,2,2,3,30.3,36.4,6.1,6.1,63.6,72.7,6.1
CRM,2026-07-16,22,1,4.5,0,0,0,11,14,14,15,6,0,1,3,19,20,21,21,0,1,0,50,63.6,0,13.6,86.4,90.9,0
CRM,2026-07-17,28,2,7.1,0,0,1,5,8,9,10,12,3,3,1,15,20,20,22,3,3,3.6,17.9,28.6,10.7,3.6,53.6,71.4,10.7
CRM,2026-07-18,22,1,4.5,0,0,0,10,10,11,12,8,1,1,1,16,18,18,20,1,1,0,45.5,45.5,4.5,4.5,72.7,81.8,4.5
CRM,2026-07-19,25,0,0,0,0,1,11,14,15,17,6,1,1,1,18,19,19,23,1,1,4,44,56,4,4,72,76,4
CRM,2026-07-20,31,0,0,0,0,1,10,16,16,17,10,3,1,3,22,23,23,27,3,1,3.2,32.3,51.6,9.7,9.7,71,74.2,9.7
CRM,2026-07-21,25,2,8,0,0,1,11,12,12,13,8,4,0,2,14,16,17,21,4,0,4,44,48,16,8,56,64,16
CRM,2026-07-22,20,0,0,0,0,1,9,11,12,14,5,1,0,2,15,17,18,19,1,0,5,45,55,5,10,75,85,5
CRM,2026-07-23,4,0,0,0,0,1,1,1,1,1,3,0,0,1,2,2,2,4,0,0,25,25,25,0,25,50,50,0
CRM,2026-07-24,2,0,0,0,0,0,1,1,1,1,1,0,0,0,1,2,2,2,0,0,0,50,50,0,0,50,100,0
CRM,2026-07-25,24,0,0,0,0,2,8,10,10,15,3,6,0,4,13,15,15,18,6,0,8.3,33.3,41.7,25,16.7,54.2,62.5,25
CRM,2026-07-26,27,0,0,0,0,4,15,16,16,17,9,0,1,4,21,22,23,26,0,1,14.8,55.6,59.3,0,14.8,77.8,81.5,0
CRM,2026-07-27,18,0,0,0,0,3,11,13,14,14,2,1,1,5,16,16,16,16,1,1,16.7,61.1,72.2,5.6,27.8,88.9,88.9,5.6
CRM,2026-07-28,14,0,0,0,0,0,5,6,7,7,6,1,0,1,10,11,11,13,1,0,0,35.7,42.9,7.1,7.1,71.4,78.6,7.1
CRM,2026-07-29,19,0,0,0,0,1,10,11,11,14,3,2,0,2,14,15,15,17,2,0,5.3,52.6,57.9,10.5,10.5,73.7,78.9,10.5
CRM,2026-07-30,27,0,0,0,0,1,10,15,18,18,5,4,0,1,16,19,21,23,4,0,3.7,37,55.6,14.8,3.7,59.3,70.4,14.8
CRM,2026-07-31,16,0,0,0,0,2,8,9,9,11,4,1,0,3,14,14,14,15,1,0,12.5,50,56.3,6.3,18.8,87.5,87.5,6.3
CRM,2026-08-01,19,2,10.5,0,0,0,9,11,11,12,5,1,1,2,13,17,17,17,1,1,0,47.4,57.9,5.3,10.5,68.4,89.5,5.3
CRM,2026-08-02,9,1,11.1,0,0,0,4,5,5,6,2,0,1,0,6,7,7,8,0,1,0,44.4,55.6,0,0,66.7,77.8,0
CRM,2026-08-03,19,0,0,0,0,0,8,10,11,11,3,3,2,0,11,12,13,14,3,2,0,42.1,52.6,15.8,0,57.9,63.2,15.8
CRM,2026-08-04,21,0,0,0,0,2,9,9,10,10,5,3,3,3,15,15,15,15,3,3,9.5,42.9,42.9,14.3,14.3,71.4,71.4,14.3
CRM,2026-08-05,17,0,0,0,0,0,7,8,10,10,5,0,2,1,11,12,15,15,0,2,0,41.2,47.1,0,5.9,64.7,70.6,0
CRM,2026-08-06,17,0,0,0,0,1,6,9,9,10,4,0,3,1,11,12,12,14,0,3,5.9,35.3,52.9,0,5.9,64.7,70.6,0
CRM,2026-08-07,11,0,0,0,0,1,3,4,5,5,4,1,1,1,8,9,9,9,1,1,9.1,27.3,36.4,9.1,9.1,72.7,81.8,9.1
CRM,2026-08-08,20,0,0,0,0,2,7,7,7,7,8,3,2,4,13,15,15,15,3,2,10,35,35,15,20,65,75,15
CRM,2026-08-09,16,0,0,0,0,0,7,7,7,7,4,0,5,0,11,11,11,11,0,5,0,43.8,43.8,0,0,68.8,68.8,0
CRM,2026-08-10,18,0,0,0,0,1,1,1,1,1,0,0,17,1,1,1,1,1,0,17,5.6,5.6,5.6,0,5.6,5.6,5.6,0
CSU,2026-05-08,35,0,0,0,0,0,0,0,0,1,1,0,33,0,0,0,0,2,0,33,0,0,0,0,0,0,0,0
CSU,2026-05-09,52,1,1.9,0,0,0,0,0,0,0,1,0,51,0,0,0,0,1,0,51,0,0,0,0,0,0,0,0
CSU,2026-05-10,16,0,0,0,0,0,0,0,0,3,3,0,10,0,0,0,0,6,0,10,0,0,0,0,0,0,0,0
CSU,2026-05-11,49,3,6.1,0,0,0,0,0,4,10,4,0,35,0,0,0,6,13,0,36,0,0,0,0,0,0,0,0
CSU,2026-05-12,45,0,0,0,0,0,0,5,7,11,6,0,28,0,0,10,14,16,0,29,0,0,11.1,0,0,0,22.2,0
CSU,2026-05-13,28,0,0,0,0,0,15,17,18,18,8,0,2,0,23,25,25,26,0,2,0,53.6,60.7,0,0,82.1,89.3,0
CSU,2026-05-14,38,0,0,0,0,5,24,28,30,32,4,0,2,7,29,35,35,36,0,2,13.2,63.2,73.7,0,18.4,76.3,92.1,0
CSU,2026-05-15,31,1,3.2,0,0,2,17,19,22,27,3,0,1,3,26,27,28,30,0,1,6.5,54.8,61.3,0,9.7,83.9,87.1,0
CSU,2026-05-16,33,0,0,0,0,2,13,16,20,24,6,0,3,4,20,22,25,30,0,3,6.1,39.4,48.5,0,12.1,60.6,66.7,0
CSU,2026-05-17,13,1,7.7,0,0,1,4,6,7,8,3,0,2,4,7,9,9,11,0,2,7.7,30.8,46.2,0,30.8,53.8,69.2,0
CSU,2026-05-18,35,0,0,0,0,2,15,23,24,27,8,0,0,2,28,33,33,35,0,0,5.7,42.9,65.7,0,5.7,80,94.3,0
CSU,2026-05-19,84,0,0,0,0,3,40,55,61,61,14,0,9,3,63,69,74,75,0,9,3.6,47.6,65.5,0,3.6,75,82.1,0
CSU,2026-05-20,128,3,2.3,0,0,12,75,91,98,99,24,0,5,17,105,117,121,123,0,5,9.4,58.6,71.1,0,13.3,82,91.4,0
CSU,2026-05-21,129,1,0.8,0,0,4,71,91,101,104,21,0,4,8,105,121,123,125,0,4,3.1,55,70.5,0,6.2,81.4,93.8,0
CSU,2026-05-22,134,3,2.2,0,0,3,76,92,100,101,22,0,11,8,110,118,122,123,0,11,2.2,56.7,68.7,0,6,82.1,88.1,0
CSU,2026-05-23,142,4,2.8,0,0,12,70,91,101,104,30,0,8,20,114,127,133,134,0,8,8.5,49.3,64.1,0,14.1,80.3,89.4,0
CSU,2026-05-24,45,0,0,0,0,4,16,23,25,25,17,0,3,6,34,38,41,42,0,3,8.9,35.6,51.1,0,13.3,75.6,84.4,0
CSU,2026-05-25,118,0,0,0,0,10,58,74,77,79,25,0,14,13,88,99,102,104,0,14,8.5,49.2,62.7,0,11,74.6,83.9,0
CSU,2026-05-26,212,15,7.1,0,0,17,107,127,139,141,51,0,20,32,171,185,190,192,0,20,8,50.5,59.9,0,15.1,80.7,87.3,0
CSU,2026-05-27,122,3,2.5,0,0,8,61,79,88,90,26,0,6,13,102,111,114,116,0,6,6.6,50,64.8,0,10.7,83.6,91,0
CSU,2026-05-28,115,3,2.6,0,0,5,50,66,71,74,25,0,16,9,83,93,97,99,0,16,4.3,43.5,57.4,0,7.8,72.2,80.9,0
CSU,2026-05-29,173,6,3.5,0,0,6,53,75,81,83,63,0,27,25,110,127,136,146,0,27,3.5,30.6,43.4,0,14.5,63.6,73.4,0
CSU,2026-05-30,111,1,0.9,0,0,8,47,56,63,66,33,0,12,14,77,89,93,99,0,12,7.2,42.3,50.5,0,12.6,69.4,80.2,0
CSU,2026-05-31,59,5,8.5,0,0,4,21,27,33,33,18,0,8,7,38,46,50,51,0,8,6.8,35.6,45.8,0,11.9,64.4,78,0
CSU,2026-06-01,132,3,2.3,0,0,18,59,76,80,85,35,0,12,35,100,111,114,120,0,12,13.6,44.7,57.6,0,26.5,75.8,84.1,0
CSU,2026-06-02,146,8,5.5,0,0,5,55,70,75,77,48,0,21,31,108,118,123,125,0,21,3.4,37.7,47.9,0,21.2,74,80.8,0
CSU,2026-06-03,112,6,5.4,0,0,8,47,55,63,63,31,0,18,13,84,90,92,94,0,18,7.1,42,49.1,0,11.6,75,80.4,0
CSU,2026-06-04,105,6,5.7,0,0,6,50,60,62,64,24,0,17,11,72,82,83,88,0,17,5.7,47.6,57.1,0,10.5,68.6,78.1,0
CSU,2026-06-05,110,4,3.6,0,0,9,44,54,60,63,32,0,15,22,76,86,92,95,0,15,8.2,40,49.1,0,20,69.1,78.2,0
CSU,2026-06-06,141,8,5.7,0,0,10,45,59,63,67,52,0,22,24,97,108,115,119,0,22,7.1,31.9,41.8,0,17,68.8,76.6,0
CSU,2026-06-07,50,1,2,0,0,7,20,22,24,24,14,0,12,9,30,35,36,38,0,12,14,40,44,0,18,60,70,0
CSU,2026-06-08,152,5,3.3,0,0,3,72,93,103,107,36,0,9,10,119,131,138,143,0,9,2,47.4,61.2,0,6.6,78.3,86.2,0
CSU,2026-06-09,124,4,3.2,0,0,8,49,63,71,75,34,0,15,17,84,97,102,109,0,15,6.5,39.5,50.8,0,13.7,67.7,78.2,0
CSU,2026-06-10,87,4,4.6,0,0,8,44,52,57,62,17,0,8,13,62,68,74,79,0,8,9.2,50.6,59.8,0,14.9,71.3,78.2,0
CSU,2026-06-11,119,2,1.7,0,0,5,46,66,69,70,35,0,14,12,89,98,99,105,0,14,4.2,38.7,55.5,0,10.1,74.8,82.4,0
CSU,2026-06-12,117,3,2.6,0,0,7,45,59,63,64,36,0,17,9,76,88,94,100,0,17,6,38.5,50.4,0,7.7,65,75.2,0
CSU,2026-06-13,112,4,3.6,0,0,5,38,66,76,80,19,0,13,8,71,92,94,99,0,13,4.5,33.9,58.9,0,7.1,63.4,82.1,0
CSU,2026-06-14,116,4,3.4,0,0,3,50,60,65,67,33,0,16,10,83,92,98,100,0,16,2.6,43.1,51.7,0,8.6,71.6,79.3,0
CSU,2026-06-15,101,2,2,0,0,10,50,59,66,70,25,0,6,15,74,89,94,95,0,6,9.9,49.5,58.4,0,14.9,73.3,88.1,0
CSU,2026-06-16,108,3,2.8,0,0,11,42,62,72,75,22,0,11,15,76,88,93,97,0,11,10.2,38.9,57.4,0,13.9,70.4,81.5,0
CSU,2026-06-17,139,5,3.6,1,0.7,12,59,77,80,81,41,0,17,23,104,114,116,122,0,17,8.6,42.4,55.4,0,16.5,74.8,82,0
CSU,2026-06-18,119,2,1.7,0,0,6,66,75,80,82,26,0,11,15,99,104,106,108,0,11,5,55.5,63,0,12.6,83.2,87.4,0
CSU,2026-06-19,132,8,6.1,0,0,9,62,74,80,83,34,0,15,19,105,111,114,117,0,15,6.8,47,56.1,0,14.4,79.5,84.1,0
CSU,2026-06-20,153,6,3.9,0,0,9,59,85,92,93,45,0,15,23,108,125,134,138,0,15,5.9,38.6,55.6,0,15,70.6,81.7,0
CSU,2026-06-21,77,1,1.3,0,0,1,33,42,44,47,16,0,14,4,54,59,59,63,0,14,1.3,42.9,54.5,0,5.2,70.1,76.6,0
CSU,2026-06-22,120,5,4.2,0,0,8,54,68,74,80,30,0,10,13,84,96,106,110,0,10,6.7,45,56.7,0,10.8,70,80,0
CSU,2026-06-23,98,3,3.1,0,0,8,43,57,58,60,27,0,11,12,71,85,86,87,0,11,8.2,43.9,58.2,0,12.2,72.4,86.7,0
CSU,2026-06-24,106,0,0,0,0,6,46,57,61,65,31,0,10,18,79,87,89,96,0,10,5.7,43.4,53.8,0,17,74.5,82.1,0
CSU,2026-06-25,103,3,2.9,0,0,10,49,58,63,64,23,0,16,15,72,82,85,87,0,16,9.7,47.6,56.3,0,14.6,69.9,79.6,0
CSU,2026-06-26,79,2,2.5,0,0,8,36,41,46,47,24,0,8,16,60,66,68,71,0,8,10.1,45.6,51.9,0,20.3,75.9,83.5,0
CSU,2026-06-27,87,6,6.9,1,1.1,5,31,43,47,47,27,0,13,15,62,67,72,74,0,13,5.7,35.6,49.4,0,17.2,71.3,77,0
CSU,2026-06-28,48,7,14.6,0,0,1,13,14,15,16,23,0,9,3,26,33,35,39,0,9,2.1,27.1,29.2,0,6.3,54.2,68.8,0
CSU,2026-06-29,94,3,3.2,0,0,3,52,65,69,73,14,0,7,5,76,83,84,87,0,7,3.2,55.3,69.1,0,5.3,80.9,88.3,0
CSU,2026-06-30,80,5,6.3,0,0,3,36,46,52,55,22,0,3,11,67,71,74,77,0,3,3.8,45,57.5,0,13.8,83.8,88.8,0
CSU,2026-07-01,92,2,2.2,0,0,12,47,50,54,55,28,0,9,25,74,77,80,83,0,9,13,51.1,54.3,0,27.2,80.4,83.7,0
CSU,2026-07-02,62,4,6.5,0,0,4,28,35,36,39,17,0,6,9,47,53,54,56,0,6,6.5,45.2,56.5,0,14.5,75.8,85.5,0
CSU,2026-07-03,57,3,5.3,0,0,3,21,21,27,31,19,0,7,6,38,43,46,50,0,7,5.3,36.8,36.8,0,10.5,66.7,75.4,0
CSU,2026-07-04,75,5,6.7,0,0,6,29,37,42,44,25,0,6,10,53,66,67,69,0,6,8,38.7,49.3,0,13.3,70.7,88,0
CSU,2026-07-05,47,2,4.3,0,0,1,20,24,26,27,14,0,6,3,34,39,40,41,0,6,2.1,42.6,51.1,0,6.4,72.3,83,0
CSU,2026-07-06,91,5,5.5,0,0,4,34,49,56,58,24,0,9,6,69,76,79,82,0,9,4.4,37.4,53.8,0,6.6,75.8,83.5,0
CSU,2026-07-07,67,2,3,0,0,7,29,36,40,40,17,0,10,9,46,51,54,57,0,10,10.4,43.3,53.7,0,13.4,68.7,76.1,0
CSU,2026-07-08,78,1,1.3,0,0,6,29,39,43,49,19,0,10,9,45,56,59,68,0,10,7.7,37.2,50,0,11.5,57.7,71.8,0
CSU,2026-07-09,71,6,8.5,0,0,4,22,31,33,35,23,0,13,9,45,53,58,58,0,13,5.6,31,43.7,0,12.7,63.4,74.6,0
CSU,2026-07-10,64,4,6.3,0,0,6,29,35,36,36,17,0,11,9,44,48,50,53,0,11,9.4,45.3,54.7,0,14.1,68.8,75,0
CSU,2026-07-11,73,1,1.4,0,0,5,26,35,42,45,19,0,9,8,46,53,57,64,0,9,6.8,35.6,47.9,0,11,63,72.6,0
CSU,2026-07-12,53,3,5.7,0,0,3,14,20,27,27,18,0,8,5,28,36,44,45,0,8,5.7,26.4,37.7,0,9.4,52.8,67.9,0
CSU,2026-07-13,129,4,3.1,0,0,23,71,87,90,92,26,0,11,44,105,111,115,118,0,11,17.8,55,67.4,0,34.1,81.4,86,0
CSU,2026-07-14,104,3,2.9,0,0,8,41,54,59,63,29,0,12,20,74,86,89,92,0,12,7.7,39.4,51.9,0,19.2,71.2,82.7,0
CSU,2026-07-15,106,3,2.8,0,0,4,39,46,52,59,34,0,13,10,77,83,85,93,0,13,3.8,36.8,43.4,0,9.4,72.6,78.3,0
CSU,2026-07-16,93,1,1.1,0,0,2,38,53,56,58,23,0,12,5,68,76,77,81,0,12,2.2,40.9,57,0,5.4,73.1,81.7,0
CSU,2026-07-17,121,4,3.3,0,0,6,41,60,71,73,31,0,17,14,81,89,98,104,0,17,5,33.9,49.6,0,11.6,66.9,73.6,0
CSU,2026-07-18,124,5,4,0,0,3,38,55,66,69,41,0,14,11,73,97,101,110,0,14,2.4,30.6,44.4,0,8.9,58.9,78.2,0
CSU,2026-07-19,73,4,5.5,0,0,4,15,17,21,25,41,0,7,13,53,58,63,66,0,7,5.5,20.5,23.3,0,17.8,72.6,79.5,0
CSU,2026-07-20,174,9,5.2,0,0,5,58,68,79,84,72,0,18,18,120,143,150,156,0,18,2.9,33.3,39.1,0,10.3,69,82.2,0
CSU,2026-07-21,190,10,5.3,2,1.1,13,71,91,93,99,77,0,14,24,147,166,171,176,0,14,6.8,37.4,47.9,0,12.6,77.4,87.4,0
CSU,2026-07-22,160,4,2.5,0,0,6,46,58,63,64,78,0,18,22,122,131,135,142,0,18,3.8,28.8,36.3,0,13.8,76.3,81.9,0
CSU,2026-07-23,216,11,5.1,0,0,14,61,76,84,86,106,0,24,39,168,180,183,192,0,24,6.5,28.2,35.2,0,18.1,77.8,83.3,0
CSU,2026-07-24,237,12,5.1,2,0.8,11,59,64,74,81,138,0,18,24,182,200,206,219,0,18,4.6,24.9,27,0,10.1,76.8,84.4,0
CSU,2026-07-25,205,9,4.4,0,0,5,51,71,80,82,98,0,25,25,137,161,171,180,0,25,2.4,24.9,34.6,0,12.2,66.8,78.5,0
CSU,2026-07-26,234,9,3.8,0,0,7,43,63,70,76,143,0,15,35,176,197,207,219,0,15,3,18.4,26.9,0,15,75.2,84.2,0
CSU,2026-07-27,274,9,3.3,2,0.7,11,61,74,80,81,170,0,23,38,204,226,237,251,0,23,4,22.3,27,0,13.9,74.5,82.5,0
CSU,2026-07-28,216,6,2.8,0,0,5,63,78,82,85,115,0,16,30,161,186,195,200,0,16,2.3,29.2,36.1,0,13.9,74.5,86.1,0
CSU,2026-07-29,245,18,7.3,3,1.2,7,67,87,93,94,132,0,19,38,193,215,218,226,0,19,2.9,27.3,35.5,0,15.5,78.8,87.8,0
CSU,2026-07-30,215,14,6.5,0,0,6,46,64,69,73,124,0,18,30,167,185,191,197,0,18,2.8,21.4,29.8,0,14,77.7,86,0
CSU,2026-07-31,300,20,6.7,5,1.7,4,68,84,95,98,172,0,30,47,237,253,262,270,0,30,1.3,22.7,28,0,15.7,79,84.3,0
CSU,2026-08-01,230,9,3.9,4,1.7,11,51,78,85,86,113,0,31,46,164,189,196,199,0,31,4.8,22.2,33.9,0,20,71.3,82.2,0
CSU,2026-08-02,178,15,8.4,2,1.1,3,27,34,43,43,115,0,20,36,126,141,148,158,0,20,1.7,15.2,19.1,0,20.2,70.8,79.2,0
CSU,2026-08-03,260,13,5,2,0.8,5,89,120,132,133,99,0,28,24,191,217,229,232,0,28,1.9,34.2,46.2,0,9.2,73.5,83.5,0
CSU,2026-08-04,216,5,2.3,0,0,15,91,110,124,126,64,0,26,30,164,181,186,190,0,26,6.9,42.1,50.9,0,13.9,75.9,83.8,0
CSU,2026-08-05,247,10,4,4,1.6,25,108,129,139,139,70,0,38,56,187,202,208,209,0,38,10.1,43.7,52.2,0,22.7,75.7,81.8,0
CSU,2026-08-06,253,10,4,4,1.6,22,107,127,139,140,79,0,34,39,184,201,216,219,0,34,8.7,42.3,50.2,0,15.4,72.7,79.4,0
CSU,2026-08-07,192,6,3.1,1,0.5,10,81,96,103,103,59,0,30,28,148,157,162,162,0,30,5.2,42.2,50,0,14.6,77.1,81.8,0
CSU,2026-08-08,173,3,1.7,3,1.7,13,68,80,80,80,40,0,53,22,108,120,120,120,0,53,7.5,39.3,46.2,0,12.7,62.4,69.4,0
CSU,2026-08-09,139,1,0.7,1,0.7,10,49,49,49,49,35,0,55,18,84,84,84,84,0,55,7.2,35.3,35.3,0,12.9,60.4,60.4,0
CSU,2026-08-10,242,0,0,0,0,15,15,15,15,15,13,0,214,28,28,28,28,28,0,214,6.2,6.2,6.2,0,11.6,11.6,11.6,0
CUL,2026-05-18,207,0,0,0,0,9,108,141,155,181,23,3,0,18,167,177,187,204,3,0,4.3,52.2,68.1,1.4,8.7,80.7,85.5,1.4
CUL,2026-05-19,255,0,0,0,0,15,159,197,214,233,17,4,1,27,205,225,238,250,4,1,5.9,62.4,77.3,1.6,10.6,80.4,88.2,1.6
CUL,2026-05-20,235,0,0,0,0,24,153,175,183,199,29,4,3,35,196,213,219,228,4,3,10.2,65.1,74.5,1.7,14.9,83.4,90.6,1.7
CUL,2026-05-21,251,0,0,0,0,24,170,203,211,232,14,2,3,40,215,230,234,246,2,3,9.6,67.7,80.9,0.8,15.9,85.7,91.6,0.8
CUL,2026-05-22,240,0,0,0,0,32,158,184,200,217,17,4,2,42,198,211,219,234,4,2,13.3,65.8,76.7,1.7,17.5,82.5,87.9,1.7
CUL,2026-05-23,197,0,0,0,0,34,115,147,159,170,19,4,4,48,154,176,179,189,4,4,17.3,58.4,74.6,2,24.4,78.2,89.3,2
CUL,2026-05-24,177,0,0,0,0,19,118,144,155,165,7,2,3,29,148,159,169,172,2,3,10.7,66.7,81.4,1.1,16.4,83.6,89.8,1.1
CUL,2026-05-25,231,0,0,0,0,28,150,182,196,213,12,1,5,36,193,207,213,225,1,5,12.1,64.9,78.8,0.4,15.6,83.5,89.6,0.4
CUL,2026-05-26,251,1,0.4,0,0,21,143,186,200,226,19,2,4,35,216,231,237,245,2,4,8.4,57,74.1,0.8,13.9,86.1,92,0.8
CUL,2026-05-27,237,1,0.4,0,0,29,137,164,178,208,22,2,5,40,184,202,208,230,2,5,12.2,57.8,69.2,0.8,16.9,77.6,85.2,0.8
CUL,2026-05-28,228,1,0.4,0,0,18,134,159,172,193,25,3,7,27,183,197,204,218,3,7,7.9,58.8,69.7,1.3,11.8,80.3,86.4,1.3
CUL,2026-05-29,185,1,0.5,1,0.5,15,103,124,133,153,23,3,6,27,142,154,162,176,3,6,8.1,55.7,67,1.6,14.6,76.8,83.2,1.6
CUL,2026-05-30,177,1,0.6,0,0,18,98,127,140,158,17,0,2,23,133,154,161,175,0,2,10.2,55.4,71.8,0,13,75.1,87,0
CUL,2026-05-31,127,0,0,0,0,12,74,93,99,114,9,1,3,15,96,110,117,123,1,3,9.4,58.3,73.2,0.8,11.8,75.6,86.6,0.8
CUL,2026-06-01,177,1,0.6,0,0,12,99,122,129,153,20,0,4,17,133,153,165,173,0,4,6.8,55.9,68.9,0,9.6,75.1,86.4,0
CUL,2026-06-02,174,0,0,0,0,21,111,135,145,155,14,3,2,27,143,157,161,169,3,2,12.1,63.8,77.6,1.7,15.5,82.2,90.2,1.7
CUL,2026-06-03,73,2,2.7,0,0,17,42,49,54,59,9,1,4,29,58,61,65,68,1,4,23.3,57.5,67.1,1.4,39.7,79.5,83.6,1.4
DAD,2026-05-13,1,0,0,0,0,0,0,0,0,0,1,0,0,0,0,1,1,1,0,0,0,0,0,0,0,0,100,0
DEW,2026-05-08,3,0,0,0,0,0,0,0,0,0,0,0,3,0,0,0,0,0,0,3,0,0,0,0,0,0,0,0
DEW,2026-05-09,5,0,0,0,0,0,0,0,0,0,0,0,5,0,0,0,0,0,0,5,0,0,0,0,0,0,0,0
DEW,2026-05-10,2,0,0,0,0,0,0,0,0,0,0,0,2,0,0,0,0,0,0,2,0,0,0,0,0,0,0,0
DEW,2026-05-11,2,0,0,0,0,0,0,0,0,0,0,0,2,0,0,0,0,0,0,2,0,0,0,0,0,0,0,0
DEW,2026-05-12,5,0,0,0,0,0,0,1,1,1,0,1,3,0,0,1,1,1,1,3,0,0,20,20,0,0,20,20
DEW,2026-05-13,4,0,0,0,0,0,2,3,3,3,1,0,0,0,4,4,4,4,0,0,0,50,75,0,0,100,100,0
DEW,2026-05-14,11,0,0,0,0,1,7,7,8,9,1,1,0,1,8,9,10,10,1,0,9.1,63.6,63.6,9.1,9.1,72.7,81.8,9.1
DEW,2026-05-15,1,0,0,0,0,0,1,1,1,1,0,0,0,0,1,1,1,1,0,0,0,100,100,0,0,100,100,0
DEW,2026-05-16,9,0,0,0,0,1,4,5,6,6,2,1,0,1,5,6,6,8,1,0,11.1,44.4,55.6,11.1,11.1,55.6,66.7,11.1
DEW,2026-05-17,6,0,0,0,0,1,5,6,6,6,0,0,0,1,6,6,6,6,0,0,16.7,83.3,100,0,16.7,100,100,0
DEW,2026-05-18,7,0,0,0,0,0,4,7,7,7,0,0,0,0,7,7,7,7,0,0,0,57.1,100,0,0,100,100,0
DEW,2026-05-19,5,0,0,0,0,0,4,4,4,4,0,1,0,0,4,4,4,4,1,0,0,80,80,20,0,80,80,20
DEW,2026-05-20,4,0,0,0,0,1,3,3,3,3,1,0,0,1,3,4,4,4,0,0,25,75,75,0,25,75,100,0
DEW,2026-05-21,14,0,0,0,0,2,10,11,11,12,1,1,0,2,12,12,12,13,1,0,14.3,71.4,78.6,7.1,14.3,85.7,85.7,7.1
DEW,2026-05-22,7,0,0,0,0,0,4,5,6,6,1,0,0,0,6,7,7,7,0,0,0,57.1,71.4,0,0,85.7,100,0
DEW,2026-05-23,5,0,0,0,0,0,3,3,4,4,1,0,0,1,4,5,5,5,0,0,0,60,60,0,20,80,100,0
DEW,2026-05-24,3,0,0,0,0,0,1,1,1,2,0,1,0,0,1,2,2,2,1,0,0,33.3,33.3,33.3,0,33.3,66.7,33.3
DEW,2026-05-25,5,0,0,0,0,0,3,4,4,4,1,0,0,0,4,4,4,5,0,0,0,60,80,0,0,80,80,0
DEW,2026-05-26,7,0,0,0,0,1,3,6,6,6,1,0,0,1,6,7,7,7,0,0,14.3,42.9,85.7,0,14.3,85.7,100,0
DEW,2026-05-27,6,0,0,0,0,1,2,3,4,4,2,0,0,1,3,3,6,6,0,0,16.7,33.3,50,0,16.7,50,50,0
DEW,2026-05-28,2,0,0,0,0,1,2,2,2,2,0,0,0,1,2,2,2,2,0,0,50,100,100,0,50,100,100,0
DEW,2026-05-29,6,0,0,0,0,1,5,5,5,5,1,0,0,1,6,6,6,6,0,0,16.7,83.3,83.3,0,16.7,100,100,0
DEW,2026-05-30,4,0,0,0,0,0,1,1,1,2,2,0,0,1,4,4,4,4,0,0,0,25,25,0,25,100,100,0
DEW,2026-05-31,6,0,0,0,0,0,3,4,4,5,1,0,0,1,5,6,6,6,0,0,0,50,66.7,0,16.7,83.3,100,0
DEW,2026-06-01,8,0,0,0,0,0,4,5,6,6,2,0,0,0,8,8,8,8,0,0,0,50,62.5,0,0,100,100,0
DEW,2026-06-02,7,0,0,0,0,2,4,5,5,6,0,1,0,2,4,5,5,6,1,0,28.6,57.1,71.4,14.3,28.6,57.1,71.4,14.3
DEW,2026-06-03,7,0,0,0,0,0,5,6,6,6,1,0,0,1,6,7,7,7,0,0,0,71.4,85.7,0,14.3,85.7,100,0
DEW,2026-06-04,7,0,0,0,0,0,3,5,6,6,1,0,0,1,6,7,7,7,0,0,0,42.9,71.4,0,14.3,85.7,100,0
DEW,2026-06-05,3,0,0,0,0,0,0,0,1,1,1,1,0,0,1,1,2,2,1,0,0,0,0,33.3,0,33.3,33.3,33.3
DEW,2026-06-06,4,0,0,0,0,0,3,4,4,4,0,0,0,0,3,4,4,4,0,0,0,75,100,0,0,75,100,0
DEW,2026-06-07,6,0,0,0,0,2,4,4,4,6,0,0,0,2,4,4,4,6,0,0,33.3,66.7,66.7,0,33.3,66.7,66.7,0
DEW,2026-06-08,7,0,0,0,0,0,4,5,7,7,0,0,0,0,5,7,7,7,0,0,0,57.1,71.4,0,0,71.4,100,0
DEW,2026-06-09,5,0,0,0,0,1,2,2,3,4,1,0,0,1,4,4,4,5,0,0,20,40,40,0,20,80,80,0
DEW,2026-06-10,10,0,0,0,0,0,8,9,9,10,0,0,0,0,9,10,10,10,0,0,0,80,90,0,0,90,100,0
DEW,2026-06-11,5,0,0,0,0,2,3,4,4,4,1,0,0,2,5,5,5,5,0,0,40,60,80,0,40,100,100,0
DEW,2026-06-12,4,0,0,0,0,0,3,4,4,4,0,0,0,0,4,4,4,4,0,0,0,75,100,0,0,100,100,0
DEW,2026-06-13,6,0,0,0,0,0,3,3,3,4,2,0,0,1,6,6,6,6,0,0,0,50,50,0,16.7,100,100,0
DEW,2026-06-14,3,0,0,0,0,0,3,3,3,3,0,0,0,0,3,3,3,3,0,0,0,100,100,0,0,100,100,0
DEW,2026-06-15,9,0,0,0,0,1,4,5,7,8,0,1,0,1,6,6,8,8,1,0,11.1,44.4,55.6,11.1,11.1,66.7,66.7,11.1
DEW,2026-06-16,9,0,0,0,0,0,1,3,4,6,1,2,0,0,2,3,6,7,2,0,0,11.1,33.3,22.2,0,22.2,33.3,22.2
DEW,2026-06-17,4,0,0,0,0,0,1,1,2,2,2,0,0,0,4,4,4,4,0,0,0,25,25,0,0,100,100,0
DEW,2026-06-18,7,0,0,0,0,1,3,3,4,4,1,2,0,1,4,4,5,5,2,0,14.3,42.9,42.9,28.6,14.3,57.1,57.1,28.6
DEW,2026-06-19,7,0,0,0,0,1,5,5,6,6,1,0,0,1,7,7,7,7,0,0,14.3,71.4,71.4,0,14.3,100,100,0
DEW,2026-06-20,5,0,0,0,0,2,5,5,5,5,0,0,0,2,5,5,5,5,0,0,40,100,100,0,40,100,100,0
DEW,2026-06-21,5,0,0,0,0,0,2,3,3,3,2,0,0,0,4,4,5,5,0,0,0,40,60,0,0,80,80,0
DEW,2026-06-22,13,0,0,0,0,1,9,9,9,9,3,1,0,1,12,12,12,12,1,0,7.7,69.2,69.2,7.7,7.7,92.3,92.3,7.7
DEW,2026-06-23,2,0,0,0,0,0,2,2,2,2,0,0,0,0,2,2,2,2,0,0,0,100,100,0,0,100,100,0
DEW,2026-06-24,5,0,0,0,0,2,5,5,5,5,0,0,0,2,5,5,5,5,0,0,40,100,100,0,40,100,100,0
DEW,2026-06-25,9,0,0,0,0,0,5,6,7,8,1,0,0,0,6,7,8,9,0,0,0,55.6,66.7,0,0,66.7,77.8,0
DEW,2026-06-26,9,0,0,0,0,0,4,6,6,6,3,0,0,0,7,9,9,9,0,0,0,44.4,66.7,0,0,77.8,100,0
DEW,2026-06-27,4,0,0,0,0,0,1,2,3,3,1,0,0,0,2,3,4,4,0,0,0,25,50,0,0,50,75,0
DEW,2026-06-28,5,0,0,0,0,0,3,3,3,4,1,0,0,1,5,5,5,5,0,0,0,60,60,0,20,100,100,0
DEW,2026-06-29,7,0,0,0,0,0,3,5,5,6,1,0,0,0,6,6,6,7,0,0,0,42.9,71.4,0,0,85.7,85.7,0
DEW,2026-06-30,5,0,0,0,0,1,4,4,5,5,0,0,0,1,4,4,5,5,0,0,20,80,80,0,20,80,80,0
DEW,2026-07-01,3,0,0,0,0,0,3,3,3,3,0,0,0,0,3,3,3,3,0,0,0,100,100,0,0,100,100,0
DEW,2026-07-02,12,0,0,0,0,2,8,8,9,9,3,0,0,2,11,11,12,12,0,0,16.7,66.7,66.7,0,16.7,91.7,91.7,0
DEW,2026-07-03,7,0,0,0,0,0,4,4,5,5,2,0,0,0,6,6,7,7,0,0,0,57.1,57.1,0,0,85.7,85.7,0
DEW,2026-07-04,13,0,0,0,0,2,7,11,12,13,0,0,0,2,10,12,13,13,0,0,15.4,53.8,84.6,0,15.4,76.9,92.3,0
DEW,2026-07-05,1,0,0,0,0,1,1,1,1,1,0,0,0,1,1,1,1,1,0,0,100,100,100,0,100,100,100,0
DEW,2026-07-06,4,0,0,0,0,0,3,4,4,4,0,0,0,0,4,4,4,4,0,0,0,75,100,0,0,100,100,0
DEW,2026-07-07,5,0,0,0,0,0,4,4,4,4,0,1,0,1,4,4,4,4,1,0,0,80,80,20,20,80,80,20
DEW,2026-07-08,6,0,0,0,0,2,3,4,4,4,2,0,0,2,4,5,6,6,0,0,33.3,50,66.7,0,33.3,66.7,83.3,0
DEW,2026-07-09,4,0,0,0,0,0,1,1,1,2,2,0,0,0,4,4,4,4,0,0,0,25,25,0,0,100,100,0
DEW,2026-07-10,7,0,0,0,0,1,3,4,4,6,0,1,0,1,4,4,5,6,1,0,14.3,42.9,57.1,14.3,14.3,57.1,57.1,14.3
DEW,2026-07-11,7,0,0,0,0,1,4,6,6,7,0,0,0,1,6,7,7,7,0,0,14.3,57.1,85.7,0,14.3,85.7,100,0
DEW,2026-07-12,5,1,20,0,0,0,2,2,2,2,0,2,1,0,2,2,2,2,2,1,0,40,40,40,0,40,40,40
DEW,2026-07-13,15,0,0,0,0,2,9,11,12,12,2,1,0,2,12,14,14,14,1,0,13.3,60,73.3,6.7,13.3,80,93.3,6.7
DEW,2026-07-14,4,0,0,0,0,0,3,3,3,4,0,0,0,0,3,3,3,4,0,0,0,75,75,0,0,75,75,0
DEW,2026-07-15,8,0,0,0,0,0,6,7,8,8,0,0,0,0,8,8,8,8,0,0,0,75,87.5,0,0,100,100,0
DEW,2026-07-16,8,0,0,0,0,1,3,5,5,7,0,0,1,1,4,5,5,7,0,1,12.5,37.5,62.5,0,12.5,50,62.5,0
DEW,2026-07-17,4,0,0,0,0,1,4,4,4,4,0,0,0,1,4,4,4,4,0,0,25,100,100,0,25,100,100,0
DEW,2026-07-18,2,0,0,0,0,1,1,2,2,2,0,0,0,1,1,2,2,2,0,0,50,50,100,0,50,50,100,0
DEW,2026-07-19,5,0,0,0,0,0,2,2,4,4,1,0,0,0,3,4,5,5,0,0,0,40,40,0,0,60,80,0
DEW,2026-07-20,5,0,0,0,0,0,2,3,4,4,1,0,0,0,4,4,5,5,0,0,0,40,60,0,0,80,80,0
DEW,2026-07-21,6,0,0,0,0,2,4,4,5,5,0,0,1,2,5,5,5,5,0,1,33.3,66.7,66.7,0,33.3,83.3,83.3,0
DEW,2026-07-22,6,0,0,0,0,1,4,4,4,5,1,0,0,1,6,6,6,6,0,0,16.7,66.7,66.7,0,16.7,100,100,0
DEW,2026-07-23,12,0,0,0,0,1,5,5,6,7,2,0,3,2,7,8,8,9,0,3,8.3,41.7,41.7,0,16.7,58.3,66.7,0
DEW,2026-07-24,10,0,0,0,0,1,7,8,9,9,1,0,0,2,9,10,10,10,0,0,10,70,80,0,20,90,100,0
DEW,2026-07-25,3,0,0,0,0,0,2,2,2,2,0,0,1,0,2,2,2,2,0,1,0,66.7,66.7,0,0,66.7,66.7,0
DEW,2026-07-26,3,0,0,0,0,0,2,2,2,2,1,0,0,0,3,3,3,3,0,0,0,66.7,66.7,0,0,100,100,0
DEW,2026-07-27,4,0,0,0,0,0,3,3,4,4,0,0,0,0,4,4,4,4,0,0,0,75,75,0,0,100,100,0
DEW,2026-07-28,2,0,0,0,0,0,1,2,2,2,0,0,0,0,2,2,2,2,0,0,0,50,100,0,0,100,100,0
DEW,2026-07-29,6,0,0,0,0,1,5,6,6,6,0,0,0,1,5,6,6,6,0,0,16.7,83.3,100,0,16.7,83.3,100,0
DEW,2026-07-30,9,0,0,0,0,1,4,4,5,7,2,0,0,1,5,6,8,9,0,0,11.1,44.4,44.4,0,11.1,55.6,66.7,0
DEW,2026-07-31,5,0,0,0,0,0,0,1,1,4,1,0,0,0,4,4,4,5,0,0,0,0,20,0,0,80,80,0
DEW,2026-08-01,7,0,0,0,0,1,4,4,4,5,1,1,0,1,4,4,4,6,1,0,14.3,57.1,57.1,14.3,14.3,57.1,57.1,14.3
DEW,2026-08-02,3,0,0,0,0,0,1,2,2,2,0,1,0,0,2,2,2,2,1,0,0,33.3,66.7,33.3,0,66.7,66.7,33.3
DEW,2026-08-03,5,0,0,0,0,0,3,5,5,5,0,0,0,0,5,5,5,5,0,0,0,60,100,0,0,100,100,0
DEW,2026-08-04,5,0,0,0,0,1,2,3,3,3,2,0,0,2,4,5,5,5,0,0,20,40,60,0,40,80,100,0
DEW,2026-08-05,5,0,0,0,0,0,1,2,3,3,2,0,0,1,4,4,4,5,0,0,0,20,40,0,20,80,80,0
DEW,2026-08-06,10,0,0,0,0,0,5,7,7,8,1,0,1,0,9,9,9,9,0,1,0,50,70,0,0,90,90,0
DEW,2026-08-07,5,0,0,0,0,1,3,4,5,5,0,0,0,1,4,5,5,5,0,0,20,60,80,0,20,80,100,0
DEW,2026-08-08,1,0,0,0,0,1,1,1,1,1,0,0,0,1,1,1,1,1,0,0,100,100,100,0,100,100,100,0
DSH,2026-05-18,1,0,0,0,0,0,1,1,1,1,0,0,0,0,1,1,1,1,0,0,0,100,100,0,0,100,100,0
DSH,2026-06-16,2,0,0,0,0,0,0,0,1,1,0,0,1,0,1,1,1,1,0,1,0,0,0,0,0,50,50,0
DSH,2026-06-18,2,0,0,0,0,0,0,0,0,0,2,0,0,1,2,2,2,2,0,0,0,0,0,0,50,100,100,0
DSH,2026-06-19,2,0,0,0,0,0,0,0,1,1,1,0,0,0,2,2,2,2,0,0,0,0,0,0,0,100,100,0
DSH,2026-06-26,4,0,0,0,0,0,1,1,1,1,3,0,0,0,4,4,4,4,0,0,0,25,25,0,0,100,100,0
DSH,2026-07-02,1,0,0,0,0,0,0,0,0,0,1,0,0,0,0,0,0,1,0,0,0,0,0,0,0,0,0,0
EIB,2026-05-29,129,14,10.9,14,10.9,0,10,15,18,27,34,8,60,1,42,47,51,61,8,60,0,7.8,11.6,6.2,0.8,32.6,36.4,6.2
EMS,2026-05-08,14,0,0,0,0,0,0,0,0,1,3,0,10,0,0,0,0,4,0,10,0,0,0,0,0,0,0,0
EMS,2026-05-09,6,0,0,0,0,0,0,0,0,1,1,0,4,0,0,0,0,2,0,4,0,0,0,0,0,0,0,0
EMS,2026-05-11,8,0,0,0,0,0,0,0,1,1,1,0,6,0,0,0,1,2,0,6,0,0,0,0,0,0,0,0
EMS,2026-05-12,6,0,0,0,0,0,0,1,2,3,0,0,3,0,0,3,3,3,0,3,0,0,16.7,0,0,0,50,0
EMS,2026-05-13,16,0,0,0,0,0,9,12,12,12,4,0,0,0,14,15,16,16,0,0,0,56.3,75,0,0,87.5,93.8,0
EMS,2026-05-14,18,0,0,0,0,0,3,3,4,7,11,0,0,0,14,16,16,18,0,0,0,16.7,16.7,0,0,77.8,88.9,0
EMS,2026-05-15,1,0,0,0,0,0,1,1,1,1,0,0,0,0,1,1,1,1,0,0,0,100,100,0,0,100,100,0
EMS,2026-05-16,10,0,0,0,0,0,3,8,8,10,0,0,0,0,8,10,10,10,0,0,0,30,80,0,0,80,100,0
EMS,2026-05-18,11,0,0,0,0,1,3,4,5,6,4,0,1,1,9,10,10,10,0,1,9.1,27.3,36.4,0,9.1,81.8,90.9,0
EMS,2026-05-19,7,0,0,0,0,0,2,4,4,5,1,0,1,1,4,5,5,6,0,1,0,28.6,57.1,0,14.3,57.1,71.4,0
EMS,2026-05-20,2,0,0,0,0,1,2,2,2,2,0,0,0,1,2,2,2,2,0,0,50,100,100,0,50,100,100,0
EMS,2026-05-21,5,0,0,0,0,0,1,1,2,3,2,0,0,0,4,4,4,5,0,0,0,20,20,0,0,80,80,0
EMS,2026-05-22,7,0,0,0,0,0,5,5,5,5,1,0,1,0,5,6,6,6,0,1,0,71.4,71.4,0,0,71.4,85.7,0
EMS,2026-05-23,4,0,0,0,0,0,4,4,4,4,0,0,0,0,4,4,4,4,0,0,0,100,100,0,0,100,100,0
EMS,2026-05-25,1,0,0,0,0,0,0,0,0,0,1,0,0,0,1,1,1,1,0,0,0,0,0,0,0,100,100,0
EMS,2026-05-26,3,0,0,0,0,2,2,3,3,3,0,0,0,2,3,3,3,3,0,0,66.7,66.7,100,0,66.7,100,100,0
EMS,2026-05-27,3,0,0,0,0,0,1,1,1,1,2,0,0,0,3,3,3,3,0,0,0,33.3,33.3,0,0,100,100,0
EMS,2026-05-28,3,0,0,0,0,0,0,0,0,2,1,0,0,0,1,1,2,3,0,0,0,0,0,0,0,33.3,33.3,0
EMS,2026-05-29,3,0,0,0,0,0,2,2,2,2,1,0,0,0,3,3,3,3,0,0,0,66.7,66.7,0,0,100,100,0
EMS,2026-06-01,5,0,0,0,0,0,2,3,5,5,0,0,0,0,5,5,5,5,0,0,0,40,60,0,0,100,100,0
EMS,2026-06-02,5,0,0,0,0,0,4,4,5,5,0,0,0,0,5,5,5,5,0,0,0,80,80,0,0,100,100,0
EMS,2026-06-03,3,0,0,0,0,0,2,2,2,2,1,0,0,0,3,3,3,3,0,0,0,66.7,66.7,0,0,100,100,0
EMS,2026-06-04,1,0,0,0,0,0,1,1,1,1,0,0,0,0,1,1,1,1,0,0,0,100,100,0,0,100,100,0
EMS,2026-06-05,2,0,0,0,0,0,2,2,2,2,0,0,0,0,2,2,2,2,0,0,0,100,100,0,0,100,100,0
EMS,2026-06-06,1,0,0,0,0,0,0,0,1,1,0,0,0,0,1,1,1,1,0,0,0,0,0,0,0,100,100,0
EMS,2026-06-08,1,0,0,0,0,0,0,0,0,0,0,0,1,0,0,0,0,0,0,1,0,0,0,0,0,0,0,0
EMS,2026-06-09,9,0,0,0,0,1,5,6,7,7,2,0,0,2,9,9,9,9,0,0,11.1,55.6,66.7,0,22.2,100,100,0
EMS,2026-06-10,3,0,0,0,0,0,2,2,2,2,1,0,0,0,2,2,3,3,0,0,0,66.7,66.7,0,0,66.7,66.7,0
EMS,2026-06-12,2,0,0,0,0,0,1,1,1,2,0,0,0,1,2,2,2,2,0,0,0,50,50,0,50,100,100,0
EMS,2026-06-13,6,0,0,0,0,0,0,4,4,6,0,0,0,0,6,6,6,6,0,0,0,0,66.7,0,0,100,100,0
EMS,2026-06-15,3,0,0,0,0,0,0,1,1,1,2,0,0,0,3,3,3,3,0,0,0,0,33.3,0,0,100,100,0
EMS,2026-06-16,4,0,0,0,0,1,2,2,3,4,0,0,0,1,2,4,4,4,0,0,25,50,50,0,25,50,100,0
EMS,2026-06-18,2,0,0,0,0,0,0,0,2,2,0,0,0,0,2,2,2,2,0,0,0,0,0,0,0,100,100,0
EMS,2026-06-19,1,0,0,0,0,0,1,1,1,1,0,0,0,0,1,1,1,1,0,0,0,100,100,0,0,100,100,0
EMS,2026-06-20,9,0,0,0,0,0,0,1,4,7,2,0,0,0,3,8,9,9,0,0,0,0,11.1,0,0,33.3,88.9,0
EMS,2026-06-22,3,0,0,0,0,0,0,0,1,2,1,0,0,0,2,2,3,3,0,0,0,0,0,0,0,66.7,66.7,0
EMS,2026-06-23,1,0,0,0,0,0,0,0,0,0,1,0,0,0,1,1,1,1,0,0,0,0,0,0,0,100,100,0
EMS,2026-06-24,2,0,0,0,0,0,0,0,0,0,2,0,0,0,2,2,2,2,0,0,0,0,0,0,0,100,100,0
EMS,2026-06-25,2,0,0,0,0,0,1,2,2,2,0,0,0,0,2,2,2,2,0,0,0,50,100,0,0,100,100,0
EMS,2026-06-29,11,0,0,0,0,0,2,5,6,6,5,0,0,0,8,10,10,11,0,0,0,18.2,45.5,0,0,72.7,90.9,0
EMS,2026-06-30,4,0,0,0,0,0,3,3,3,3,1,0,0,1,4,4,4,4,0,0,0,75,75,0,25,100,100,0
EMS,2026-07-02,4,0,0,0,0,0,3,3,3,4,0,0,0,0,4,4,4,4,0,0,0,75,75,0,0,100,100,0
EMS,2026-07-03,4,0,0,0,0,0,2,2,2,2,2,0,0,0,4,4,4,4,0,0,0,50,50,0,0,100,100,0
EMS,2026-07-06,7,0,0,0,0,0,3,4,4,4,3,0,0,0,4,6,6,7,0,0,0,42.9,57.1,0,0,57.1,85.7,0
EMS,2026-07-08,18,0,0,0,0,0,5,10,12,15,1,0,2,0,10,13,14,16,0,2,0,27.8,55.6,0,0,55.6,72.2,0
EMS,2026-07-09,4,0,0,0,0,0,2,3,3,3,1,0,0,1,4,4,4,4,0,0,0,50,75,0,25,100,100,0
EMS,2026-07-11,5,0,0,0,0,0,0,1,1,2,3,0,0,2,5,5,5,5,0,0,0,0,20,0,40,100,100,0
EMS,2026-07-13,6,0,0,0,0,0,4,6,6,6,0,0,0,0,6,6,6,6,0,0,0,66.7,100,0,0,100,100,0
EMS,2026-07-14,4,0,0,0,0,0,0,1,1,2,2,0,0,0,1,2,2,4,0,0,0,0,25,0,0,25,50,0
EMS,2026-07-15,1,0,0,0,0,0,0,0,0,0,1,0,0,0,0,1,1,1,0,0,0,0,0,0,0,0,100,0
EMS,2026-07-16,7,0,0,0,0,0,4,6,6,7,0,0,0,0,6,6,6,7,0,0,0,57.1,85.7,0,0,85.7,85.7,0
EMS,2026-07-17,1,0,0,0,0,0,0,1,1,1,0,0,0,0,1,1,1,1,0,0,0,0,100,0,0,100,100,0
EMS,2026-07-18,3,1,33.3,0,0,0,0,1,1,1,2,0,0,0,2,2,2,3,0,0,0,0,33.3,0,0,66.7,66.7,0
EMS,2026-07-21,4,1,25,0,0,0,1,1,2,2,2,0,0,0,4,4,4,4,0,0,0,25,25,0,0,100,100,0
EMS,2026-07-23,9,0,0,0,0,0,2,2,3,5,4,0,0,0,8,9,9,9,0,0,0,22.2,22.2,0,0,88.9,100,0
EMS,2026-07-24,1,0,0,0,0,0,1,1,1,1,0,0,0,0,1,1,1,1,0,0,0,100,100,0,0,100,100,0
EMS,2026-07-25,2,0,0,0,0,0,1,1,1,2,0,0,0,0,1,1,1,2,0,0,0,50,50,0,0,50,50,0
EMS,2026-07-27,1,0,0,0,0,0,1,1,1,1,0,0,0,0,1,1,1,1,0,0,0,100,100,0,0,100,100,0
EMS,2026-07-28,2,0,0,0,0,0,1,1,1,1,1,0,0,0,2,2,2,2,0,0,0,50,50,0,0,100,100,0
EMS,2026-07-29,4,0,0,0,0,0,1,2,3,4,0,0,0,0,2,4,4,4,0,0,0,25,50,0,0,50,100,0
EMS,2026-07-30,4,0,0,0,0,0,1,2,2,3,1,0,0,1,4,4,4,4,0,0,0,25,50,0,25,100,100,0
EMS,2026-07-31,2,0,0,0,0,0,0,0,0,1,1,0,0,0,2,2,2,2,0,0,0,0,0,0,0,100,100,0
EMS,2026-08-02,3,0,0,0,0,0,2,2,2,3,0,0,0,0,2,2,2,3,0,0,0,66.7,66.7,0,0,66.7,66.7,0
EMS,2026-08-03,13,0,0,0,0,0,8,10,11,12,1,0,0,1,11,11,13,13,0,0,0,61.5,76.9,0,7.7,84.6,84.6,0
EMS,2026-08-04,4,1,25,0,0,0,0,1,1,1,2,0,1,0,2,3,3,3,0,1,0,0,25,0,0,50,75,0
EMS,2026-08-06,16,0,0,0,0,1,4,5,6,6,8,0,2,4,10,14,14,14,0,2,6.3,25,31.3,0,25,62.5,87.5,0
EMS,2026-08-07,10,0,0,0,0,0,4,5,5,5,4,0,1,0,7,8,9,9,0,1,0,40,50,0,0,70,80,0
EMS,2026-08-08,1,0,0,0,0,0,0,0,0,0,0,0,1,0,0,0,0,0,0,1,0,0,0,0,0,0,0,0
EMS,2026-08-10,1,0,0,0,0,0,0,0,0,0,0,0,1,0,0,0,0,0,0,1,0,0,0,0,0,0,0,0
ESA,2026-05-09,2,0,0,0,0,0,0,0,0,0,0,0,2,0,0,0,0,0,0,2,0,0,0,0,0,0,0,0
ESA,2026-05-11,2,0,0,0,0,0,0,0,0,1,0,0,1,0,0,0,0,1,0,1,0,0,0,0,0,0,0,0
ESA,2026-05-15,3,0,0,0,0,0,2,2,3,3,0,0,0,0,3,3,3,3,0,0,0,66.7,66.7,0,0,100,100,0
ESA,2026-05-17,1,0,0,0,0,0,1,1,1,1,0,0,0,0,1,1,1,1,0,0,0,100,100,0,0,100,100,0
ESA,2026-05-18,1,0,0,0,0,0,1,1,1,1,0,0,0,0,1,1,1,1,0,0,0,100,100,0,0,100,100,0
ESA,2026-05-24,1,0,0,0,0,0,0,0,0,0,0,0,1,0,0,0,0,0,0,1,0,0,0,0,0,0,0,0
ESA,2026-05-26,1,0,0,0,0,0,1,1,1,1,0,0,0,0,1,1,1,1,0,0,0,100,100,0,0,100,100,0
ESA,2026-05-28,1,0,0,0,0,0,1,1,1,1,0,0,0,0,1,1,1,1,0,0,0,100,100,0,0,100,100,0
ESA,2026-06-03,1,0,0,0,0,0,0,0,0,0,1,0,0,0,1,1,1,1,0,0,0,0,0,0,0,100,100,0
ESA,2026-06-06,2,0,0,0,0,0,0,2,2,2,0,0,0,0,1,2,2,2,0,0,0,0,100,0,0,50,100,0
ESA,2026-06-09,2,0,0,0,0,0,0,1,1,1,1,0,0,0,2,2,2,2,0,0,0,0,50,0,0,100,100,0
ESA,2026-06-10,3,0,0,0,0,0,1,1,2,3,0,0,0,0,1,2,3,3,0,0,0,33.3,33.3,0,0,33.3,66.7,0
ESA,2026-06-11,1,0,0,0,0,0,1,1,1,1,0,0,0,0,1,1,1,1,0,0,0,100,100,0,0,100,100,0
ESA,2026-06-13,3,0,0,0,0,0,2,2,2,2,1,0,0,1,3,3,3,3,0,0,0,66.7,66.7,0,33.3,100,100,0
ESA,2026-06-14,3,0,0,0,0,0,0,0,0,0,1,0,2,0,1,1,1,1,0,2,0,0,0,0,0,33.3,33.3,0
ESA,2026-06-15,1,0,0,0,0,0,1,1,1,1,0,0,0,0,1,1,1,1,0,0,0,100,100,0,0,100,100,0
ESA,2026-06-16,2,0,0,0,0,0,2,2,2,2,0,0,0,0,2,2,2,2,0,0,0,100,100,0,0,100,100,0
ESA,2026-06-17,4,0,0,0,0,0,2,3,3,3,1,0,0,0,4,4,4,4,0,0,0,50,75,0,0,100,100,0
ESA,2026-06-18,1,0,0,0,0,0,0,0,0,0,0,0,1,0,0,0,0,0,0,1,0,0,0,0,0,0,0,0
ESA,2026-06-20,1,0,0,0,0,1,1,1,1,1,0,0,0,1,1,1,1,1,0,0,100,100,100,0,100,100,100,0
ESA,2026-06-22,2,0,0,0,0,0,2,2,2,2,0,0,0,0,2,2,2,2,0,0,0,100,100,0,0,100,100,0
ESA,2026-06-23,2,0,0,0,0,0,0,0,0,0,1,0,1,0,1,1,1,1,0,1,0,0,0,0,0,50,50,0
ESA,2026-06-25,1,0,0,0,0,1,1,1,1,1,0,0,0,1,1,1,1,1,0,0,100,100,100,0,100,100,100,0
ESA,2026-06-26,1,0,0,0,0,0,0,0,0,1,0,0,0,0,1,1,1,1,0,0,0,0,0,0,0,100,100,0
ESA,2026-06-27,1,0,0,0,0,0,1,1,1,1,0,0,0,0,1,1,1,1,0,0,0,100,100,0,0,100,100,0
ESA,2026-06-29,1,0,0,0,0,0,0,0,0,0,1,0,0,0,1,1,1,1,0,0,0,0,0,0,0,100,100,0
ESA,2026-06-30,2,0,0,0,0,0,0,1,2,2,0,0,0,0,1,2,2,2,0,0,0,0,50,0,0,50,100,0
ESA,2026-07-01,2,0,0,0,0,1,1,1,1,1,1,0,0,1,2,2,2,2,0,0,50,50,50,0,50,100,100,0
ESA,2026-07-02,1,0,0,0,0,0,1,1,1,1,0,0,0,0,1,1,1,1,0,0,0,100,100,0,0,100,100,0
ESA,2026-07-03,2,0,0,0,0,0,0,0,0,1,1,0,0,0,2,2,2,2,0,0,0,0,0,0,0,100,100,0
ESA,2026-07-04,1,0,0,0,0,0,0,0,0,0,1,0,0,0,1,1,1,1,0,0,0,0,0,0,0,100,100,0
ESA,2026-07-06,1,1,100,1,100,0,0,0,0,0,1,0,0,1,1,1,1,1,0,0,0,0,0,0,100,100,100,0
ESA,2026-07-08,2,0,0,0,0,1,1,1,1,1,1,0,0,1,2,2,2,2,0,0,50,50,50,0,50,100,100,0
ESA,2026-07-09,1,0,0,0,0,0,0,0,0,0,1,0,0,0,1,1,1,1,0,0,0,0,0,0,0,100,100,0
ESA,2026-07-10,3,0,0,0,0,1,2,3,3,3,0,0,0,1,3,3,3,3,0,0,33.3,66.7,100,0,33.3,100,100,0
ESA,2026-07-11,1,0,0,0,0,0,0,0,0,0,1,0,0,0,0,1,1,1,0,0,0,0,0,0,0,0,100,0
ESA,2026-07-13,1,0,0,0,0,0,0,0,0,0,1,0,0,0,1,1,1,1,0,0,0,0,0,0,0,100,100,0
ESA,2026-07-15,2,0,0,0,0,0,0,0,0,0,2,0,0,0,1,1,1,2,0,0,0,0,0,0,0,50,50,0
ESA,2026-07-17,1,0,0,0,0,0,1,1,1,1,0,0,0,0,1,1,1,1,0,0,0,100,100,0,0,100,100,0
ESA,2026-07-18,2,0,0,0,0,0,1,1,1,1,0,0,1,0,1,1,1,1,0,1,0,50,50,0,0,50,50,0
ESA,2026-07-19,1,0,0,0,0,0,0,0,0,0,1,0,0,0,1,1,1,1,0,0,0,0,0,0,0,100,100,0
ESA,2026-07-20,2,1,50,0,0,0,1,1,1,1,1,0,0,0,2,2,2,2,0,0,0,50,50,0,0,100,100,0
ESA,2026-07-23,1,0,0,0,0,0,0,0,0,0,0,0,1,0,0,0,0,0,0,1,0,0,0,0,0,0,0,0
ESA,2026-07-28,1,0,0,0,0,0,1,1,1,1,0,0,0,0,1,1,1,1,0,0,0,100,100,0,0,100,100,0
ESA,2026-07-29,1,0,0,0,0,0,0,1,1,1,0,0,0,1,1,1,1,1,0,0,0,0,100,0,100,100,100,0
ESA,2026-07-30,3,0,0,0,0,0,2,2,2,2,0,0,1,0,2,2,2,2,0,1,0,66.7,66.7,0,0,66.7,66.7,0
ESA,2026-07-31,1,1,100,0,0,0,0,0,0,0,1,0,0,0,1,1,1,1,0,0,0,0,0,0,0,100,100,0
ESA,2026-08-04,1,0,0,0,0,0,0,0,0,0,1,0,0,0,1,1,1,1,0,0,0,0,0,0,0,100,100,0
ESA,2026-08-06,1,0,0,0,0,0,1,1,1,1,0,0,0,0,1,1,1,1,0,0,0,100,100,0,0,100,100,0
FAS,2026-05-08,41,1,2.4,0,0,0,0,0,0,0,0,0,41,0,0,0,0,0,0,41,0,0,0,0,0,0,0,0
FAS,2026-05-09,41,0,0,0,0,0,0,0,0,2,0,0,39,0,0,0,0,2,0,39,0,0,0,0,0,0,0,0
FAS,2026-05-10,35,0,0,0,0,0,0,0,0,0,0,0,35,0,0,0,0,0,0,35,0,0,0,0,0,0,0,0
FAS,2026-05-11,28,0,0,0,0,0,0,0,0,1,0,0,27,0,0,0,0,1,0,27,0,0,0,0,0,0,0,0
FAS,2026-05-12,38,0,0,0,0,0,0,5,8,10,2,0,26,0,0,8,10,12,0,26,0,0,13.2,0,0,0,21.1,0
FAS,2026-05-13,22,0,0,0,0,0,14,17,18,18,0,0,4,0,17,17,18,18,0,4,0,63.6,77.3,0,0,77.3,77.3,0
FAS,2026-05-14,34,0,0,0,0,2,28,31,31,32,2,0,0,3,30,33,34,34,0,0,5.9,82.4,91.2,0,8.8,88.2,97.1,0
FAS,2026-05-15,29,0,0,0,0,11,24,24,24,25,3,1,0,13,26,26,26,28,1,0,37.9,82.8,82.8,3.4,44.8,89.7,89.7,3.4
FAS,2026-05-16,43,0,0,0,0,20,35,40,40,42,0,1,0,21,39,41,41,42,1,0,46.5,81.4,93,2.3,48.8,90.7,95.3,2.3
FAS,2026-05-18,64,1,1.6,0,0,17,48,55,57,57,5,2,0,22,58,61,62,62,2,0,26.6,75,85.9,3.1,34.4,90.6,95.3,3.1
FAS,2026-05-19,31,2,6.5,2,6.5,5,18,23,24,25,4,0,2,14,25,29,29,29,0,2,16.1,58.1,74.2,0,45.2,80.6,93.5,0
FAS,2026-05-20,32,0,0,0,0,8,26,26,26,26,2,1,3,11,28,28,28,28,1,3,25,81.3,81.3,3.1,34.4,87.5,87.5,3.1
FAS,2026-05-21,46,0,0,0,0,7,35,39,39,40,5,1,0,9,39,43,43,45,1,0,15.2,76.1,84.8,2.2,19.6,84.8,93.5,2.2
FAS,2026-05-22,33,0,0,0,0,7,24,32,33,33,0,0,0,9,27,33,33,33,0,0,21.2,72.7,97,0,27.3,81.8,100,0
FAS,2026-05-23,18,0,0,0,0,3,10,13,14,15,2,1,0,4,13,16,17,17,1,0,16.7,55.6,72.2,5.6,22.2,72.2,88.9,5.6
FAS,2026-05-25,64,1,1.6,1,1.6,8,43,53,58,61,2,0,1,8,50,55,61,63,0,1,12.5,67.2,82.8,0,12.5,78.1,85.9,0
FAS,2026-05-26,37,0,0,0,0,7,28,29,29,35,2,0,0,8,31,31,32,37,0,0,18.9,75.7,78.4,0,21.6,83.8,83.8,0
FAS,2026-05-27,30,0,0,0,0,6,25,27,29,29,1,0,0,8,27,29,29,30,0,0,20,83.3,90,0,26.7,90,96.7,0
FAS,2026-05-28,19,0,0,0,0,4,16,18,18,18,1,0,0,4,18,18,18,19,0,0,21.1,84.2,94.7,0,21.1,94.7,94.7,0
FAS,2026-05-29,32,0,0,0,0,3,23,27,28,31,1,0,0,6,31,31,32,32,0,0,9.4,71.9,84.4,0,18.8,96.9,96.9,0
FAS,2026-05-30,30,0,0,0,0,2,20,25,26,27,1,1,1,4,22,28,28,28,1,1,6.7,66.7,83.3,3.3,13.3,73.3,93.3,3.3
FAS,2026-06-01,53,0,0,0,0,12,44,49,49,52,1,0,0,12,49,49,50,53,0,0,22.6,83,92.5,0,22.6,92.5,92.5,0
FAS,2026-06-02,44,0,0,0,0,18,38,38,40,43,0,0,1,20,40,40,42,43,0,1,40.9,86.4,86.4,0,45.5,90.9,90.9,0
FAS,2026-06-03,21,0,0,0,0,4,18,19,19,21,0,0,0,4,20,20,20,21,0,0,19,85.7,90.5,0,19,95.2,95.2,0
FAS,2026-06-04,12,0,0,0,0,0,6,9,10,10,1,0,1,1,9,11,11,11,0,1,0,50,75,0,8.3,75,91.7,0
FAS,2026-06-05,30,0,0,0,0,6,18,21,28,29,0,1,0,6,20,21,28,29,1,0,20,60,70,3.3,20,66.7,70,3.3
FAS,2026-06-06,17,1,5.9,0,0,2,11,11,11,12,4,0,1,2,11,11,11,16,0,1,11.8,64.7,64.7,0,11.8,64.7,64.7,0
FAS,2026-06-08,30,0,0,0,0,8,24,27,28,28,2,0,0,8,26,27,28,29,0,1,26.7,80,90,0,26.7,86.7,90,0
FAS,2026-06-09,22,0,0,0,0,4,16,20,21,21,1,0,0,4,17,21,22,22,0,0,18.2,72.7,90.9,0,18.2,77.3,95.5,0
FAS,2026-06-10,23,1,4.3,0,0,2,12,16,16,19,1,1,2,5,16,17,17,20,1,2,8.7,52.2,69.6,4.3,21.7,69.6,73.9,4.3
FAS,2026-06-11,9,0,0,0,0,1,6,7,9,9,0,0,0,1,7,8,9,9,0,0,11.1,66.7,77.8,0,11.1,77.8,88.9,0
FAS,2026-06-12,37,1,2.7,0,0,4,25,29,30,32,4,0,1,6,31,34,35,36,0,1,10.8,67.6,78.4,0,16.2,83.8,91.9,0
FAS,2026-06-13,17,0,0,0,0,2,11,11,11,12,2,0,3,5,11,12,12,14,0,3,11.8,64.7,64.7,0,29.4,64.7,70.6,0
FAS,2026-06-15,54,0,0,0,0,13,41,51,52,53,1,0,0,13,49,53,54,54,0,0,24.1,75.9,94.4,0,24.1,90.7,98.1,0
FAS,2026-06-16,17,0,0,0,0,2,9,13,14,15,0,2,0,2,12,14,14,15,2,0,11.8,52.9,76.5,11.8,11.8,70.6,82.4,11.8
FAS,2026-06-17,25,0,0,0,0,3,15,16,19,20,1,3,1,3,17,18,20,21,3,1,12,60,64,12,12,68,72,12
FAS,2026-06-18,29,0,0,0,0,2,24,24,24,25,2,2,0,4,25,25,25,27,2,0,6.9,82.8,82.8,6.9,13.8,86.2,86.2,6.9
FAS,2026-06-19,22,0,0,0,0,2,13,16,18,21,1,0,0,3,19,21,21,22,0,0,9.1,59.1,72.7,0,13.6,86.4,95.5,0
FAS,2026-06-20,23,0,0,0,0,11,18,22,23,23,0,0,0,11,22,23,23,23,0,0,47.8,78.3,95.7,0,47.8,95.7,100,0
FAS,2026-06-22,51,0,0,0,0,11,39,47,49,49,2,0,0,17,47,48,51,51,0,0,21.6,76.5,92.2,0,33.3,92.2,94.1,0
FAS,2026-06-23,22,0,0,0,0,6,16,17,19,19,3,0,0,7,19,22,22,22,0,0,27.3,72.7,77.3,0,31.8,86.4,100,0
FAS,2026-06-24,22,0,0,0,0,7,16,17,17,18,1,3,0,7,19,19,19,19,3,0,31.8,72.7,77.3,13.6,31.8,86.4,86.4,13.6
FAS,2026-06-25,21,0,0,0,0,0,14,18,18,21,0,0,0,0,16,18,18,21,0,0,0,66.7,85.7,0,0,76.2,85.7,0
FAS,2026-06-26,22,0,0,0,0,3,16,18,19,19,1,2,0,4,19,19,20,20,2,0,13.6,72.7,81.8,9.1,18.2,86.4,86.4,9.1
FAS,2026-06-27,17,0,0,0,0,0,11,15,16,16,0,1,0,0,15,16,16,16,1,0,0,64.7,88.2,5.9,0,88.2,94.1,5.9
FAS,2026-06-29,43,0,0,0,0,7,34,40,40,40,3,0,0,8,38,42,43,43,0,0,16.3,79.1,93,0,18.6,88.4,97.7,0
FAS,2026-06-30,14,0,0,0,0,0,12,13,13,13,1,0,0,0,13,14,14,14,0,0,0,85.7,92.9,0,0,92.9,100,0
FAS,2026-07-01,17,0,0,0,0,1,14,15,15,16,1,0,0,2,16,17,17,17,0,0,5.9,82.4,88.2,0,11.8,94.1,100,0
FAS,2026-07-02,12,0,0,0,0,1,8,9,9,11,1,0,0,1,9,10,10,12,0,0,8.3,66.7,75,0,8.3,75,83.3,0
FAS,2026-07-03,15,0,0,0,0,4,10,10,10,13,1,1,0,4,11,13,14,14,1,0,26.7,66.7,66.7,6.7,26.7,73.3,86.7,6.7
FAS,2026-07-04,13,0,0,0,0,2,5,8,9,13,0,0,0,4,8,11,13,13,0,0,15.4,38.5,61.5,0,30.8,61.5,84.6,0
FAS,2026-07-06,49,0,0,0,0,11,40,44,45,48,1,0,0,14,45,46,47,49,0,0,22.4,81.6,89.8,0,28.6,91.8,93.9,0
FAS,2026-07-07,24,0,0,0,0,12,19,20,21,23,0,1,0,12,20,20,22,23,1,0,50,79.2,83.3,4.2,50,83.3,83.3,4.2
FAS,2026-07-08,16,0,0,0,0,4,12,14,14,15,1,0,0,5,14,15,15,16,0,0,25,75,87.5,0,31.3,87.5,93.8,0
FAS,2026-07-09,9,0,0,0,0,1,5,6,7,9,0,0,0,2,6,7,7,9,0,0,11.1,55.6,66.7,0,22.2,66.7,77.8,0
FAS,2026-07-10,19,0,0,0,0,8,11,14,15,18,1,0,0,9,15,16,17,19,0,0,42.1,57.9,73.7,0,47.4,78.9,84.2,0
FAS,2026-07-11,22,0,0,0,0,4,9,13,14,20,2,0,0,5,10,16,17,22,0,0,18.2,40.9,59.1,0,22.7,45.5,72.7,0
FAS,2026-07-13,45,0,0,0,0,12,30,37,38,42,2,1,0,14,35,39,40,44,1,0,26.7,66.7,82.2,2.2,31.1,77.8,86.7,2.2
FAS,2026-07-14,22,0,0,0,0,0,17,21,21,21,0,0,1,0,21,21,21,21,0,1,0,77.3,95.5,0,0,95.5,95.5,0
FAS,2026-07-15,23,0,0,0,0,6,14,15,17,21,2,0,0,8,16,17,18,23,0,0,26.1,60.9,65.2,0,34.8,69.6,73.9,0
FAS,2026-07-16,22,0,0,0,0,4,13,17,18,20,1,1,0,5,17,19,20,21,1,0,18.2,59.1,77.3,4.5,22.7,77.3,86.4,4.5
FAS,2026-07-17,26,0,0,0,0,5,15,16,19,23,1,1,1,6,17,18,21,24,1,1,19.2,57.7,61.5,3.8,23.1,65.4,69.2,3.8
FAS,2026-07-18,21,0,0,0,0,4,13,16,16,19,2,0,0,6,18,20,21,21,0,0,19,61.9,76.2,0,28.6,85.7,95.2,0
FAS,2026-07-20,84,0,0,0,0,23,62,67,69,82,0,1,1,26,69,72,73,82,1,1,27.4,73.8,79.8,1.2,31,82.1,85.7,1.2
FAS,2026-07-21,17,0,0,0,0,1,7,9,12,15,0,1,1,2,8,12,12,15,1,1,5.9,41.2,52.9,5.9,11.8,47.1,70.6,5.9
FAS,2026-07-22,30,0,0,0,0,4,21,27,28,29,1,0,0,7,27,29,29,30,0,0,13.3,70,90,0,23.3,90,96.7,0
FAS,2026-07-23,28,0,0,0,0,9,24,27,27,27,1,0,0,10,28,28,28,28,0,0,32.1,85.7,96.4,0,35.7,100,100,0
FAS,2026-07-24,36,0,0,0,0,4,31,34,35,35,1,0,0,6,32,35,35,36,0,0,11.1,86.1,94.4,0,16.7,88.9,97.2,0
FAS,2026-07-25,12,0,0,0,0,3,11,12,12,12,0,0,0,5,11,12,12,12,0,0,25,91.7,100,0,41.7,91.7,100,0
FAS,2026-07-27,63,0,0,0,0,28,51,56,56,59,4,0,0,35,58,61,61,63,0,0,44.4,81,88.9,0,55.6,92.1,96.8,0
FAS,2026-07-28,18,0,0,0,0,7,17,17,17,18,0,0,0,8,17,17,17,18,0,0,38.9,94.4,94.4,0,44.4,94.4,94.4,0
FAS,2026-07-29,22,0,0,0,0,6,17,20,20,21,1,0,0,6,19,22,22,22,0,0,27.3,77.3,90.9,0,27.3,86.4,100,0
FAS,2026-07-30,16,0,0,0,0,4,10,12,12,15,1,0,0,4,14,15,15,16,0,0,25,62.5,75,0,25,87.5,93.8,0
FAS,2026-07-31,18,0,0,0,0,8,16,16,16,18,0,0,0,10,17,17,17,18,0,0,44.4,88.9,88.9,0,55.6,94.4,94.4,0
FAS,2026-08-01,22,0,0,0,0,5,11,18,19,20,2,0,0,6,13,21,21,22,0,0,22.7,50,81.8,0,27.3,59.1,95.5,0
FAS,2026-08-03,33,0,0,0,0,12,28,29,32,33,0,0,0,15,30,32,32,33,0,0,36.4,84.8,87.9,0,45.5,90.9,97,0
FAS,2026-08-04,17,0,0,0,0,3,13,17,17,17,0,0,0,3,14,17,17,17,0,0,17.6,76.5,100,0,17.6,82.4,100,0
FAS,2026-08-05,33,0,0,0,0,5,24,26,28,29,1,0,3,8,27,28,30,30,0,3,15.2,72.7,78.8,0,24.2,81.8,84.8,0
FAS,2026-08-06,21,0,0,0,0,6,17,20,20,20,1,0,0,6,21,21,21,21,0,0,28.6,81,95.2,0,28.6,100,100,0
FAS,2026-08-07,19,0,0,0,0,6,13,16,17,17,2,0,0,8,15,18,19,19,0,0,31.6,68.4,84.2,0,42.1,78.9,94.7,0
FAS,2026-08-08,12,0,0,0,0,2,7,10,10,10,0,0,2,3,8,10,10,10,0,2,16.7,58.3,83.3,0,25,66.7,83.3,0
FAS,2026-08-10,31,0,0,0,0,7,7,7,7,7,0,0,24,7,7,7,7,7,0,24,22.6,22.6,22.6,0,22.6,22.6,22.6,0
FBD,2026-05-08,58,0,0,0,0,0,0,0,0,2,1,0,55,0,0,0,0,3,0,55,0,0,0,0,0,0,0,0
FBD,2026-05-09,39,1,2.6,0,0,0,0,0,0,1,3,0,35,0,0,0,0,4,0,35,0,0,0,0,0,0,0,0
FBD,2026-05-10,41,0,0,0,0,0,0,0,0,6,3,1,31,0,0,0,0,9,1,31,0,0,0,2.4,0,0,0,2.4
FBD,2026-05-11,45,0,0,0,0,0,0,0,4,6,3,1,35,0,0,0,5,8,1,36,0,0,0,2.2,0,0,0,2.2
FBD,2026-05-12,41,0,0,0,0,0,0,10,12,15,3,0,23,0,0,14,16,18,0,23,0,0,24.4,0,0,0,34.1,0
FBD,2026-05-13,46,0,0,0,0,0,25,28,31,35,4,1,6,0,33,36,36,39,1,6,0,54.3,60.9,2.2,0,71.7,78.3,2.2
FBD,2026-05-14,36,0,0,0,0,5,18,27,29,30,6,0,0,8,30,31,32,36,0,0,13.9,50,75,0,22.2,83.3,86.1,0
FBD,2026-05-15,59,0,0,0,0,4,30,43,46,55,2,1,1,5,48,52,54,57,1,1,6.8,50.8,72.9,1.7,8.5,81.4,88.1,1.7
FBD,2026-05-16,37,0,0,0,0,3,18,24,25,31,3,1,2,6,27,30,31,34,1,2,8.1,48.6,64.9,2.7,16.2,73,81.1,2.7
FBD,2026-05-17,39,0,0,0,0,5,20,26,31,36,3,0,0,6,28,33,35,39,0,0,12.8,51.3,66.7,0,15.4,71.8,84.6,0
FBD,2026-05-18,47,0,0,0,0,2,23,29,32,38,6,1,2,5,32,36,38,44,1,2,4.3,48.9,61.7,2.1,10.6,68.1,76.6,2.1
FBD,2026-05-19,41,0,0,0,0,4,21,28,31,36,4,1,0,6,33,37,39,40,1,0,9.8,51.2,68.3,2.4,14.6,80.5,90.2,2.4
FBD,2026-05-20,41,0,0,0,0,3,26,32,33,37,2,1,1,3,34,37,38,39,1,1,7.3,63.4,78,2.4,7.3,82.9,90.2,2.4
FBD,2026-05-21,32,0,0,0,0,2,23,25,27,28,1,2,1,2,27,27,29,29,2,1,6.3,71.9,78.1,6.3,6.3,84.4,84.4,6.3
FBD,2026-05-22,56,0,0,0,0,8,34,40,44,48,5,2,1,9,45,49,50,53,2,1,14.3,60.7,71.4,3.6,16.1,80.4,87.5,3.6
FBD,2026-05-23,40,0,0,0,0,6,26,31,36,37,0,1,2,8,34,37,37,37,1,2,15,65,77.5,2.5,20,85,92.5,2.5
FBD,2026-05-24,46,0,0,0,0,7,29,35,38,40,4,2,0,10,40,42,43,44,2,0,15.2,63,76.1,4.3,21.7,87,91.3,4.3
FBD,2026-05-25,45,0,0,0,0,4,21,26,31,38,3,2,2,5,31,34,38,41,2,2,8.9,46.7,57.8,4.4,11.1,68.9,75.6,4.4
FBD,2026-05-26,45,1,2.2,0,0,7,32,35,38,40,3,2,0,7,40,41,41,43,2,0,15.6,71.1,77.8,4.4,15.6,88.9,91.1,4.4
FBD,2026-05-27,43,0,0,0,0,7,26,33,36,38,3,1,1,9,36,40,41,41,1,1,16.3,60.5,76.7,2.3,20.9,83.7,93,2.3
FBD,2026-05-28,39,0,0,0,0,4,14,23,24,28,6,3,2,5,27,30,30,34,3,2,10.3,35.9,59,7.7,12.8,69.2,76.9,7.7
FBD,2026-05-29,102,0,0,0,0,4,31,45,49,61,29,11,1,6,70,78,83,90,11,1,3.9,30.4,44.1,10.8,5.9,68.6,76.5,10.8
FBD,2026-05-30,45,1,2.2,0,0,2,22,30,32,38,5,1,1,3,30,37,38,43,1,1,4.4,48.9,66.7,2.2,6.7,66.7,82.2,2.2
FBD,2026-05-31,52,0,0,0,0,1,30,40,41,48,1,3,0,3,40,46,46,49,3,0,1.9,57.7,76.9,5.8,5.8,76.9,88.5,5.8
FBD,2026-06-01,54,0,0,0,0,4,32,41,44,46,4,2,2,5,42,46,47,50,2,2,7.4,59.3,75.9,3.7,9.3,77.8,85.2,3.7
FBD,2026-06-02,47,0,0,0,0,4,29,30,33,37,4,2,4,5,33,38,40,41,2,4,8.5,61.7,63.8,4.3,10.6,70.2,80.9,4.3
FBD,2026-06-03,69,0,0,0,0,4,35,44,45,52,12,3,2,9,52,58,59,64,3,2,5.8,50.7,63.8,4.3,13,75.4,84.1,4.3
FBD,2026-06-04,102,0,0,0,0,9,69,82,86,91,8,3,0,12,90,92,93,99,3,0,8.8,67.6,80.4,2.9,11.8,88.2,90.2,2.9
FBD,2026-06-05,82,0,0,0,0,5,45,60,65,74,5,1,2,11,68,73,76,79,1,2,6.1,54.9,73.2,1.2,13.4,82.9,89,1.2
FBD,2026-06-06,88,0,0,0,0,12,43,60,67,72,11,3,2,16,59,77,78,83,3,2,13.6,48.9,68.2,3.4,18.2,67,87.5,3.4
FBD,2026-06-07,44,0,0,0,0,4,25,29,32,37,3,4,0,9,35,37,37,40,4,0,9.1,56.8,65.9,9.1,20.5,79.5,84.1,9.1
FBD,2026-06-08,73,0,0,0,0,8,40,45,50,62,5,3,3,14,51,58,62,67,3,3,11,54.8,61.6,4.1,19.2,69.9,79.5,4.1
FBD,2026-06-09,43,0,0,0,0,5,22,28,31,36,4,2,1,6,31,33,37,40,2,1,11.6,51.2,65.1,4.7,14,72.1,76.7,4.7
FBD,2026-06-10,66,0,0,0,0,7,41,50,51,54,7,4,1,11,55,58,59,61,4,1,10.6,62.1,75.8,6.1,16.7,83.3,87.9,6.1
FBD,2026-06-11,46,0,0,0,0,4,17,21,23,25,15,2,4,5,35,39,40,40,2,4,8.7,37,45.7,4.3,10.9,76.1,84.8,4.3
FBD,2026-06-12,41,1,2.4,1,2.4,2,19,23,25,31,9,0,1,4,35,38,39,40,0,1,4.9,46.3,56.1,0,9.8,85.4,92.7,0
FBD,2026-06-13,28,0,0,0,0,1,11,16,19,23,4,1,0,1,21,23,25,27,1,0,3.6,39.3,57.1,3.6,3.6,75,82.1,3.6
FBD,2026-06-14,25,0,0,0,0,0,12,18,22,24,0,1,0,0,17,20,23,24,1,0,0,48,72,4,0,68,80,4
FBD,2026-06-15,42,0,0,0,0,1,14,21,25,29,7,1,5,1,28,31,34,36,1,5,2.4,33.3,50,2.4,2.4,66.7,73.8,2.4
FBD,2026-06-16,49,1,2,0,0,3,18,20,27,33,6,0,10,5,27,36,38,39,0,10,6.1,36.7,40.8,0,10.2,55.1,73.5,0
FBD,2026-06-17,38,0,0,0,0,7,28,34,35,36,2,0,0,8,37,37,38,38,0,0,18.4,73.7,89.5,0,21.1,97.4,97.4,0
FBD,2026-06-18,30,0,0,0,0,7,17,22,23,26,4,0,0,9,23,27,27,30,0,0,23.3,56.7,73.3,0,30,76.7,90,0
FBD,2026-06-19,19,0,0,0,0,0,10,11,12,18,1,0,0,1,13,14,16,19,0,0,0,52.6,57.9,0,5.3,68.4,73.7,0
FBD,2026-06-20,281,4,1.4,0,0,1,18,28,33,49,176,33,23,2,130,169,193,225,33,23,0.4,6.4,10,11.7,0.7,46.3,60.1,11.7
FBD,2026-06-21,12,0,0,0,0,0,7,10,10,11,0,0,1,1,7,10,10,11,0,1,0,58.3,83.3,0,8.3,58.3,83.3,0
FBD,2026-06-22,34,0,0,0,0,0,20,24,27,29,4,1,0,1,24,28,30,33,1,0,0,58.8,70.6,2.9,2.9,70.6,82.4,2.9
FBD,2026-06-23,27,0,0,0,0,3,16,18,18,21,3,1,2,5,23,23,24,24,1,2,11.1,59.3,66.7,3.7,18.5,85.2,85.2,3.7
FBD,2026-06-24,27,0,0,0,0,0,19,19,20,21,5,1,0,1,24,25,25,26,1,0,0,70.4,70.4,3.7,3.7,88.9,92.6,3.7
FBD,2026-06-25,22,0,0,0,0,2,11,14,15,18,3,1,0,3,15,17,19,21,1,0,9.1,50,63.6,4.5,13.6,68.2,77.3,4.5
FBD,2026-06-26,24,0,0,0,0,2,13,15,16,19,4,1,0,3,19,20,21,23,1,0,8.3,54.2,62.5,4.2,12.5,79.2,83.3,4.2
FBD,2026-06-27,17,0,0,0,0,0,5,8,10,14,1,0,2,0,9,12,14,15,0,2,0,29.4,47.1,0,0,52.9,70.6,0
FBD,2026-06-28,18,0,0,0,0,1,7,11,13,14,3,0,1,2,16,16,16,17,0,1,5.6,38.9,61.1,0,11.1,88.9,88.9,0
FBD,2026-06-29,29,0,0,0,0,0,16,20,21,29,0,0,0,2,23,26,26,29,0,0,0,55.2,69,0,6.9,79.3,89.7,0
FBD,2026-06-30,20,0,0,0,0,1,12,14,14,15,3,2,0,1,15,17,17,18,2,0,5,60,70,10,5,75,85,10
FBD,2026-07-01,52,0,0,0,0,0,21,33,36,38,5,3,6,1,35,40,41,43,3,6,0,40.4,63.5,5.8,1.9,67.3,76.9,5.8
FBD,2026-07-02,31,0,0,0,0,1,19,25,25,27,3,0,1,2,26,29,29,30,0,1,3.2,61.3,80.6,0,6.5,83.9,93.5,0
FBD,2026-07-03,18,1,5.6,0,0,0,8,8,9,11,5,0,2,1,13,13,14,16,0,2,0,44.4,44.4,0,5.6,72.2,72.2,0
FBD,2026-07-04,32,0,0,0,0,4,15,21,21,27,3,1,1,4,25,26,27,30,1,1,12.5,46.9,65.6,3.1,12.5,78.1,81.3,3.1
FBD,2026-07-05,15,0,0,0,0,1,4,6,10,13,1,0,1,2,8,10,11,14,0,1,6.7,26.7,40,0,13.3,53.3,66.7,0
FBD,2026-07-06,36,0,0,0,0,2,17,24,25,30,5,0,1,3,27,31,31,35,0,1,5.6,47.2,66.7,0,8.3,75,86.1,0
FBD,2026-07-07,46,0,0,0,0,6,23,27,32,36,6,1,3,9,31,37,39,42,1,3,13,50,58.7,2.2,19.6,67.4,80.4,2.2
FBD,2026-07-08,30,0,0,0,0,3,18,19,19,21,7,0,2,4,26,26,26,28,0,2,10,60,63.3,0,13.3,86.7,86.7,0
FBD,2026-07-09,17,0,0,0,0,4,8,11,13,14,3,0,0,5,11,14,16,17,0,0,23.5,47.1,64.7,0,29.4,64.7,82.4,0
FBD,2026-07-10,26,0,0,0,0,0,11,12,16,19,3,2,2,0,16,17,20,22,2,2,0,42.3,46.2,7.7,0,61.5,65.4,7.7
FBD,2026-07-11,27,0,0,0,0,1,12,15,18,21,2,3,1,1,17,21,22,23,3,1,3.7,44.4,55.6,11.1,3.7,63,77.8,11.1
FBD,2026-07-12,13,0,0,0,0,1,7,11,12,13,0,0,0,2,11,12,12,13,0,0,7.7,53.8,84.6,0,15.4,84.6,92.3,0
FBD,2026-07-13,21,0,0,0,0,2,12,13,13,15,5,0,1,2,17,18,18,20,0,1,9.5,57.1,61.9,0,9.5,81,85.7,0
FBD,2026-07-14,18,0,0,0,0,1,13,14,15,16,2,0,0,2,15,16,17,18,0,0,5.6,72.2,77.8,0,11.1,83.3,88.9,0
FBD,2026-07-15,12,0,0,0,0,1,2,3,4,6,5,1,0,2,5,7,8,11,1,0,8.3,16.7,25,8.3,16.7,41.7,58.3,8.3
FBD,2026-07-16,17,1,5.9,0,0,2,7,10,12,15,1,0,1,2,9,12,13,16,0,1,11.8,41.2,58.8,0,11.8,52.9,70.6,0
FBD,2026-07-17,20,0,0,0,0,1,9,13,14,20,0,0,0,1,15,17,17,20,0,0,5,45,65,0,5,75,85,0
FBD,2026-07-18,24,0,0,0,0,1,8,12,14,18,4,2,0,2,14,16,18,22,2,0,4.2,33.3,50,8.3,8.3,58.3,66.7,8.3
FBD,2026-07-19,10,0,0,0,0,1,6,8,8,9,1,0,0,2,8,8,8,10,0,0,10,60,80,0,20,80,80,0
FBD,2026-07-20,31,0,0,0,0,0,12,15,18,26,3,1,1,1,19,22,25,29,1,1,0,38.7,48.4,3.2,3.2,61.3,71,3.2
FBD,2026-07-21,30,1,3.3,0,0,0,13,18,19,24,3,1,2,0,17,25,25,27,1,2,0,43.3,60,3.3,0,56.7,83.3,3.3
FBD,2026-07-22,15,0,0,0,0,0,7,8,8,10,2,3,0,0,10,11,11,12,3,0,0,46.7,53.3,20,0,66.7,73.3,20
FBD,2026-07-23,39,0,0,0,0,3,21,24,28,34,3,1,1,5,25,31,34,37,1,1,7.7,53.8,61.5,2.6,12.8,64.1,79.5,2.6
FBD,2026-07-24,15,0,0,0,0,0,4,7,9,12,3,0,0,0,9,11,13,15,0,0,0,26.7,46.7,0,0,60,73.3,0
FBD,2026-07-25,17,0,0,0,0,1,9,12,14,14,3,0,0,1,12,14,15,17,0,0,5.9,52.9,70.6,0,5.9,70.6,82.4,0
FBD,2026-07-26,5,0,0,0,0,1,4,4,4,5,0,0,0,1,4,4,4,5,0,0,20,80,80,0,20,80,80,0
FBD,2026-07-27,43,2,4.7,1,2.3,8,24,29,31,36,5,1,1,13,32,36,38,41,1,1,18.6,55.8,67.4,2.3,30.2,74.4,83.7,2.3
FBD,2026-07-28,28,0,0,0,0,0,14,18,20,23,5,0,0,2,22,24,24,28,0,0,0,50,64.3,0,7.1,78.6,85.7,0
FBD,2026-07-29,33,2,6.1,0,0,5,18,19,24,29,4,0,0,5,28,31,32,33,0,0,15.2,54.5,57.6,0,15.2,84.8,93.9,0
FBD,2026-07-30,22,0,0,0,0,2,9,13,14,15,6,1,0,3,15,16,17,21,1,0,9.1,40.9,59.1,4.5,13.6,68.2,72.7,4.5
FBD,2026-07-31,9,0,0,0,0,0,6,6,6,7,2,0,0,1,8,9,9,9,0,0,0,66.7,66.7,0,11.1,88.9,100,0
FBD,2026-08-01,17,0,0,0,0,1,8,10,12,14,2,0,1,1,11,12,13,16,0,1,5.9,47.1,58.8,0,5.9,64.7,70.6,0
FBD,2026-08-02,10,0,0,0,0,2,7,8,8,9,0,1,0,2,8,8,8,9,1,0,20,70,80,10,20,80,80,10
FBD,2026-08-03,29,0,0,0,0,2,12,15,19,22,6,0,1,2,22,26,26,28,0,1,6.9,41.4,51.7,0,6.9,75.9,89.7,0
FBD,2026-08-04,7,0,0,0,0,1,3,4,4,4,1,1,1,1,5,5,5,5,1,1,14.3,42.9,57.1,14.3,14.3,71.4,71.4,14.3
FBD,2026-08-05,23,0,0,0,0,4,12,15,17,17,5,0,1,4,20,22,22,22,0,1,17.4,52.2,65.2,0,17.4,87,95.7,0
FBD,2026-08-06,28,0,0,0,0,2,14,21,23,25,2,0,1,4,20,26,27,27,0,1,7.1,50,75,0,14.3,71.4,92.9,0
FBD,2026-08-07,24,0,0,0,0,3,13,16,20,20,2,0,2,5,18,20,22,22,0,2,12.5,54.2,66.7,0,20.8,75,83.3,0
FBD,2026-08-08,23,0,0,0,0,1,7,14,14,14,4,1,4,4,13,18,18,18,1,4,4.3,30.4,60.9,4.3,17.4,56.5,78.3,4.3
FBD,2026-08-09,10,0,0,0,0,1,7,7,7,7,1,0,2,1,8,8,8,8,0,2,10,70,70,0,10,80,80,0
FBD,2026-08-10,42,1,2.4,1,2.4,0,0,0,0,0,2,0,40,2,2,2,2,2,0,40,0,0,0,0,4.8,4.8,4.8,0
FCR,2026-05-08,1586,4,0.3,0,0,0,0,0,0,23,25,2,1536,0,0,0,0,48,2,1536,0,0,0,0.1,0,0,0,0.1
FCR,2026-05-09,3184,10,0.3,0,0,0,0,0,0,56,46,4,3078,0,0,0,0,99,4,3081,0,0,0,0.1,0,0,0,0.1
FCR,2026-05-10,3226,8,0.2,0,0,0,0,0,0,84,48,2,3092,0,0,0,0,128,2,3096,0,0,0,0.1,0,0,0,0.1
FCR,2026-05-11,3881,12,0.3,0,0,0,0,0,123,275,138,9,3459,0,0,0,260,408,9,3464,0,0,0,0.2,0,0,0,0.2
FCR,2026-05-12,3842,6,0.2,0,0,0,0,399,540,692,134,13,3003,0,0,638,739,807,13,3022,0,0,10.4,0.3,0,0,16.6,0.3
FCR,2026-05-13,3569,8,0.2,1,0,0,2107,2482,2591,2722,130,51,666,0,2589,2772,2807,2845,51,673,0,59,69.5,1.4,0,72.5,77.7,1.4
FCR,2026-05-14,4012,6,0.1,1,0,643,3131,3480,3596,3731,217,60,4,760,3706,3839,3880,3948,60,4,16,78,86.7,1.5,18.9,92.4,95.7,1.5
FCR,2026-05-15,3821,5,0.1,2,0.1,574,2828,3214,3358,3573,177,66,5,737,3412,3586,3671,3750,66,5,15,74,84.1,1.7,19.3,89.3,93.8,1.7
FCR,2026-05-16,3902,3,0.1,1,0,492,2750,3256,3438,3639,194,66,3,620,3399,3654,3740,3833,66,3,12.6,70.5,83.4,1.7,15.9,87.1,93.6,1.7
FCR,2026-05-17,4015,4,0.1,1,0,515,2906,3460,3663,3805,147,62,1,657,3498,3836,3908,3952,62,1,12.8,72.4,86.2,1.5,16.4,87.1,95.5,1.5
FCR,2026-05-18,4114,2,0,1,0,590,3163,3611,3754,3890,172,46,6,740,3699,3945,4009,4062,46,6,14.3,76.9,87.8,1.1,18,89.9,95.9,1.1
FCR,2026-05-19,4182,3,0.1,0,0,590,3146,3617,3770,3917,201,58,6,732,3724,4011,4060,4118,58,6,14.1,75.2,86.5,1.4,17.5,89,95.9,1.4
FCR,2026-05-20,4252,6,0.1,0,0,586,3181,3689,3814,3988,201,55,8,706,3782,4041,4098,4189,55,8,13.8,74.8,86.8,1.3,16.6,88.9,95,1.3
FCR,2026-05-21,4335,7,0.2,0,0,647,3261,3704,3820,4059,192,69,15,788,3864,4081,4136,4251,69,15,14.9,75.2,85.4,1.6,18.2,89.1,94.1,1.6
FCR,2026-05-22,3960,2,0.1,0,0,562,2926,3341,3540,3682,194,67,17,704,3554,3726,3816,3876,67,17,14.2,73.9,84.4,1.7,17.8,89.7,94.1,1.7
FCR,2026-05-23,3985,12,0.3,2,0.1,533,2765,3389,3559,3717,181,61,26,659,3374,3736,3831,3898,61,26,13.4,69.4,85,1.5,16.5,84.7,93.8,1.5
FCR,2026-05-24,3920,5,0.1,1,0,540,2946,3402,3535,3665,172,72,11,655,3515,3730,3790,3837,72,11,13.8,75.2,86.8,1.8,16.7,89.7,95.2,1.8
FCR,2026-05-25,4252,12,0.3,1,0,557,3189,3661,3778,3930,206,66,50,687,3788,4028,4074,4136,66,50,13.1,75,86.1,1.6,16.2,89.1,94.7,1.6
FCR,2026-05-26,4201,10,0.2,0,0,693,3242,3586,3708,3892,207,83,19,839,3765,3939,4009,4099,83,19,16.5,77.2,85.4,2,20,89.6,93.8,2
FCR,2026-05-27,4212,9,0.2,2,0,581,3028,3490,3662,3908,210,59,35,707,3603,3840,3971,4118,59,35,13.8,71.9,82.9,1.4,16.8,85.5,91.2,1.4
FCR,2026-05-28,4086,21,0.5,10,0.2,534,2933,3399,3529,3786,175,58,67,674,3450,3738,3823,3961,58,67,13.1,71.8,83.2,1.4,16.5,84.4,91.5,1.4
FCR,2026-05-29,3932,19,0.5,11,0.3,533,2893,3237,3413,3632,196,53,51,647,3434,3611,3727,3828,53,51,13.6,73.6,82.3,1.3,16.5,87.3,91.8,1.3
FCR,2026-05-30,3569,24,0.7,4,0.1,500,2417,2914,3107,3300,177,46,46,617,2937,3259,3377,3477,46,46,14,67.7,81.6,1.3,17.3,82.3,91.3,1.3
FCR,2026-05-31,3752,18,0.5,7,0.2,476,2708,3142,3293,3477,171,65,39,582,3196,3487,3564,3648,65,39,12.7,72.2,83.7,1.7,15.5,85.2,92.9,1.7
FCR,2026-06-01,4622,20,0.4,9,0.2,499,3401,3878,4080,4284,211,59,68,644,4058,4313,4404,4495,59,68,10.8,73.6,83.9,1.3,13.9,87.8,93.3,1.3
FCR,2026-06-02,5297,16,0.3,5,0.1,824,3867,4445,4651,4923,248,59,67,977,4576,4905,5011,5171,59,67,15.6,73,83.9,1.1,18.4,86.4,92.6,1.1
FCR,2026-06-03,4919,28,0.6,7,0.1,694,3582,4071,4269,4530,245,58,86,892,4270,4540,4632,4775,58,86,14.1,72.8,82.8,1.2,18.1,86.8,92.3,1.2
FCR,2026-06-04,4848,32,0.7,9,0.2,654,3423,3979,4143,4425,287,65,71,800,4148,4468,4550,4712,65,71,13.5,70.6,82.1,1.3,16.5,85.6,92.2,1.3
FCR,2026-06-05,4790,24,0.5,8,0.2,738,3468,3909,4179,4442,213,59,76,893,4194,4413,4520,4655,59,76,15.4,72.4,81.6,1.2,18.6,87.6,92.1,1.2
FCR,2026-06-06,4764,22,0.5,8,0.2,690,3194,3854,4114,4392,233,53,86,833,3943,4334,4508,4625,53,86,14.5,67,80.9,1.1,17.5,82.8,91,1.1
FCR,2026-06-07,4889,23,0.5,8,0.2,576,3439,4045,4278,4527,239,58,65,725,4132,4518,4649,4766,58,65,11.8,70.3,82.7,1.2,14.8,84.5,92.4,1.2
FCR,2026-06-08,5211,26,0.5,7,0.1,608,3613,4245,4479,4784,262,74,91,767,4446,4801,4884,5046,74,91,11.7,69.3,81.5,1.4,14.7,85.3,92.1,1.4
FCR,2026-06-09,5275,48,0.9,17,0.3,684,3667,4313,4557,4835,260,75,105,852,4412,4827,4928,5095,75,105,13,69.5,81.8,1.4,16.2,83.6,91.5,1.4
FCR,2026-06-10,5080,36,0.7,14,0.3,698,3638,4149,4351,4634,263,82,101,854,4278,4612,4730,4897,82,101,13.7,71.6,81.7,1.6,16.8,84.2,90.8,1.6
FCR,2026-06-11,4875,30,0.6,9,0.2,659,3473,3987,4144,4430,273,77,95,802,4172,4432,4516,4703,77,95,13.5,71.2,81.8,1.6,16.5,85.6,90.9,1.6
FCR,2026-06-12,4817,33,0.7,8,0.2,583,3195,3665,3971,4260,367,100,90,739,4013,4253,4485,4627,100,90,12.1,66.3,76.1,2.1,15.3,83.3,88.3,2.1
FCR,2026-06-13,4542,26,0.6,12,0.3,654,2969,3686,3938,4199,208,62,73,784,3592,4130,4283,4407,62,73,14.4,65.4,81.2,1.4,17.3,79.1,90.9,1.4
FCR,2026-06-14,4717,40,0.8,18,0.4,514,3339,3953,4145,4353,202,69,93,626,4016,4401,4490,4555,69,93,10.9,70.8,83.8,1.5,13.3,85.1,93.3,1.5
FCR,2026-06-15,4059,33,0.8,15,0.4,658,2870,3340,3526,3689,207,54,109,814,3423,3730,3814,3896,54,109,16.2,70.7,82.3,1.3,20.1,84.3,91.9,1.3
FCR,2026-06-16,2401,18,0.7,9,0.4,266,1565,1869,2005,2133,175,36,57,355,1972,2174,2251,2308,36,57,11.1,65.2,77.8,1.5,14.8,82.1,90.5,1.5
FCR,2026-06-17,4023,29,0.7,16,0.4,322,2743,3249,3441,3654,265,43,61,443,3434,3751,3805,3919,43,61,8,68.2,80.8,1.1,11,85.4,93.2,1.1
FCR,2026-06-18,4882,33,0.7,6,0.1,673,3383,3893,4039,4347,324,109,102,820,4056,4390,4461,4671,109,102,13.8,69.3,79.7,2.2,16.8,83.1,89.9,2.2
FCR,2026-06-19,4532,33,0.7,4,0.1,596,3014,3479,3739,3977,376,91,88,732,3745,3992,4174,4353,91,88,13.2,66.5,76.8,2,16.2,82.6,88.1,2
FCR,2026-06-20,4449,48,1.1,21,0.5,512,2778,3454,3682,3918,354,77,100,655,3461,3942,4090,4272,77,100,11.5,62.4,77.6,1.7,14.7,77.8,88.6,1.7
FCR,2026-06-21,4654,41,0.9,25,0.5,427,3142,3667,3897,4112,381,86,75,592,3883,4216,4363,4493,86,75,9.2,67.5,78.8,1.8,12.7,83.4,90.6,1.8
FCR,2026-06-22,5145,62,1.2,35,0.7,598,3352,3919,4139,4356,576,102,111,784,4253,4610,4793,4932,102,111,11.6,65.2,76.2,2,15.2,82.7,89.6,2
FCR,2026-06-23,5011,52,1,32,0.6,603,3232,3873,4060,4210,600,121,80,776,4105,4623,4735,4810,121,80,12,64.5,77.3,2.4,15.5,81.9,92.3,2.4
FCR,2026-06-24,4990,58,1.2,28,0.6,618,3348,3905,4075,4229,521,129,111,758,4196,4553,4652,4750,129,111,12.4,67.1,78.3,2.6,15.2,84.1,91.2,2.6
FCR,2026-06-25,4800,61,1.3,25,0.5,523,3033,3552,3682,3906,601,164,129,689,3899,4252,4345,4507,164,129,10.9,63.2,74,3.4,14.4,81.2,88.6,3.4
FCR,2026-06-26,4566,86,1.9,32,0.7,498,2934,3355,3556,3748,535,149,134,646,3767,4016,4152,4283,149,134,10.9,64.3,73.5,3.3,14.1,82.5,88,3.3
FCR,2026-06-27,4603,79,1.7,44,1,444,2768,3451,3682,3833,513,119,138,606,3591,4168,4291,4346,119,138,9.6,60.1,75,2.6,13.2,78,90.5,2.6
FCR,2026-06-28,4291,73,1.7,40,0.9,474,2775,3419,3564,3671,423,85,112,600,3558,4027,4078,4094,85,112,11,64.7,79.7,2,14,82.9,93.8,2
FCR,2026-06-29,4860,75,1.5,53,1.1,555,3142,3691,3896,3981,573,106,200,716,3963,4428,4538,4554,106,200,11.4,64.7,75.9,2.2,14.7,81.5,91.1,2.2
FCR,2026-06-30,4689,60,1.3,47,1,585,3004,3606,3732,3865,535,114,175,773,3899,4281,4331,4400,114,175,12.5,64.1,76.9,2.4,16.5,83.2,91.3,2.4
FCR,2026-07-01,4438,66,1.5,26,0.6,520,2739,3232,3404,3596,628,109,105,672,3504,3911,4074,4224,109,105,11.7,61.7,72.8,2.5,15.1,79,88.1,2.5
FCR,2026-07-02,4891,69,1.4,36,0.7,484,3339,3820,3952,4180,523,93,95,666,4185,4448,4515,4703,93,95,9.9,68.3,78.1,1.9,13.6,85.6,90.9,1.9
FCR,2026-07-03,4935,56,1.1,31,0.6,743,3510,3893,4041,4243,516,106,70,944,4346,4510,4592,4759,106,70,15.1,71.1,78.9,2.1,19.1,88.1,91.4,2.1
FCR,2026-07-04,4728,38,0.8,21,0.4,620,3140,3711,3884,4095,469,95,69,806,3932,4285,4397,4562,95,71,13.1,66.4,78.5,2,17,83.2,90.6,2
FCR,2026-07-05,4563,52,1.1,24,0.5,531,3131,3623,3771,4003,381,99,80,697,3824,4137,4216,4382,99,82,11.6,68.6,79.4,2.2,15.3,83.8,90.7,2.2
FCR,2026-07-06,5172,41,0.8,18,0.3,634,3512,4099,4272,4544,427,112,89,818,4357,4711,4814,4971,112,89,12.3,67.9,79.3,2.2,15.8,84.2,91.1,2.2
FCR,2026-07-07,5075,29,0.6,8,0.2,657,3480,4059,4244,4478,387,123,87,816,4280,4660,4758,4865,123,87,12.9,68.6,80,2.4,16.1,84.3,91.8,2.4
FCR,2026-07-08,4779,23,0.5,8,0.2,650,3331,3857,4074,4306,271,108,94,825,3997,4326,4438,4577,108,94,13.6,69.7,80.7,2.3,17.3,83.6,90.5,2.3
FCR,2026-07-09,4799,19,0.4,7,0.1,598,3488,3954,4115,4417,260,49,73,736,4080,4377,4468,4677,49,73,12.5,72.7,82.4,1,15.3,85,91.2,1
FCR,2026-07-10,5095,27,0.5,14,0.3,655,3550,4015,4269,4632,298,65,100,812,4329,4589,4700,4930,65,100,12.9,69.7,78.8,1.3,15.9,85,90.1,1.3
FCR,2026-07-11,4900,23,0.5,10,0.2,768,3313,3952,4219,4514,247,52,87,933,3964,4374,4540,4761,52,87,15.7,67.6,80.7,1.1,19,80.9,89.3,1.1
FCR,2026-07-12,4922,31,0.6,5,0.1,626,3501,4082,4307,4560,221,58,83,780,4088,4434,4633,4781,58,83,12.7,71.1,82.9,1.2,15.8,83.1,90.1,1.2
FCR,2026-07-13,5224,38,0.7,9,0.2,709,3820,4339,4558,4806,260,78,80,868,4435,4754,4929,5066,78,80,13.6,73.1,83.1,1.5,16.6,84.9,91,1.5
FCR,2026-07-14,3889,24,0.6,9,0.2,557,2883,3295,3480,3643,166,29,51,651,3381,3595,3709,3808,29,52,14.3,74.1,84.7,0.7,16.7,86.9,92.4,0.7
FCR,2026-07-15,5208,53,1,9,0.2,548,3633,4270,4507,4767,271,60,110,707,4333,4703,4845,5037,60,111,10.5,69.8,82,1.2,13.6,83.2,90.3,1.2
FCR,2026-07-16,5399,45,0.8,12,0.2,723,3785,4365,4566,4891,313,60,135,870,4443,4849,4974,5204,60,135,13.4,70.1,80.8,1.1,16.1,82.3,89.8,1.1
FCR,2026-07-17,4941,49,1,9,0.2,641,3439,3915,4156,4473,288,64,116,803,4121,4422,4567,4761,64,116,13,69.6,79.2,1.3,16.3,83.4,89.5,1.3
FCR,2026-07-18,4803,51,1.1,7,0.1,581,3000,3639,3945,4337,285,55,126,689,3678,4153,4318,4622,55,126,12.1,62.5,75.8,1.1,14.3,76.6,86.5,1.1
FCR,2026-07-19,3462,21,0.6,5,0.1,487,2365,2762,2919,3145,177,51,89,607,2797,3080,3181,3322,51,89,14.1,68.3,79.8,1.5,17.5,80.8,89,1.5
FCR,2026-07-20,3362,16,0.5,1,0,507,2509,2823,2929,3115,162,29,56,596,2916,3079,3137,3277,29,56,15.1,74.6,84,0.9,17.7,86.7,91.6,0.9
FCR,2026-07-21,2848,18,0.6,4,0.1,409,2058,2348,2482,2650,112,46,40,495,2419,2580,2648,2762,46,40,14.4,72.3,82.4,1.6,17.4,84.9,90.6,1.6
FCR,2026-07-22,3030,9,0.3,3,0.1,373,2210,2504,2622,2836,128,37,29,442,2587,2737,2806,2964,37,29,12.3,72.9,82.6,1.2,14.6,85.4,90.3,1.2
FCR,2026-07-23,2832,13,0.5,6,0.2,416,1979,2311,2414,2624,127,44,37,490,2321,2536,2609,2751,44,37,14.7,69.9,81.6,1.6,17.3,82,89.5,1.6
FCR,2026-07-24,2416,12,0.5,4,0.2,290,1757,1984,2109,2255,109,31,21,348,2084,2195,2266,2364,31,21,12,72.7,82.1,1.3,14.4,86.3,90.9,1.3
FCR,2026-07-25,2148,8,0.4,2,0.1,307,1495,1818,1910,2002,94,27,25,358,1779,1978,2030,2096,27,25,14.3,69.6,84.6,1.3,16.7,82.8,92.1,1.3
FCR,2026-07-26,2134,8,0.4,4,0.2,280,1629,1875,1961,2014,74,23,23,336,1883,1998,2041,2088,23,23,13.1,76.3,87.9,1.1,15.7,88.2,93.6,1.1
FCR,2026-07-27,2472,14,0.6,4,0.2,354,1862,2127,2222,2309,102,27,34,430,2147,2299,2359,2411,27,34,14.3,75.3,86,1.1,17.4,86.9,93,1.1
FCR,2026-07-28,2358,10,0.4,1,0,326,1853,2103,2157,2218,79,30,31,407,2115,2226,2256,2297,30,31,13.8,78.6,89.2,1.3,17.3,89.7,94.4,1.3
FCR,2026-07-29,2243,17,0.8,7,0.3,317,1780,1987,2039,2110,79,31,23,380,2025,2119,2148,2189,31,23,14.1,79.4,88.6,1.4,16.9,90.3,94.5,1.4
FCR,2026-07-30,1971,11,0.6,5,0.3,303,1483,1673,1754,1843,85,27,16,360,1730,1818,1864,1928,27,16,15.4,75.2,84.9,1.4,18.3,87.8,92.2,1.4
FCR,2026-07-31,1989,15,0.8,2,0.1,254,1519,1710,1786,1851,86,23,29,315,1764,1862,1898,1937,23,29,12.8,76.4,86,1.2,15.8,88.7,93.6,1.2
FCR,2026-08-01,2057,12,0.6,5,0.2,332,1440,1753,1852,1904,94,30,29,389,1748,1919,1967,1998,30,29,16.1,70,85.2,1.5,18.9,85,93.3,1.5
FCR,2026-08-02,2170,9,0.4,3,0.1,292,1669,1898,1965,2032,82,20,36,365,1932,2051,2078,2114,20,36,13.5,76.9,87.5,0.9,16.8,89,94.5,0.9
FCR,2026-08-03,2165,8,0.4,2,0.1,303,1751,1922,1977,2016,94,25,30,354,1982,2063,2091,2110,25,30,14,80.9,88.8,1.2,16.4,91.5,95.3,1.2
FCR,2026-08-04,2120,13,0.6,5,0.2,316,1686,1888,1939,1977,89,27,27,367,1945,2035,2054,2066,27,27,14.9,79.5,89.1,1.3,17.3,91.7,96,1.3
FCR,2026-08-05,2669,14,0.5,7,0.3,272,1982,2240,2340,2384,168,34,83,345,2356,2479,2527,2552,34,83,10.2,74.3,83.9,1.3,12.9,88.3,92.9,1.3
FCR,2026-08-06,2991,15,0.5,10,0.3,399,2221,2516,2596,2639,194,40,118,485,2644,2785,2808,2833,40,118,13.3,74.3,84.1,1.3,16.2,88.4,93.1,1.3
FCR,2026-08-07,2903,9,0.3,9,0.3,319,2123,2363,2491,2493,204,45,161,387,2520,2625,2697,2697,45,161,11,73.1,81.4,1.6,13.3,86.8,90.4,1.6
FCR,2026-08-08,3004,7,0.2,7,0.2,352,2053,2436,2437,2437,312,25,230,456,2497,2749,2749,2749,25,230,11.7,68.3,81.1,0.8,15.2,83.1,91.5,0.8
FCR,2026-08-09,3058,6,0.2,6,0.2,406,2166,2168,2168,2168,404,19,467,499,2572,2572,2572,2572,19,467,13.3,70.8,70.9,0.6,16.3,84.1,84.1,0.6
FCR,2026-08-10,3435,3,0.1,3,0.1,391,391,391,391,391,105,5,2934,490,496,496,496,496,5,2934,11.4,11.4,11.4,0.1,14.3,14.4,14.4,0.1
FLO,2026-06-20,1,0,0,0,0,0,0,0,0,0,1,0,0,0,0,1,1,1,0,0,0,0,0,0,0,0,100,0
FOX,2026-06-12,1,0,0,0,0,0,0,0,0,0,0,0,1,0,0,0,0,0,0,1,0,0,0,0,0,0,0,0
GNG,2026-05-08,58,2,3.4,0,0,0,0,0,0,2,24,0,32,0,0,0,0,26,0,32,0,0,0,0,0,0,0,0
GNG,2026-05-09,6,0,0,0,0,0,0,0,0,0,5,0,1,0,0,0,0,5,0,1,0,0,0,0,0,0,0,0
GNG,2026-05-12,6,1,16.7,0,0,0,0,0,0,0,4,0,2,0,0,3,3,4,0,2,0,0,0,0,0,0,50,0
GNG,2026-05-15,117,2,1.7,0,0,6,15,17,20,21,88,0,8,40,83,87,94,109,0,8,5.1,12.8,14.5,0,34.2,70.9,74.4,0
GNG,2026-05-19,54,0,0,0,0,0,3,3,4,4,45,0,5,2,38,41,46,49,0,5,0,5.6,5.6,0,3.7,70.4,75.9,0
GNG,2026-05-23,73,3,4.1,0,0,0,1,6,10,11,59,0,3,14,45,66,68,70,0,3,0,1.4,8.2,0,19.2,61.6,90.4,0
GNG,2026-05-27,94,2,2.1,2,2.1,0,4,4,6,6,51,0,37,2,56,56,57,57,0,37,0,4.3,4.3,0,2.1,59.6,59.6,0
GNG,2026-05-28,79,2,2.5,0,0,0,8,12,12,16,56,0,7,4,48,62,65,72,0,7,0,10.1,15.2,0,5.1,60.8,78.5,0
GNG,2026-05-29,48,2,4.2,0,0,0,2,3,4,7,35,0,6,0,32,33,36,42,0,6,0,4.2,6.3,0,0,66.7,68.8,0
GNG,2026-06-01,80,1,1.3,0,0,0,7,12,12,14,61,0,5,10,63,71,73,75,0,5,0,8.8,15,0,12.5,78.8,88.8,0
GNG,2026-06-03,86,12,14,0,0,0,5,8,8,9,63,0,14,0,49,56,60,72,0,14,0,5.8,9.3,0,0,57,65.1,0
GNG,2026-06-06,1,0,0,0,0,0,0,0,0,1,0,0,0,0,0,0,0,1,0,0,0,0,0,0,0,0,0,0
GNG,2026-06-09,180,13,7.2,0,0,0,8,8,10,12,141,0,27,29,110,134,144,153,0,27,0,4.4,4.4,0,16.1,61.1,74.4,0
GNG,2026-06-15,79,3,3.8,0,0,1,8,9,11,13,59,0,7,5,64,68,70,72,0,7,1.3,10.1,11.4,0,6.3,81,86.1,0
GNG,2026-06-16,41,3,7.3,0,0,0,3,3,4,5,29,0,7,2,30,31,33,34,0,7,0,7.3,7.3,0,4.9,73.2,75.6,0
GNG,2026-06-19,67,7,10.4,0,0,0,7,8,8,8,51,0,8,4,50,54,59,59,0,8,0,10.4,11.9,0,6,74.6,80.6,0
GOK,2026-06-06,1,0,0,0,0,0,1,1,1,1,0,0,0,0,1,1,1,1,0,0,0,100,100,0,0,100,100,0
GOK,2026-06-15,2,0,0,0,0,0,1,1,2,2,0,0,0,0,2,2,2,2,0,0,0,50,50,0,0,100,100,0
GOK,2026-06-19,1,0,0,0,0,0,0,0,0,0,0,0,1,0,0,0,0,0,0,1,0,0,0,0,0,0,0,0
GOK,2026-06-21,2,0,0,0,0,0,0,1,1,1,0,0,1,0,1,1,1,1,0,1,0,0,50,0,0,50,50,0
GOK,2026-06-23,1,0,0,0,0,0,1,1,1,1,0,0,0,0,1,1,1,1,0,0,0,100,100,0,0,100,100,0
GOK,2026-07-14,1,0,0,0,0,0,1,1,1,1,0,0,0,1,1,1,1,1,0,0,0,100,100,0,100,100,100,0
GOK,2026-07-25,1,0,0,0,0,1,1,1,1,1,0,0,0,1,1,1,1,1,0,0,100,100,100,0,100,100,100,0
GOK,2026-07-27,1,0,0,0,0,0,0,0,0,0,1,0,0,0,1,1,1,1,0,0,0,0,0,0,0,100,100,0
GOK,2026-07-31,2,0,0,0,0,0,1,1,2,2,0,0,0,0,2,2,2,2,0,0,0,50,50,0,0,100,100,0
GOK,2026-08-01,1,0,0,0,0,0,1,1,1,1,0,0,0,0,1,1,1,1,0,0,0,100,100,0,0,100,100,0
GOK,2026-08-03,3,0,0,0,0,0,0,1,1,1,2,0,0,0,3,3,3,3,0,0,0,0,33.3,0,0,100,100,0
GSL,2026-05-08,60,0,0,0,0,0,0,0,0,1,7,0,52,0,0,0,0,8,0,52,0,0,0,0,0,0,0,0
GSL,2026-05-09,101,1,1,0,0,0,0,0,0,3,10,1,87,0,0,0,0,13,1,87,0,0,0,1,0,0,0,1
GSL,2026-05-10,55,0,0,0,0,0,0,0,0,3,5,0,47,0,0,0,0,8,0,47,0,0,0,0,0,0,0,0
GSL,2026-05-11,151,0,0,0,0,0,0,0,7,11,30,3,107,0,0,0,28,41,3,107,0,0,0,2,0,0,0,2
GSL,2026-05-12,120,0,0,0,0,0,0,12,18,25,26,3,66,0,0,37,42,51,3,66,0,0,10,2.5,0,0,30.8,2.5
GSL,2026-05-13,178,0,0,0,0,0,55,69,79,94,42,13,29,0,109,119,123,136,13,29,0,30.9,38.8,7.3,0,61.2,66.9,7.3
GSL,2026-05-14,132,1,0.8,0,0,17,58,80,89,98,21,9,4,28,90,110,112,119,9,4,12.9,43.9,60.6,6.8,21.2,68.2,83.3,6.8
GSL,2026-05-15,127,0,0,0,0,14,69,80,86,92,24,4,7,21,98,105,111,116,4,7,11,54.3,63,3.1,16.5,77.2,82.7,3.1
GSL,2026-05-16,124,4,3.2,3,2.4,4,48,52,61,75,29,10,10,12,76,88,94,104,10,10,3.2,38.7,41.9,8.1,9.7,61.3,71,8.1
GSL,2026-05-17,59,0,0,0,0,5,23,32,34,41,9,6,3,11,41,46,49,50,6,3,8.5,39,54.2,10.2,18.6,69.5,78,10.2
GSL,2026-05-18,141,0,0,0,0,11,63,84,90,95,25,13,8,14,101,108,117,120,13,8,7.8,44.7,59.6,9.2,9.9,71.6,76.6,9.2
GSL,2026-05-19,103,2,1.9,2,1.9,8,37,52,57,64,18,10,11,12,55,68,71,82,10,11,7.8,35.9,50.5,9.7,11.7,53.4,66,9.7
GSL,2026-05-20,77,2,2.6,2,2.6,4,31,42,44,51,16,6,4,11,56,60,63,67,6,4,5.2,40.3,54.5,7.8,14.3,72.7,77.9,7.8
GSL,2026-05-21,105,0,0,0,0,5,52,65,67,76,19,8,2,9,68,83,85,95,8,2,4.8,49.5,61.9,7.6,8.6,64.8,79,7.6
GSL,2026-05-22,141,2,1.4,1,0.7,42,87,95,104,112,14,7,8,52,109,113,121,126,7,8,29.8,61.7,67.4,5,36.9,77.3,80.1,5
GSL,2026-05-23,73,0,0,0,0,8,40,47,51,56,11,4,2,9,49,56,62,67,4,2,11,54.8,64.4,5.5,12.3,67.1,76.7,5.5
GSL,2026-05-24,92,0,0,0,0,12,52,58,62,69,18,2,3,12,69,78,82,87,2,3,13,56.5,63,2.2,13,75,84.8,2.2
GSL,2026-05-25,152,2,1.3,0,0,16,79,93,104,111,24,10,7,27,123,128,134,135,10,7,10.5,52,61.2,6.6,17.8,80.9,84.2,6.6
GSL,2026-05-26,133,3,2.3,1,0.8,16,59,74,79,93,25,6,9,20,98,103,109,118,6,9,12,44.4,55.6,4.5,15,73.7,77.4,4.5
GSL,2026-05-27,37,0,0,0,0,1,22,27,29,32,4,0,1,2,33,35,35,36,0,1,2.7,59.5,73,0,5.4,89.2,94.6,0
GSL,2026-05-28,48,1,2.1,1,2.1,0,15,22,27,36,7,2,3,1,31,36,37,43,2,3,0,31.3,45.8,4.2,2.1,64.6,75,4.2
GSL,2026-05-29,190,2,1.1,1,0.5,45,100,112,125,141,33,4,12,79,147,150,159,174,4,12,23.7,52.6,58.9,2.1,41.6,77.4,78.9,2.1
GSL,2026-05-30,78,0,0,0,0,5,40,55,57,61,14,0,3,8,61,68,68,75,0,3,6.4,51.3,70.5,0,10.3,78.2,87.2,0
GSL,2026-05-31,52,0,0,0,0,4,25,31,32,42,8,2,0,6,36,42,46,50,2,0,7.7,48.1,59.6,3.8,11.5,69.2,80.8,3.8
GSL,2026-06-01,102,0,0,0,0,8,49,58,60,64,27,5,6,19,70,81,82,91,5,6,7.8,48,56.9,4.9,18.6,68.6,79.4,4.9
GSL,2026-06-02,121,2,1.7,0,0,7,40,47,54,59,45,2,15,14,80,87,93,104,2,15,5.8,33.1,38.8,1.7,11.6,66.1,71.9,1.7
GSL,2026-06-03,81,2,2.5,1,1.2,10,35,44,46,50,23,2,6,13,59,64,66,73,2,6,12.3,43.2,54.3,2.5,16,72.8,79,2.5
GSL,2026-06-04,69,2,2.9,0,0,7,27,36,40,44,17,3,5,13,44,50,54,61,3,5,10.1,39.1,52.2,4.3,18.8,63.8,72.5,4.3
GSL,2026-06-05,67,0,0,0,0,8,24,34,40,43,19,1,4,8,46,50,52,62,1,4,11.9,35.8,50.7,1.5,11.9,68.7,74.6,1.5
GSL,2026-06-06,78,3,3.8,0,0,5,31,39,45,47,24,0,7,14,58,62,63,71,0,7,6.4,39.7,50,0,17.9,74.4,79.5,0
GSL,2026-06-07,40,0,0,0,0,1,16,20,20,20,11,6,3,5,26,28,28,31,6,3,2.5,40,50,15,12.5,65,70,15
GSL,2026-06-08,107,0,0,0,0,6,43,54,63,73,27,2,5,8,64,74,88,100,2,5,5.6,40.2,50.5,1.9,7.5,59.8,69.2,1.9
GSL,2026-06-09,75,1,1.3,0,0,2,38,43,49,55,17,3,0,10,53,62,66,72,3,0,2.7,50.7,57.3,4,13.3,70.7,82.7,4
GSL,2026-06-10,73,0,0,0,0,9,35,45,47,54,15,2,2,14,53,58,59,69,2,2,12.3,47.9,61.6,2.7,19.2,72.6,79.5,2.7
GSL,2026-06-11,95,1,1.1,0,0,5,39,53,56,66,16,6,7,9,56,69,71,82,6,7,5.3,41.1,55.8,6.3,9.5,58.9,72.6,6.3
GSL,2026-06-12,78,0,0,0,0,6,49,51,51,56,13,4,5,10,59,61,64,69,4,5,7.7,62.8,65.4,5.1,12.8,75.6,78.2,5.1
GSL,2026-06-13,90,0,0,0,0,12,46,57,59,64,12,4,10,20,64,71,72,76,4,10,13.3,51.1,63.3,4.4,22.2,71.1,78.9,4.4
GSL,2026-06-14,52,0,0,0,0,2,25,32,37,42,6,3,1,3,37,41,45,48,3,1,3.8,48.1,61.5,5.8,5.8,71.2,78.8,5.8
GSL,2026-06-15,83,1,1.2,0,0,6,41,51,56,67,9,2,5,9,55,65,67,76,2,5,7.2,49.4,61.4,2.4,10.8,66.3,78.3,2.4
GSL,2026-06-16,109,1,0.9,0,0,6,52,68,73,82,16,8,3,12,80,93,94,98,8,3,5.5,47.7,62.4,7.3,11,73.4,85.3,7.3
GSL,2026-06-17,99,1,1,0,0,6,44,55,61,66,23,5,5,13,68,80,82,89,5,5,6.1,44.4,55.6,5.1,13.1,68.7,80.8,5.1
GSL,2026-06-18,105,2,1.9,0,0,9,49,61,63,71,19,9,6,16,66,77,80,90,9,6,8.6,46.7,58.1,8.6,15.2,62.9,73.3,8.6
GSL,2026-06-19,130,1,0.8,0,0,17,69,77,84,91,25,7,7,20,92,105,110,116,7,7,13.1,53.1,59.2,5.4,15.4,70.8,80.8,5.4
GSL,2026-06-20,261,0,0,0,0,4,66,94,107,119,106,23,13,11,149,186,202,225,23,13,1.5,25.3,36,8.8,4.2,57.1,71.3,8.8
GSL,2026-06-21,91,0,0,0,0,7,49,59,66,70,18,3,0,13,70,78,80,88,3,0,7.7,53.8,64.8,3.3,14.3,76.9,85.7,3.3
GSL,2026-06-22,130,2,1.5,1,0.8,12,54,69,76,83,26,8,13,14,84,92,98,109,8,13,9.2,41.5,53.1,6.2,10.8,64.6,70.8,6.2
GSL,2026-06-23,101,1,1,0,0,11,47,57,60,68,24,5,4,19,67,78,81,92,5,4,10.9,46.5,56.4,5,18.8,66.3,77.2,5
GSL,2026-06-24,90,0,0,0,0,15,49,56,57,65,17,2,6,20,64,69,71,82,2,6,16.7,54.4,62.2,2.2,22.2,71.1,76.7,2.2
GSL,2026-06-25,80,1,1.3,0,0,13,44,47,47,51,17,6,6,18,56,62,63,68,6,6,16.3,55,58.8,7.5,22.5,70,77.5,7.5
GSL,2026-06-26,72,0,0,0,0,10,36,41,42,50,17,2,3,11,46,49,54,67,2,3,13.9,50,56.9,2.8,15.3,63.9,68.1,2.8
GSL,2026-06-27,86,0,0,0,0,15,45,51,53,58,18,8,2,25,59,66,71,76,8,2,17.4,52.3,59.3,9.3,29.1,68.6,76.7,9.3
GSL,2026-06-28,69,2,2.9,1,1.4,1,33,38,40,43,16,5,5,5,45,49,54,59,5,5,1.4,47.8,55.1,7.2,7.2,65.2,71,7.2
GSL,2026-06-29,113,2,1.8,1,0.9,8,49,59,65,75,21,5,12,10,64,77,85,96,5,12,7.1,43.4,52.2,4.4,8.8,56.6,68.1,4.4
GSL,2026-06-30,159,0,0,0,0,16,90,105,113,129,20,9,1,25,122,136,141,149,9,1,10.1,56.6,66,5.7,15.7,76.7,85.5,5.7
GSL,2026-07-01,171,2,1.2,1,0.6,11,77,111,126,141,22,4,4,19,123,147,154,163,4,4,6.4,45,64.9,2.3,11.1,71.9,86,2.3
GSL,2026-07-02,203,2,1,0,0,23,109,131,143,159,25,9,10,30,151,167,173,184,9,10,11.3,53.7,64.5,4.4,14.8,74.4,82.3,4.4
GSL,2026-07-03,212,1,0.5,0,0,19,118,134,146,161,36,11,4,28,164,173,181,197,11,4,9,55.7,63.2,5.2,13.2,77.4,81.6,5.2
GSL,2026-07-04,167,8,4.8,1,0.6,17,71,89,95,109,38,9,11,26,108,129,135,147,9,11,10.2,42.5,53.3,5.4,15.6,64.7,77.2,5.4
GSL,2026-07-05,137,4,2.9,1,0.7,11,47,61,66,74,45,3,15,20,88,95,99,119,3,15,8,34.3,44.5,2.2,14.6,64.2,69.3,2.2
GSL,2026-07-06,181,0,0,0,0,8,75,94,112,120,40,14,7,13,126,140,152,160,14,7,4.4,41.4,51.9,7.7,7.2,69.6,77.3,7.7
GSL,2026-07-07,175,7,4,1,0.6,3,47,69,82,95,67,8,5,10,108,121,140,162,8,5,1.7,26.9,39.4,4.6,5.7,61.7,69.1,4.6
GSL,2026-07-08,170,8,4.7,0,0,8,54,71,76,87,61,10,12,17,97,115,126,148,10,12,4.7,31.8,41.8,5.9,10,57.1,67.6,5.9
GSL,2026-07-09,150,8,5.3,2,1.3,7,50,63,65,76,58,10,6,15,98,119,123,134,10,6,4.7,33.3,42,6.7,10,65.3,79.3,6.7
GSL,2026-07-10,94,1,1.1,0,0,4,22,31,34,43,42,5,4,11,52,59,65,85,5,4,4.3,23.4,33,5.3,11.7,55.3,62.8,5.3
GSL,2026-07-11,118,7,5.9,0,0,16,44,50,52,61,41,9,7,24,70,73,84,102,9,7,13.6,37.3,42.4,7.6,20.3,59.3,61.9,7.6
GSL,2026-07-12,76,5,6.6,1,1.3,7,30,33,37,38,28,6,4,11,45,52,55,66,6,4,9.2,39.5,43.4,7.9,14.5,59.2,68.4,7.9
GSL,2026-07-13,94,1,1.1,0,0,1,29,46,50,58,23,6,7,4,57,65,67,81,6,7,1.1,30.9,48.9,6.4,4.3,60.6,69.1,6.4
GSL,2026-07-14,100,3,3,0,0,5,31,43,49,61,24,8,7,8,52,64,72,85,8,7,5,31,43,8,8,52,64,8
GSL,2026-07-15,87,0,0,0,0,5,31,44,50,52,29,3,3,13,57,74,78,81,3,3,5.7,35.6,50.6,3.4,14.9,65.5,85.1,3.4
GSL,2026-07-16,77,5,6.5,1,1.3,7,33,38,38,47,15,6,9,14,46,52,55,62,6,9,9.1,42.9,49.4,7.8,18.2,59.7,67.5,7.8
GSL,2026-07-17,64,2,3.1,1,1.6,3,26,32,33,40,15,4,5,6,43,48,48,55,4,5,4.7,40.6,50,6.3,9.4,67.2,75,6.3
GSL,2026-07-18,64,1,1.6,0,0,1,22,26,32,46,12,4,2,6,34,45,48,58,4,2,1.6,34.4,40.6,6.3,9.4,53.1,70.3,6.3
GSL,2026-07-19,41,1,2.4,0,0,1,14,18,21,24,12,5,0,7,25,28,34,36,5,0,2.4,34.1,43.9,12.2,17.1,61,68.3,12.2
GSL,2026-07-20,87,3,3.4,2,2.3,6,35,41,46,55,22,5,5,9,58,61,68,77,5,5,6.9,40.2,47.1,5.7,10.3,66.7,70.1,5.7
GSL,2026-07-21,61,1,1.6,0,0,4,28,30,31,36,15,5,5,7,34,39,45,51,5,5,6.6,45.9,49.2,8.2,11.5,55.7,63.9,8.2
GSL,2026-07-22,72,0,0,0,0,8,33,46,50,55,12,4,1,12,47,53,56,67,4,1,11.1,45.8,63.9,5.6,16.7,65.3,73.6,5.6
GSL,2026-07-23,59,6,10.2,0,0,1,24,30,32,42,14,2,1,2,38,43,44,56,2,1,1.7,40.7,50.8,3.4,3.4,64.4,72.9,3.4
GSL,2026-07-24,63,0,0,0,0,5,30,40,43,47,10,5,1,12,42,47,51,57,5,1,7.9,47.6,63.5,7.9,19,66.7,74.6,7.9
GSL,2026-07-25,81,1,1.2,0,0,12,36,44,56,63,14,3,1,13,46,57,71,77,3,1,14.8,44.4,54.3,3.7,16,56.8,70.4,3.7
GSL,2026-07-26,46,0,0,0,0,6,24,32,33,39,7,0,0,10,35,38,40,46,0,0,13,52.2,69.6,0,21.7,76.1,82.6,0
GSL,2026-07-27,71,0,0,0,0,4,32,43,48,50,15,2,4,6,52,59,64,65,2,4,5.6,45.1,60.6,2.8,8.5,73.2,83.1,2.8
GSL,2026-07-28,70,2,2.9,1,1.4,3,25,37,42,49,14,4,3,5,44,52,56,63,4,3,4.3,35.7,52.9,5.7,7.1,62.9,74.3,5.7
GSL,2026-07-29,54,1,1.9,0,0,4,32,36,38,42,11,1,0,9,47,51,52,53,1,0,7.4,59.3,66.7,1.9,16.7,87,94.4,1.9
GSL,2026-07-30,49,1,2,0,0,11,21,30,33,38,8,2,1,13,38,40,41,46,2,1,22.4,42.9,61.2,4.1,26.5,77.6,81.6,4.1
GSL,2026-07-31,99,1,1,0,0,21,49,72,72,79,17,1,2,23,83,87,90,96,1,2,21.2,49.5,72.7,1,23.2,83.8,87.9,1
GSL,2026-08-01,51,1,2,0,0,1,20,27,30,31,9,5,6,4,32,36,37,40,5,6,2,39.2,52.9,9.8,7.8,62.7,70.6,9.8
GSL,2026-08-02,30,0,0,0,0,1,12,14,17,19,7,3,1,1,16,17,21,26,3,1,3.3,40,46.7,10,3.3,53.3,56.7,10
GSL,2026-08-03,64,0,0,0,0,4,30,34,38,43,10,5,6,8,41,48,52,53,5,6,6.3,46.9,53.1,7.8,12.5,64.1,75,7.8
GSL,2026-08-04,121,1,0.8,1,0.8,5,38,53,57,63,41,4,13,15,74,89,93,104,4,13,4.1,31.4,43.8,3.3,12.4,61.2,73.6,3.3
GSL,2026-08-05,31,0,0,0,0,0,10,14,16,18,11,0,2,2,19,23,27,29,0,2,0,32.3,45.2,0,6.5,61.3,74.2,0
GSL,2026-08-06,88,0,0,0,0,10,41,52,55,57,13,6,12,12,61,68,70,70,6,12,11.4,46.6,59.1,6.8,13.6,69.3,77.3,6.8
GSL,2026-08-07,82,0,0,0,0,2,38,44,47,47,19,3,13,7,59,62,66,66,3,13,2.4,46.3,53.7,3.7,8.5,72,75.6,3.7
GSL,2026-08-08,71,0,0,0,0,6,37,45,45,45,11,0,15,7,54,56,56,56,0,15,8.5,52.1,63.4,0,9.9,76.1,78.9,0
GSL,2026-08-09,37,0,0,0,0,1,12,12,12,12,8,0,17,2,20,20,20,20,0,17,2.7,32.4,32.4,0,5.4,54.1,54.1,0
GSL,2026-08-10,88,0,0,0,0,5,5,5,5,5,4,0,79,9,9,9,9,9,0,79,5.7,5.7,5.7,0,10.2,10.2,10.2,0
HKH,2026-05-08,1,0,0,0,0,0,0,0,0,0,0,0,1,0,0,0,0,0,0,1,0,0,0,0,0,0,0,0
HKH,2026-05-10,1,0,0,0,0,0,0,0,0,0,1,0,0,0,0,0,0,1,0,0,0,0,0,0,0,0,0,0
HKH,2026-05-11,1,0,0,0,0,0,0,0,0,0,1,0,0,0,0,0,0,1,0,0,0,0,0,0,0,0,0,0
HKH,2026-05-12,2,0,0,0,0,0,0,0,0,0,1,0,1,0,0,1,1,1,0,1,0,0,0,0,0,0,50,0
HKH,2026-05-26,1,0,0,0,0,0,0,0,1,1,0,0,0,0,1,1,1,1,0,0,0,0,0,0,0,100,100,0
HKH,2026-05-28,1,0,0,0,0,0,0,0,0,0,1,0,0,0,0,1,1,1,0,0,0,0,0,0,0,0,100,0
HKH,2026-06-02,1,0,0,0,0,0,0,0,0,1,0,0,0,0,0,0,1,1,0,0,0,0,0,0,0,0,0,0
HKH,2026-06-04,4,0,0,0,0,0,3,3,4,4,0,0,0,0,4,4,4,4,0,0,0,75,75,0,0,100,100,0
HKH,2026-06-05,4,0,0,0,0,0,2,2,2,3,1,0,0,0,3,3,4,4,0,0,0,50,50,0,0,75,75,0
HKH,2026-06-06,1,0,0,0,0,0,0,0,0,1,0,0,0,0,0,0,1,1,0,0,0,0,0,0,0,0,0,0
HKH,2026-06-08,2,0,0,0,0,0,0,0,0,0,2,0,0,1,2,2,2,2,0,0,0,0,0,0,50,100,100,0
HKH,2026-06-09,3,0,0,0,0,0,0,1,2,3,0,0,0,0,1,3,3,3,0,0,0,0,33.3,0,0,33.3,100,0
HKH,2026-06-10,1,0,0,0,0,0,0,0,0,1,0,0,0,0,1,1,1,1,0,0,0,0,0,0,0,100,100,0
HKH,2026-06-11,3,0,0,0,0,0,1,2,2,2,1,0,0,0,3,3,3,3,0,0,0,33.3,66.7,0,0,100,100,0
HKH,2026-06-12,2,0,0,0,0,0,1,1,1,2,0,0,0,0,1,1,1,2,0,0,0,50,50,0,0,50,50,0
HKH,2026-06-15,4,0,0,0,0,0,1,2,2,2,2,0,0,1,4,4,4,4,0,0,0,25,50,0,25,100,100,0
IKK,2026-05-13,1,0,0,0,0,0,0,0,0,0,0,0,1,0,0,0,0,0,0,1,0,0,0,0,0,0,0,0
IKK,2026-05-26,4,0,0,0,0,0,4,4,4,4,0,0,0,0,4,4,4,4,0,0,0,100,100,0,0,100,100,0
ILB,2026-05-08,10,0,0,0,0,0,0,0,0,0,1,0,9,0,0,0,0,1,0,9,0,0,0,0,0,0,0,0
ILB,2026-05-09,5,0,0,0,0,0,0,0,0,1,1,0,3,0,0,0,0,2,0,3,0,0,0,0,0,0,0,0
ILB,2026-05-10,3,0,0,0,0,0,0,0,0,0,1,0,2,0,0,0,0,1,0,2,0,0,0,0,0,0,0,0
ILB,2026-05-11,6,0,0,0,0,0,0,0,1,1,1,0,4,0,0,0,2,2,0,4,0,0,0,0,0,0,0,0
ILB,2026-05-12,19,0,0,0,0,0,0,2,5,6,4,0,9,0,0,8,9,10,0,9,0,0,10.5,0,0,0,42.1,0
ILB,2026-05-13,4,0,0,0,0,0,3,3,3,3,0,0,1,0,3,3,3,3,0,1,0,75,75,0,0,75,75,0
ILB,2026-05-14,7,0,0,0,0,0,3,4,4,4,3,0,0,3,7,7,7,7,0,0,0,42.9,57.1,0,42.9,100,100,0
ILB,2026-05-15,7,0,0,0,0,0,3,4,4,4,3,0,0,0,5,6,6,7,0,0,0,42.9,57.1,0,0,71.4,85.7,0
ILB,2026-05-16,11,0,0,0,0,2,5,6,6,6,5,0,0,2,10,11,11,11,0,0,18.2,45.5,54.5,0,18.2,90.9,100,0
ILB,2026-05-17,4,0,0,0,0,0,1,1,1,2,1,0,1,0,3,3,3,3,0,1,0,25,25,0,0,75,75,0
ILB,2026-05-18,13,0,0,0,0,0,6,7,8,8,5,0,0,1,11,13,13,13,0,0,0,46.2,53.8,0,7.7,84.6,100,0
ILB,2026-05-19,5,0,0,0,0,1,3,4,4,4,1,0,0,1,4,5,5,5,0,0,20,60,80,0,20,80,100,0
ILB,2026-05-20,19,1,5.3,1,5.3,1,7,11,11,12,5,0,2,2,13,17,17,17,0,2,5.3,36.8,57.9,0,10.5,68.4,89.5,0
ILB,2026-05-21,15,0,0,0,0,3,8,11,11,11,3,0,1,3,13,14,14,14,0,1,20,53.3,73.3,0,20,86.7,93.3,0
ILB,2026-05-22,8,0,0,0,0,0,2,2,3,3,5,0,0,0,5,6,6,8,0,0,0,25,25,0,0,62.5,75,0
ILB,2026-05-23,6,0,0,0,0,1,3,3,4,4,2,0,0,1,5,6,6,6,0,0,16.7,50,50,0,16.7,83.3,100,0
ILB,2026-05-24,2,0,0,0,0,0,0,0,0,0,2,0,0,0,1,2,2,2,0,0,0,0,0,0,0,50,100,0
ILB,2026-05-25,10,0,0,0,0,1,5,7,7,7,2,0,1,1,9,9,9,9,0,1,10,50,70,0,10,90,90,0
ILB,2026-05-26,4,0,0,0,0,0,0,0,0,0,4,0,0,1,3,3,3,4,0,0,0,0,0,0,25,75,75,0
ILB,2026-05-27,11,0,0,0,0,0,5,6,6,8,2,0,1,0,10,10,10,10,0,1,0,45.5,54.5,0,0,90.9,90.9,0
ILB,2026-05-28,10,0,0,0,0,0,4,6,8,8,2,0,0,0,8,10,10,10,0,0,0,40,60,0,0,80,100,0
ILB,2026-05-29,6,0,0,0,0,0,2,4,4,4,2,0,0,0,6,6,6,6,0,0,0,33.3,66.7,0,0,100,100,0
ILB,2026-05-30,8,0,0,0,0,0,3,4,5,5,3,0,0,1,7,8,8,8,0,0,0,37.5,50,0,12.5,87.5,100,0
ILB,2026-05-31,5,0,0,0,0,0,0,0,0,1,4,0,0,0,3,4,4,5,0,0,0,0,0,0,0,60,80,0
ILB,2026-06-01,12,0,0,0,0,1,4,6,7,9,3,0,0,1,10,11,12,12,0,0,8.3,33.3,50,0,8.3,83.3,91.7,0
ILB,2026-06-02,5,0,0,0,0,0,1,2,2,2,2,0,1,1,3,3,3,4,0,1,0,20,40,0,20,60,60,0
ILB,2026-06-03,8,0,0,0,0,0,4,4,4,5,2,0,1,0,6,6,6,7,0,1,0,50,50,0,0,75,75,0
ILB,2026-06-04,12,0,0,0,0,1,7,7,7,7,4,0,1,2,9,10,10,11,0,1,8.3,58.3,58.3,0,16.7,75,83.3,0
ILB,2026-06-05,5,0,0,0,0,0,4,4,4,4,1,0,0,0,5,5,5,5,0,0,0,80,80,0,0,100,100,0
ILB,2026-06-06,7,0,0,0,0,1,3,4,4,4,2,0,1,4,6,6,6,6,0,1,14.3,42.9,57.1,0,57.1,85.7,85.7,0
ILB,2026-06-07,3,0,0,0,0,0,2,3,3,3,0,0,0,0,3,3,3,3,0,0,0,66.7,100,0,0,100,100,0
ILB,2026-06-08,13,0,0,0,0,0,5,7,8,8,3,0,2,0,8,11,11,11,0,2,0,38.5,53.8,0,0,61.5,84.6,0
ILB,2026-06-09,7,1,14.3,0,0,0,1,2,3,3,4,0,0,0,5,5,5,7,0,0,0,14.3,28.6,0,0,71.4,71.4,0
ILB,2026-06-10,3,0,0,0,0,0,3,3,3,3,0,0,0,0,3,3,3,3,0,0,0,100,100,0,0,100,100,0
ILB,2026-06-11,13,0,0,0,0,2,9,10,10,10,3,0,0,3,13,13,13,13,0,0,15.4,69.2,76.9,0,23.1,100,100,0
ILB,2026-06-12,6,0,0,0,0,0,3,3,4,4,2,0,0,0,6,6,6,6,0,0,0,50,50,0,0,100,100,0
ILB,2026-06-13,18,0,0,0,0,3,11,12,12,14,3,0,1,8,15,15,15,17,0,1,16.7,61.1,66.7,0,44.4,83.3,83.3,0
ILB,2026-06-14,7,0,0,0,0,1,3,4,4,4,3,0,0,2,5,7,7,7,0,0,14.3,42.9,57.1,0,28.6,71.4,100,0
ILB,2026-06-15,4,0,0,0,0,0,0,1,1,2,2,0,0,0,3,4,4,4,0,0,0,0,25,0,0,75,100,0
ILB,2026-06-16,14,0,0,0,0,2,6,10,10,10,3,0,1,3,12,13,13,13,0,1,14.3,42.9,71.4,0,21.4,85.7,92.9,0
ILB,2026-06-17,6,0,0,0,0,1,3,4,4,5,1,0,0,2,5,6,6,6,0,0,16.7,50,66.7,0,33.3,83.3,100,0
ILB,2026-06-18,17,0,0,0,0,2,8,9,9,9,8,0,0,4,15,16,16,17,0,0,11.8,47.1,52.9,0,23.5,88.2,94.1,0
ILB,2026-06-19,8,0,0,0,0,0,3,3,3,3,5,0,0,1,7,7,7,8,0,0,0,37.5,37.5,0,12.5,87.5,87.5,0
ILB,2026-06-20,8,0,0,0,0,0,0,1,2,3,5,0,0,1,5,6,7,8,0,0,0,0,12.5,0,12.5,62.5,75,0
ILB,2026-06-21,4,0,0,0,0,0,0,0,0,1,2,0,1,0,3,3,3,3,0,1,0,0,0,0,0,75,75,0
ILB,2026-06-22,6,0,0,0,0,0,4,4,5,5,1,0,0,0,5,5,6,6,0,0,0,66.7,66.7,0,0,83.3,83.3,0
ILB,2026-06-23,3,0,0,0,0,0,0,0,0,0,3,0,0,0,3,3,3,3,0,0,0,0,0,0,0,100,100,0
ILB,2026-06-24,14,1,7.1,1,7.1,4,8,9,10,11,2,0,1,6,12,12,13,13,0,1,28.6,57.1,64.3,0,42.9,85.7,85.7,0
ILB,2026-06-25,2,0,0,0,0,0,1,1,1,1,1,0,0,0,1,1,1,2,0,0,0,50,50,0,0,50,50,0
ILB,2026-06-26,5,0,0,0,0,0,3,4,4,4,1,0,0,0,5,5,5,5,0,0,0,60,80,0,0,100,100,0
ILB,2026-06-27,9,0,0,0,0,0,4,6,6,6,3,0,0,0,9,9,9,9,0,0,0,44.4,66.7,0,0,100,100,0
ILB,2026-06-28,3,0,0,0,0,0,2,3,3,3,0,0,0,0,3,3,3,3,0,0,0,66.7,100,0,0,100,100,0
ILB,2026-06-29,12,0,0,0,0,0,3,5,5,5,6,0,1,0,8,9,9,11,0,1,0,25,41.7,0,0,66.7,75,0
ILB,2026-06-30,5,0,0,0,0,0,1,2,3,4,1,0,0,0,1,2,4,5,0,0,0,20,40,0,0,20,40,0
ILB,2026-07-01,10,0,0,0,0,1,6,8,8,8,2,0,0,3,9,9,9,10,0,0,10,60,80,0,30,90,90,0
ILB,2026-07-02,8,0,0,0,0,0,4,4,4,6,2,0,0,0,7,8,8,8,0,0,0,50,50,0,0,87.5,100,0
ILB,2026-07-03,5,0,0,0,0,1,2,3,3,3,1,0,1,2,4,4,4,4,0,1,20,40,60,0,40,80,80,0
ILB,2026-07-04,3,0,0,0,0,0,1,1,2,2,1,0,0,0,3,3,3,3,0,0,0,33.3,33.3,0,0,100,100,0
ILB,2026-07-05,7,0,0,0,0,0,2,4,4,4,3,0,0,1,5,6,7,7,0,0,0,28.6,57.1,0,14.3,71.4,85.7,0
ILB,2026-07-06,6,0,0,0,0,0,1,2,3,4,2,0,0,0,3,3,5,6,0,0,0,16.7,33.3,0,0,50,50,0
ILB,2026-07-07,9,0,0,0,0,0,4,6,6,7,2,0,0,0,5,8,9,9,0,0,0,44.4,66.7,0,0,55.6,88.9,0
ILB,2026-07-08,12,0,0,0,0,1,4,8,10,10,1,0,1,1,10,11,11,11,0,1,8.3,33.3,66.7,0,8.3,83.3,91.7,0
ILB,2026-07-09,15,0,0,0,0,0,4,6,7,8,6,0,1,2,10,10,11,14,0,1,0,26.7,40,0,13.3,66.7,66.7,0
ILB,2026-07-10,13,1,7.7,0,0,2,5,8,8,9,2,0,2,2,9,10,10,11,0,2,15.4,38.5,61.5,0,15.4,69.2,76.9,0
ILB,2026-07-11,21,0,0,0,0,1,7,9,9,14,3,0,4,1,13,16,16,17,0,4,4.8,33.3,42.9,0,4.8,61.9,76.2,0
ILB,2026-07-12,3,1,33.3,0,0,0,1,2,2,2,0,0,1,0,1,2,2,2,0,1,0,33.3,66.7,0,0,33.3,66.7,0
ILB,2026-07-13,3,0,0,0,0,0,2,2,2,2,1,0,0,0,3,3,3,3,0,0,0,66.7,66.7,0,0,100,100,0
ILB,2026-07-14,9,0,0,0,0,0,4,7,8,8,1,0,0,0,7,8,9,9,0,0,0,44.4,77.8,0,0,77.8,88.9,0
ILB,2026-07-15,5,0,0,0,0,0,1,2,2,2,3,0,0,0,4,4,4,5,0,0,0,20,40,0,0,80,80,0
ILB,2026-07-16,9,0,0,0,0,0,6,6,7,7,2,0,0,0,7,9,9,9,0,0,0,66.7,66.7,0,0,77.8,100,0
ILB,2026-07-17,3,0,0,0,0,0,2,2,3,3,0,0,0,0,3,3,3,3,0,0,0,66.7,66.7,0,0,100,100,0
ILB,2026-07-18,8,0,0,0,0,0,3,5,6,6,2,0,0,3,7,8,8,8,0,0,0,37.5,62.5,0,37.5,87.5,100,0
ILB,2026-07-19,1,0,0,0,0,1,1,1,1,1,0,0,0,1,1,1,1,1,0,0,100,100,100,0,100,100,100,0
ILB,2026-07-20,4,0,0,0,0,1,1,2,2,2,2,0,0,2,3,4,4,4,0,0,25,25,50,0,50,75,100,0
ILB,2026-07-21,1,0,0,0,0,0,1,1,1,1,0,0,0,0,1,1,1,1,0,0,0,100,100,0,0,100,100,0
ILB,2026-07-22,1,0,0,0,0,1,1,1,1,1,0,0,0,1,1,1,1,1,0,0,100,100,100,0,100,100,100,0
ILB,2026-07-24,1,0,0,0,0,0,0,0,0,0,1,0,0,0,1,1,1,1,0,0,0,0,0,0,0,100,100,0
ILB,2026-07-26,1,0,0,0,0,0,0,0,0,0,1,0,0,0,1,1,1,1,0,0,0,0,0,0,0,100,100,0
ILB,2026-07-27,2,0,0,0,0,0,0,0,0,1,1,0,0,0,1,1,1,2,0,0,0,0,0,0,0,50,50,0
ILB,2026-07-30,1,0,0,0,0,0,1,1,1,1,0,0,0,0,1,1,1,1,0,0,0,100,100,0,0,100,100,0
ILB,2026-08-01,1,0,0,0,0,0,0,1,1,1,0,0,0,0,0,1,1,1,0,0,0,0,100,0,0,0,100,0
ILB,2026-08-03,1,0,0,0,0,0,1,1,1,1,0,0,0,0,1,1,1,1,0,0,0,100,100,0,0,100,100,0
ILB,2026-08-04,2,0,0,0,0,0,2,2,2,2,0,0,0,0,2,2,2,2,0,0,0,100,100,0,0,100,100,0
ILB,2026-08-05,2,0,0,0,0,0,0,0,0,0,1,0,1,0,1,1,1,1,0,1,0,0,0,0,0,50,50,0
ILB,2026-08-06,2,0,0,0,0,0,1,1,1,1,1,0,0,0,2,2,2,2,0,0,0,50,50,0,0,100,100,0
ILB,2026-08-07,8,0,0,0,0,1,4,5,5,5,1,0,2,2,6,6,6,6,0,2,12.5,50,62.5,0,25,75,75,0
ILB,2026-08-08,2,0,0,0,0,0,1,1,1,1,1,0,0,0,2,2,2,2,0,0,0,50,50,0,0,100,100,0
ILB,2026-08-09,3,0,0,0,0,0,2,2,2,2,1,0,0,1,3,3,3,3,0,0,0,66.7,66.7,0,33.3,100,100,0
ILB,2026-08-10,10,0,0,0,0,0,0,0,0,0,0,0,10,0,0,0,0,0,0,10,0,0,0,0,0,0,0,0
ILI,2026-05-09,1,0,0,0,0,0,0,0,0,0,0,0,1,0,0,0,0,0,0,1,0,0,0,0,0,0,0,0
ILI,2026-05-20,1,0,0,0,0,0,0,0,0,0,1,0,0,0,0,0,0,1,0,0,0,0,0,0,0,0,0,0
ILI,2026-05-21,1,0,0,0,0,0,0,0,0,0,1,0,0,0,0,1,1,1,0,0,0,0,0,0,0,0,100,0
ILI,2026-05-24,1,0,0,0,0,0,0,0,0,0,0,0,1,0,0,0,0,0,0,1,0,0,0,0,0,0,0,0
ILI,2026-05-26,1,0,0,0,0,0,1,1,1,1,0,0,0,0,1,1,1,1,0,0,0,100,100,0,0,100,100,0
ILI,2026-05-28,2,0,0,0,0,0,0,0,0,0,2,0,0,0,2,2,2,2,0,0,0,0,0,0,0,100,100,0
ILI,2026-06-01,1,0,0,0,0,0,1,1,1,1,0,0,0,1,1,1,1,1,0,0,0,100,100,0,100,100,100,0
ILI,2026-06-02,2,0,0,0,0,0,1,1,1,1,1,0,0,0,2,2,2,2,0,0,0,50,50,0,0,100,100,0
ILI,2026-06-04,1,0,0,0,0,0,1,1,1,1,0,0,0,0,1,1,1,1,0,0,0,100,100,0,0,100,100,0
ILI,2026-06-08,1,0,0,0,0,0,0,1,1,1,0,0,0,0,1,1,1,1,0,0,0,0,100,0,0,100,100,0
ILI,2026-06-10,1,0,0,0,0,1,1,1,1,1,0,0,0,1,1,1,1,1,0,0,100,100,100,0,100,100,100,0
ILI,2026-06-11,3,0,0,0,0,0,1,1,2,3,0,0,0,0,1,2,2,3,0,0,0,33.3,33.3,0,0,33.3,66.7,0
ILI,2026-06-13,1,0,0,0,0,1,1,1,1,1,0,0,0,1,1,1,1,1,0,0,100,100,100,0,100,100,100,0
ILI,2026-06-16,1,0,0,0,0,0,0,0,0,1,0,0,0,0,0,0,0,1,0,0,0,0,0,0,0,0,0,0
ILI,2026-06-18,3,1,33.3,0,0,0,0,0,1,1,2,0,0,0,3,3,3,3,0,0,0,0,0,0,0,100,100,0
ILI,2026-06-23,1,0,0,0,0,0,1,1,1,1,0,0,0,0,1,1,1,1,0,0,0,100,100,0,0,100,100,0
ILI,2026-06-24,1,0,0,0,0,0,0,1,1,1,0,0,0,0,1,1,1,1,0,0,0,0,100,0,0,100,100,0
ILI,2026-06-26,1,0,0,0,0,0,1,1,1,1,0,0,0,0,1,1,1,1,0,0,0,100,100,0,0,100,100,0
ILI,2026-06-29,2,0,0,0,0,0,1,1,1,1,0,0,1,0,1,1,1,1,0,1,0,50,50,0,0,50,50,0
ILI,2026-06-30,1,0,0,0,0,0,1,1,1,1,0,0,0,0,1,1,1,1,0,0,0,100,100,0,0,100,100,0
ILI,2026-07-01,1,0,0,0,0,0,1,1,1,1,0,0,0,0,1,1,1,1,0,0,0,100,100,0,0,100,100,0
ILI,2026-07-03,1,0,0,0,0,0,1,1,1,1,0,0,0,0,1,1,1,1,0,0,0,100,100,0,0,100,100,0
ILI,2026-07-06,3,0,0,0,0,0,1,1,2,2,1,0,0,0,3,3,3,3,0,0,0,33.3,33.3,0,0,100,100,0
ILI,2026-07-16,1,0,0,0,0,0,0,0,0,0,1,0,0,1,1,1,1,1,0,0,0,0,0,0,100,100,100,0
ILI,2026-07-17,2,0,0,0,0,0,1,1,1,1,1,0,0,0,1,2,2,2,0,0,0,50,50,0,0,50,100,0
ILI,2026-07-22,1,0,0,0,0,0,0,0,0,0,1,0,0,0,1,1,1,1,0,0,0,0,0,0,0,100,100,0
ILI,2026-07-27,1,0,0,0,0,0,0,0,0,0,1,0,0,0,1,1,1,1,0,0,0,0,0,0,0,100,100,0
ILI,2026-07-28,1,0,0,0,0,0,0,0,0,0,0,0,1,0,0,0,0,0,0,1,0,0,0,0,0,0,0,0
ILI,2026-08-08,1,0,0,0,0,0,0,1,1,1,0,0,0,0,0,1,1,1,0,0,0,0,100,0,0,0,100,0
ILQ,2026-05-08,1,0,0,0,0,0,0,0,0,0,0,0,1,0,0,0,0,0,0,1,0,0,0,0,0,0,0,0
ILQ,2026-05-09,3,0,0,0,0,0,0,0,0,0,3,0,0,0,0,0,0,3,0,0,0,0,0,0,0,0,0,0
ILQ,2026-07-20,1,0,0,0,0,0,0,0,0,0,1,0,0,0,1,1,1,1,0,0,0,0,0,0,0,100,100,0
ILS,2026-05-08,4,0,0,0,0,0,0,0,0,0,1,0,3,0,0,0,0,1,0,3,0,0,0,0,0,0,0,0
ILS,2026-05-09,3,0,0,0,0,0,0,0,0,0,0,0,3,0,0,0,0,0,0,3,0,0,0,0,0,0,0,0
ILS,2026-05-11,4,0,0,0,0,0,0,0,1,2,0,0,2,0,0,0,1,2,0,2,0,0,0,0,0,0,0,0
ILS,2026-05-12,6,0,0,0,0,0,0,0,1,1,2,0,3,0,0,2,3,3,0,3,0,0,0,0,0,0,33.3,0
ILS,2026-05-13,8,0,0,0,0,0,7,7,7,7,1,0,0,0,8,8,8,8,0,0,0,87.5,87.5,0,0,100,100,0
ILS,2026-05-14,3,0,0,0,0,0,1,1,1,2,0,0,1,1,2,2,2,2,0,1,0,33.3,33.3,0,33.3,66.7,66.7,0
ILS,2026-05-15,6,0,0,0,0,0,2,3,4,5,1,0,0,0,5,5,6,6,0,0,0,33.3,50,0,0,83.3,83.3,0
ILS,2026-05-16,2,0,0,0,0,0,1,1,1,1,1,0,0,0,1,1,1,2,0,0,0,50,50,0,0,50,50,0
ILS,2026-05-18,10,0,0,0,0,3,6,8,8,8,1,0,1,3,7,9,9,9,0,1,30,60,80,0,30,70,90,0
ILS,2026-05-19,7,0,0,0,0,2,4,5,5,6,1,0,0,3,7,7,7,7,0,0,28.6,57.1,71.4,0,42.9,100,100,0
ILS,2026-05-20,7,2,28.6,0,0,1,2,2,2,2,5,0,0,1,4,5,6,7,0,0,14.3,28.6,28.6,0,14.3,57.1,71.4,0
ILS,2026-05-21,1,1,100,1,100,0,0,0,0,0,0,0,1,0,0,0,0,0,0,1,0,0,0,0,0,0,0,0
ILS,2026-05-22,1,0,0,0,0,0,0,0,0,0,1,0,0,0,1,1,1,1,0,0,0,0,0,0,0,100,100,0
ILS,2026-05-23,2,0,0,0,0,0,1,1,1,1,1,0,0,0,1,2,2,2,0,0,0,50,50,0,0,50,100,0
ILS,2026-05-25,3,0,0,0,0,0,3,3,3,3,0,0,0,1,3,3,3,3,0,0,0,100,100,0,33.3,100,100,0
ILS,2026-05-26,3,0,0,0,0,0,2,2,2,2,1,0,0,0,3,3,3,3,0,0,0,66.7,66.7,0,0,100,100,0
ILS,2026-05-27,1,0,0,0,0,0,1,1,1,1,0,0,0,0,1,1,1,1,0,0,0,100,100,0,0,100,100,0
ILS,2026-05-28,3,0,0,0,0,0,1,1,1,2,1,0,0,0,3,3,3,3,0,0,0,33.3,33.3,0,0,100,100,0
ILS,2026-05-29,3,0,0,0,0,2,2,2,2,3,0,0,0,2,2,2,3,3,0,0,66.7,66.7,66.7,0,66.7,66.7,66.7,0
ILS,2026-05-30,2,0,0,0,0,0,0,0,0,0,2,0,0,2,2,2,2,2,0,0,0,0,0,0,100,100,100,0
ILS,2026-06-01,2,0,0,0,0,0,0,0,0,0,2,0,0,1,2,2,2,2,0,0,0,0,0,0,50,100,100,0
ILS,2026-06-02,5,0,0,0,0,0,3,3,3,4,1,0,0,3,4,4,4,5,0,0,0,60,60,0,60,80,80,0
ILS,2026-06-03,2,0,0,0,0,0,1,1,1,1,1,0,0,0,2,2,2,2,0,0,0,50,50,0,0,100,100,0
ILS,2026-06-04,8,0,0,0,0,0,3,5,6,6,2,0,0,1,7,7,8,8,0,0,0,37.5,62.5,0,12.5,87.5,87.5,0
ILS,2026-06-05,2,0,0,0,0,0,1,1,1,1,1,0,0,0,1,1,1,2,0,0,0,50,50,0,0,50,50,0
ILS,2026-06-06,4,0,0,0,0,0,3,3,3,3,1,0,0,0,4,4,4,4,0,0,0,75,75,0,0,100,100,0
ILS,2026-06-08,3,0,0,0,0,0,2,2,2,2,0,0,1,0,2,2,2,2,0,1,0,66.7,66.7,0,0,66.7,66.7,0
ILS,2026-06-09,2,0,0,0,0,0,0,1,2,2,0,0,0,0,2,2,2,2,0,0,0,0,50,0,0,100,100,0
ILS,2026-06-10,1,0,0,0,0,0,0,0,0,0,1,0,0,1,1,1,1,1,0,0,0,0,0,0,100,100,100,0
ILS,2026-06-11,2,0,0,0,0,0,0,1,1,1,1,0,0,0,0,1,1,2,0,0,0,0,50,0,0,0,50,0
ILS,2026-06-12,2,0,0,0,0,0,1,1,2,2,0,0,0,0,1,1,2,2,0,0,0,50,50,0,0,50,50,0
ILS,2026-06-13,2,0,0,0,0,0,1,1,1,2,0,0,0,0,2,2,2,2,0,0,0,50,50,0,0,100,100,0
ILS,2026-06-14,1,0,0,0,0,0,0,0,0,0,1,0,0,0,1,1,1,1,0,0,0,0,0,0,0,100,100,0
ILS,2026-06-15,4,0,0,0,0,0,2,2,2,3,1,0,0,0,4,4,4,4,0,0,0,50,50,0,0,100,100,0
ILS,2026-06-16,3,0,0,0,0,0,1,1,2,3,0,0,0,0,2,2,3,3,0,0,0,33.3,33.3,0,0,66.7,66.7,0
ILS,2026-06-17,3,0,0,0,0,0,0,0,2,2,1,0,0,1,3,3,3,3,0,0,0,0,0,0,33.3,100,100,0
ILS,2026-06-18,2,0,0,0,0,0,1,1,1,1,1,0,0,0,2,2,2,2,0,0,0,50,50,0,0,100,100,0
ILS,2026-06-20,3,0,0,0,0,0,1,1,1,3,0,0,0,1,2,3,3,3,0,0,0,33.3,33.3,0,33.3,66.7,100,0
ILS,2026-06-22,2,0,0,0,0,0,1,1,1,1,1,0,0,0,1,1,1,2,0,0,0,50,50,0,0,50,50,0
ILS,2026-06-23,2,0,0,0,0,0,1,1,1,1,1,0,0,0,2,2,2,2,0,0,0,50,50,0,0,100,100,0
ILS,2026-06-24,7,0,0,0,0,0,6,6,6,6,0,0,1,0,6,6,6,6,0,1,0,85.7,85.7,0,0,85.7,85.7,0
ILS,2026-06-27,1,0,0,0,0,1,1,1,1,1,0,0,0,1,1,1,1,1,0,0,100,100,100,0,100,100,100,0
ILS,2026-06-28,1,0,0,0,0,0,1,1,1,1,0,0,0,0,1,1,1,1,0,0,0,100,100,0,0,100,100,0
ILS,2026-06-29,5,0,0,0,0,0,2,3,3,3,2,0,0,0,5,5,5,5,0,0,0,40,60,0,0,100,100,0
ILS,2026-06-30,3,0,0,0,0,0,1,1,1,3,0,0,0,0,2,2,3,3,0,0,0,33.3,33.3,0,0,66.7,66.7,0
ILS,2026-07-01,2,0,0,0,0,0,1,1,1,1,1,0,0,0,1,1,2,2,0,0,0,50,50,0,0,50,50,0
ILS,2026-07-02,1,0,0,0,0,0,0,0,0,1,0,0,0,0,0,0,1,1,0,0,0,0,0,0,0,0,0,0
ILS,2026-07-04,1,0,0,0,0,0,0,0,0,0,1,0,0,0,1,1,1,1,0,0,0,0,0,0,0,100,100,0
ILS,2026-07-06,4,0,0,0,0,0,1,1,3,3,1,0,0,0,3,3,4,4,0,0,0,25,25,0,0,75,75,0
ILS,2026-07-07,3,0,0,0,0,0,1,1,1,1,2,0,0,0,2,2,2,3,0,0,0,33.3,33.3,0,0,66.7,66.7,0
ILS,2026-07-09,1,0,0,0,0,0,0,0,0,0,1,0,0,0,0,0,0,1,0,0,0,0,0,0,0,0,0,0
ILS,2026-07-10,2,0,0,0,0,0,1,2,2,2,0,0,0,0,2,2,2,2,0,0,0,50,100,0,0,100,100,0
ILS,2026-07-11,3,0,0,0,0,0,0,1,2,2,0,0,1,0,1,1,2,2,0,1,0,0,33.3,0,0,33.3,33.3,0
ILS,2026-07-12,1,0,0,0,0,0,1,1,1,1,0,0,0,0,1,1,1,1,0,0,0,100,100,0,0,100,100,0
ILS,2026-07-14,1,0,0,0,0,0,1,1,1,1,0,0,0,0,1,1,1,1,0,0,0,100,100,0,0,100,100,0
ILS,2026-07-17,1,0,0,0,0,0,0,1,1,1,0,0,0,0,0,1,1,1,0,0,0,0,100,0,0,0,100,0
ILS,2026-07-18,3,0,0,0,0,0,2,3,3,3,0,0,0,0,2,3,3,3,0,0,0,66.7,100,0,0,66.7,100,0
ILS,2026-07-20,2,0,0,0,0,0,0,1,1,1,1,0,0,0,0,1,1,2,0,0,0,0,50,0,0,0,50,0
ILS,2026-07-27,3,0,0,0,0,0,2,2,3,3,0,0,0,0,3,3,3,3,0,0,0,66.7,66.7,0,0,100,100,0
ILS,2026-07-28,2,0,0,0,0,0,0,0,0,0,2,0,0,1,2,2,2,2,0,0,0,0,0,0,50,100,100,0
ILS,2026-08-05,3,0,0,0,0,0,0,0,0,0,3,0,0,0,3,3,3,3,0,0,0,0,0,0,0,100,100,0
ILS,2026-08-08,2,0,0,0,0,0,0,0,0,0,1,0,1,0,1,1,1,1,0,1,0,0,0,0,0,50,50,0
ILS,2026-08-10,1,0,0,0,0,0,0,0,0,0,0,0,1,0,0,0,0,0,0,1,0,0,0,0,0,0,0,0
JEW,2026-06-12,1,0,0,0,0,0,0,0,0,0,1,0,0,0,1,1,1,1,0,0,0,0,0,0,0,100,100,0
JHA,2026-07-14,1,0,0,0,0,0,0,1,1,1,0,0,0,0,1,1,1,1,0,0,0,0,100,0,0,100,100,0
KOS,2026-06-19,1,0,0,0,0,0,0,0,0,0,1,0,0,0,1,1,1,1,0,0,0,0,0,0,0,100,100,0
LGW,2026-05-11,1,0,0,0,0,0,0,0,0,0,0,0,1,0,0,0,0,0,0,1,0,0,0,0,0,0,0,0
LGW,2026-05-12,1,0,0,0,0,0,0,0,0,1,0,0,0,0,0,0,0,1,0,0,0,0,0,0,0,0,0,0
LGW,2026-05-14,1,0,0,0,0,0,0,0,0,1,0,0,0,0,0,0,1,1,0,0,0,0,0,0,0,0,0,0
LGW,2026-05-18,3,0,0,0,0,0,0,0,0,3,0,0,0,0,0,0,0,3,0,0,0,0,0,0,0,0,0,0
LGW,2026-05-19,2,0,0,0,0,0,0,0,0,1,1,0,0,0,0,0,0,2,0,0,0,0,0,0,0,0,0,0
LGW,2026-05-20,9,0,0,0,0,0,0,0,0,5,2,0,2,0,0,0,0,7,0,2,0,0,0,0,0,0,0,0
LGW,2026-05-21,15,0,0,0,0,0,0,0,0,12,1,0,2,0,0,0,0,13,0,2,0,0,0,0,0,0,0,0
LGW,2026-05-22,9,0,0,0,0,0,0,0,0,7,1,0,1,0,0,0,0,8,0,1,0,0,0,0,0,0,0,0
LGW,2026-05-23,7,0,0,0,0,0,0,0,0,3,3,0,1,0,0,0,0,6,0,1,0,0,0,0,0,0,0,0
LGW,2026-05-25,17,0,0,0,0,0,0,0,0,9,4,3,1,0,0,0,0,13,3,1,0,0,0,17.6,0,0,0,17.6
LGW,2026-05-26,19,0,0,0,0,0,0,0,0,8,3,6,2,0,0,0,0,11,6,2,0,0,0,31.6,0,0,0,31.6
LGW,2026-05-29,33,0,0,0,0,0,0,0,1,21,5,5,2,0,0,0,2,26,5,2,0,0,0,15.2,0,0,0,15.2
LGW,2026-05-30,31,0,0,0,0,0,0,0,0,19,8,4,0,0,0,0,0,27,4,0,0,0,0,12.9,0,0,0,12.9
LGW,2026-06-01,48,0,0,0,0,0,0,0,0,27,10,8,3,0,0,0,0,37,8,3,0,0,0,16.7,0,0,0,16.7
LGW,2026-06-02,24,0,0,0,0,0,0,0,2,19,1,1,3,0,0,0,2,20,1,3,0,0,0,4.2,0,0,0,4.2
LGW,2026-06-03,30,0,0,0,0,0,0,0,0,18,9,0,3,0,0,0,0,27,0,3,0,0,0,0,0,0,0,0
LGW,2026-06-04,16,0,0,0,0,0,0,0,0,9,5,2,0,0,0,0,0,14,2,0,0,0,0,12.5,0,0,0,12.5
LGW,2026-06-05,30,0,0,0,0,0,0,0,0,22,6,1,1,0,0,0,0,28,1,1,0,0,0,3.3,0,0,0,3.3
LGW,2026-06-08,32,0,0,0,0,0,0,0,0,22,6,2,2,0,0,0,0,28,2,2,0,0,0,6.3,0,0,0,6.3
LGW,2026-06-09,27,0,0,0,0,0,0,0,0,15,4,5,3,0,0,0,2,19,5,3,0,0,0,18.5,0,0,0,18.5
LGW,2026-06-10,1,0,0,0,0,0,0,0,0,1,0,0,0,0,0,0,0,1,0,0,0,0,0,0,0,0,0,0
LGW,2026-06-11,50,0,0,0,0,0,0,0,0,34,13,1,2,0,0,0,0,47,1,2,0,0,0,2,0,0,0,2
LGW,2026-06-12,4,0,0,0,0,0,0,0,0,3,0,0,1,0,0,0,0,3,0,1,0,0,0,0,0,0,0,0
LGW,2026-06-13,59,0,0,0,0,0,0,0,0,45,11,0,3,0,0,0,1,56,0,3,0,0,0,0,0,0,0,0
LGW,2026-06-15,44,0,0,0,0,0,0,0,0,2,0,0,42,0,0,0,0,2,0,42,0,0,0,0,0,0,0,0
LGW,2026-06-16,19,0,0,0,0,0,0,0,1,10,7,1,1,0,0,0,1,17,1,1,0,0,0,5.3,0,0,0,5.3
LGW,2026-06-17,49,0,0,0,0,0,0,0,3,23,10,15,1,0,0,0,4,33,15,1,0,0,0,30.6,0,0,0,30.6
LGW,2026-06-18,1,0,0,0,0,0,0,0,0,0,1,0,0,0,0,0,0,1,0,0,0,0,0,0,0,0,0,0
LGW,2026-06-19,29,0,0,0,0,0,0,0,2,27,1,0,1,0,0,0,2,28,0,1,0,0,0,0,0,0,0,0
LGW,2026-06-20,74,0,0,0,0,0,0,0,0,53,16,0,5,0,0,0,0,69,0,5,0,0,0,0,0,0,0,0
LGW,2026-06-22,28,0,0,0,0,0,0,2,4,25,2,0,1,0,0,2,4,27,0,1,0,0,7.1,0,0,0,7.1,0
LGW,2026-06-23,25,0,0,0,0,0,0,1,6,24,1,0,0,0,0,1,7,25,0,0,0,0,4,0,0,0,4,0
LGW,2026-06-24,26,0,0,0,0,0,0,1,4,18,8,0,0,0,0,1,6,26,0,0,0,0,3.8,0,0,0,3.8,0
LGW,2026-06-25,50,0,0,0,0,0,0,0,1,32,15,1,2,0,0,0,3,47,1,2,0,0,0,2,0,0,0,2
LGW,2026-06-26,31,0,0,0,0,0,0,0,2,28,2,0,1,0,0,0,4,30,0,1,0,0,0,0,0,0,0,0
LGW,2026-06-27,27,0,0,0,0,0,0,0,0,21,5,0,1,0,0,0,0,26,0,1,0,0,0,0,0,0,0,0
LGW,2026-06-29,24,0,0,0,0,0,0,0,0,17,3,1,3,0,0,0,0,20,1,3,0,0,0,4.2,0,0,0,4.2
LGW,2026-06-30,27,0,0,0,0,0,0,0,0,21,5,1,0,0,0,0,0,26,1,0,0,0,0,3.7,0,0,0,3.7
LGW,2026-07-01,23,0,0,0,0,0,0,0,0,18,4,1,0,0,0,0,1,22,1,0,0,0,0,4.3,0,0,0,4.3
LGW,2026-07-02,47,0,0,0,0,0,0,0,1,29,10,3,5,0,0,0,2,39,3,5,0,0,0,6.4,0,0,0,6.4
LGW,2026-07-03,26,0,0,0,0,0,0,0,0,23,1,1,1,0,0,0,1,24,1,1,0,0,0,3.8,0,0,0,3.8
LGW,2026-07-04,15,0,0,0,0,0,0,0,0,10,3,1,1,0,0,0,0,13,1,1,0,0,0,6.7,0,0,0,6.7
LGW,2026-07-06,17,0,0,0,0,0,0,0,0,15,2,0,0,0,0,0,0,17,0,0,0,0,0,0,0,0,0,0
LGW,2026-07-07,14,0,0,0,0,0,0,0,0,8,4,0,2,0,0,0,0,12,0,2,0,0,0,0,0,0,0,0
LGW,2026-07-08,28,1,3.6,0,0,0,0,0,0,25,1,1,1,0,0,0,0,26,1,1,0,0,0,3.6,0,0,0,3.6
LGW,2026-07-09,95,2,2.1,0,0,0,1,1,3,33,12,3,47,0,4,5,7,45,3,47,0,1.1,1.1,3.2,0,4.2,5.3,3.2
LGW,2026-07-10,51,1,2,0,0,0,0,0,2,38,8,2,3,0,0,0,3,46,2,3,0,0,0,3.9,0,0,0,3.9
LGW,2026-07-11,27,3,11.1,0,0,0,0,0,0,20,4,0,3,0,0,0,0,24,0,3,0,0,0,0,0,0,0,0
LGW,2026-07-13,40,5,12.5,0,0,0,0,0,0,25,9,1,5,0,0,0,0,34,1,5,0,0,0,2.5,0,0,0,2.5
LGW,2026-07-14,56,3,5.4,0,0,0,0,0,0,45,10,0,1,0,0,0,0,55,0,1,0,0,0,0,0,0,0,0
LGW,2026-07-15,70,1,1.4,0,0,0,0,0,0,27,1,5,37,0,0,0,0,28,5,37,0,0,0,7.1,0,0,0,7.1
LGW,2026-07-16,53,3,5.7,0,0,0,0,0,3,48,1,3,1,0,0,0,3,49,3,1,0,0,0,5.7,0,0,0,5.7
LGW,2026-07-17,30,1,3.3,0,0,0,0,0,0,25,3,2,0,0,0,0,0,28,2,0,0,0,0,6.7,0,0,0,6.7
LGW,2026-07-18,27,3,11.1,0,0,0,0,0,0,20,4,2,1,0,0,0,0,24,2,1,0,0,0,7.4,0,0,0,7.4
LGW,2026-07-20,53,3,5.7,0,0,0,0,0,0,38,12,0,3,0,0,0,0,50,0,3,0,0,0,0,0,0,0,0
LGW,2026-07-21,58,4,6.9,0,0,0,2,5,8,37,14,2,5,0,14,16,20,51,2,5,0,3.4,8.6,3.4,0,24.1,27.6,3.4
LGW,2026-07-22,32,3,9.4,0,0,0,1,1,1,13,4,0,15,0,2,3,3,17,0,15,0,3.1,3.1,0,0,6.3,9.4,0
LGW,2026-07-23,44,3,6.8,0,0,0,2,4,5,33,7,1,3,0,4,5,9,40,1,3,0,4.5,9.1,2.3,0,9.1,11.4,2.3
LGW,2026-07-24,39,0,0,0,0,0,0,0,1,36,2,0,1,0,0,0,1,38,0,1,0,0,0,0,0,0,0,0
LGW,2026-07-25,35,0,0,0,0,0,0,0,0,31,1,0,3,0,0,0,0,32,0,3,0,0,0,0,0,0,0,0
LGW,2026-07-27,62,0,0,0,0,0,0,0,0,43,10,0,9,0,0,0,0,53,0,9,0,0,0,0,0,0,0,0
LGW,2026-07-28,112,2,1.8,0,0,0,0,0,0,30,12,0,70,0,0,0,0,42,0,70,0,0,0,0,0,0,0,0
LGW,2026-07-29,58,0,0,0,0,1,3,5,9,37,11,0,10,1,11,13,14,48,0,10,1.7,5.2,8.6,0,1.7,19,22.4,0
LGW,2026-07-30,96,8,8.3,0,0,0,2,3,3,53,31,4,8,0,8,9,9,84,4,8,0,2.1,3.1,4.2,0,8.3,9.4,4.2
LGW,2026-07-31,49,1,2,0,0,0,0,0,0,33,8,1,7,0,0,0,0,41,1,7,0,0,0,2,0,0,0,2
LGW,2026-08-01,81,6,7.4,0,0,0,0,0,0,39,18,3,21,0,0,0,0,57,3,21,0,0,0,3.7,0,0,0,3.7
LGW,2026-08-03,84,2,2.4,1,1.2,2,5,8,8,22,7,1,54,4,9,10,10,29,1,54,2.4,6,9.5,1.2,4.8,10.7,11.9,1.2
LGW,2026-08-05,109,11,10.1,11,10.1,0,3,5,5,7,3,0,99,0,5,6,6,10,0,99,0,2.8,4.6,0,0,4.6,5.5,0
LGW,2026-08-06,116,0,0,0,0,0,1,1,1,2,1,0,113,0,1,1,1,3,0,113,0,0.9,0.9,0,0,0.9,0.9,0
LGW,2026-08-07,63,0,0,0,0,0,4,5,5,5,3,0,55,1,5,6,8,8,0,55,0,6.3,7.9,0,1.6,7.9,9.5,0
LGW,2026-08-08,51,0,0,0,0,0,0,0,0,0,0,0,51,0,0,0,0,0,0,51,0,0,0,0,0,0,0,0
LGW,2026-08-09,1,0,0,0,0,0,0,0,0,0,0,0,1,0,0,0,0,0,0,1,0,0,0,0,0,0,0,0
LGW,2026-08-10,83,0,0,0,0,0,0,0,0,0,0,0,83,0,0,0,0,0,0,83,0,0,0,0,0,0,0,0
LHL,2026-05-10,1,0,0,0,0,0,0,0,0,0,0,0,1,0,0,0,0,0,0,1,0,0,0,0,0,0,0,0
LHL,2026-06-12,17,0,0,0,0,0,9,10,11,11,6,0,0,0,16,17,17,17,0,0,0,52.9,58.8,0,0,94.1,100,0
LHL,2026-06-13,19,0,0,0,0,5,15,17,19,19,0,0,0,6,19,19,19,19,0,0,26.3,78.9,89.5,0,31.6,100,100,0
LHL,2026-06-14,55,0,0,0,0,6,37,48,49,52,3,0,0,10,48,52,53,55,0,0,10.9,67.3,87.3,0,18.2,87.3,94.5,0
LHL,2026-06-15,71,0,0,0,0,19,55,64,68,68,2,1,0,19,67,67,69,70,1,0,26.8,77.5,90.1,1.4,26.8,94.4,94.4,1.4
LHL,2026-06-16,90,0,0,0,0,18,58,70,78,84,5,1,0,19,70,80,86,89,1,0,20,64.4,77.8,1.1,21.1,77.8,88.9,1.1
LHL,2026-06-17,164,0,0,0,0,18,117,138,145,159,2,0,3,22,151,154,158,161,0,3,11,71.3,84.1,0,13.4,92.1,93.9,0
LHL,2026-06-18,106,0,0,0,0,17,73,83,84,95,8,2,1,23,99,100,100,103,2,1,16,68.9,78.3,1.9,21.7,93.4,94.3,1.9
LHL,2026-06-19,135,0,0,0,0,10,95,111,116,124,10,0,1,19,125,132,132,134,0,1,7.4,70.4,82.2,0,14.1,92.6,97.8,0
LHL,2026-06-20,152,1,0.7,0,0,21,106,123,136,140,10,1,1,44,127,141,148,150,1,1,13.8,69.7,80.9,0.7,28.9,83.6,92.8,0.7
LHL,2026-06-21,184,0,0,0,0,21,127,158,165,178,3,3,0,25,159,171,175,181,3,0,11.4,69,85.9,1.6,13.6,86.4,92.9,1.6
LHL,2026-06-22,272,0,0,0,0,59,177,221,235,252,16,4,0,72,236,256,260,268,4,0,21.7,65.1,81.3,1.5,26.5,86.8,94.1,1.5
LHL,2026-06-23,192,0,0,0,0,51,129,155,164,176,15,1,0,63,160,179,184,191,1,0,26.6,67.2,80.7,0.5,32.8,83.3,93.2,0.5
LHL,2026-06-24,183,0,0,0,0,27,122,143,154,170,7,4,2,37,157,173,173,177,4,2,14.8,66.7,78.1,2.2,20.2,85.8,94.5,2.2
LHL,2026-06-25,131,0,0,0,0,19,78,99,110,121,7,0,3,26,102,118,123,128,0,3,14.5,59.5,75.6,0,19.8,77.9,90.1,0
LHL,2026-06-26,133,0,0,0,0,23,71,97,108,129,4,0,0,32,103,109,118,133,0,0,17.3,53.4,72.9,0,24.1,77.4,82,0
LHL,2026-06-27,127,0,0,0,0,32,71,82,98,116,10,0,1,37,95,110,117,126,0,1,25.2,55.9,64.6,0,29.1,74.8,86.6,0
LHL,2026-06-28,106,0,0,0,0,8,62,77,88,94,12,0,0,17,87,95,102,106,0,0,7.5,58.5,72.6,0,16,82.1,89.6,0
LHL,2026-06-29,179,0,0,0,0,31,103,134,140,155,17,1,6,40,130,152,159,172,1,6,17.3,57.5,74.9,0.6,22.3,72.6,84.9,0.6
LHL,2026-06-30,166,0,0,0,0,37,93,104,123,142,15,1,8,52,118,133,147,157,1,8,22.3,56,62.7,0.6,31.3,71.1,80.1,0.6
LHL,2026-07-01,212,0,0,0,0,22,128,150,164,185,22,2,3,32,173,193,198,207,2,3,10.4,60.4,70.8,0.9,15.1,81.6,91,0.9
LHL,2026-07-02,191,0,0,0,0,38,134,151,162,167,20,1,3,46,152,172,182,187,1,3,19.9,70.2,79.1,0.5,24.1,79.6,90.1,0.5
LHL,2026-07-03,90,0,0,0,0,32,64,77,80,85,3,1,1,37,77,83,85,88,1,1,35.6,71.1,85.6,1.1,41.1,85.6,92.2,1.1
LHL,2026-07-04,22,0,0,0,0,1,10,12,14,18,4,0,0,1,11,17,18,22,0,0,4.5,45.5,54.5,0,4.5,50,77.3,0
LHL,2026-07-05,35,1,2.9,0,0,1,18,25,25,31,4,0,0,1,26,28,28,35,0,0,2.9,51.4,71.4,0,2.9,74.3,80,0
LHL,2026-07-06,21,0,0,0,0,4,14,20,20,21,0,0,0,5,15,21,21,21,0,0,19,66.7,95.2,0,23.8,71.4,100,0
LHL,2026-07-07,8,0,0,0,0,1,2,4,4,7,0,0,1,2,3,5,7,7,0,1,12.5,25,50,0,25,37.5,62.5,0
LHL,2026-07-08,11,0,0,0,0,0,10,10,11,11,0,0,0,0,11,11,11,11,0,0,0,90.9,90.9,0,0,100,100,0
LHL,2026-07-09,168,1,0.6,0,0,5,104,127,135,145,15,0,8,11,137,150,153,160,0,8,3,61.9,75.6,0,6.5,81.5,89.3,0
LHL,2026-07-10,85,1,1.2,0,0,10,46,51,59,67,14,0,4,10,67,71,77,81,0,4,11.8,54.1,60,0,11.8,78.8,83.5,0
LHL,2026-07-11,675,12,1.8,0,0,114,256,325,345,407,199,57,12,183,455,514,554,606,57,12,16.9,37.9,48.1,8.4,27.1,67.4,76.1,8.4
LHL,2026-07-12,26,0,0,0,0,1,14,18,19,23,2,1,0,2,17,20,23,25,1,0,3.8,53.8,69.2,3.8,7.7,65.4,76.9,3.8
LHL,2026-07-13,42,0,0,0,0,4,20,28,32,36,6,0,0,8,26,32,37,42,0,0,9.5,47.6,66.7,0,19,61.9,76.2,0
LHL,2026-07-14,61,1,1.6,0,0,1,33,37,44,51,8,1,1,2,46,48,55,59,1,1,1.6,54.1,60.7,1.6,3.3,75.4,78.7,1.6
LHL,2026-07-15,41,3,7.3,0,0,2,19,30,31,35,3,1,2,4,26,36,36,38,1,2,4.9,46.3,73.2,2.4,9.8,63.4,87.8,2.4
LHL,2026-07-16,24,1,4.2,0,0,2,17,22,23,23,0,0,1,3,19,23,23,23,0,1,8.3,70.8,91.7,0,12.5,79.2,95.8,0
LHL,2026-07-17,20,0,0,0,0,9,16,17,17,19,0,0,1,9,17,17,17,19,0,1,45,80,85,0,45,85,85,0
LHL,2026-07-18,12,0,0,0,0,1,3,5,7,8,2,1,1,1,7,9,10,10,1,1,8.3,25,41.7,8.3,8.3,58.3,75,8.3
LHL,2026-07-19,20,0,0,0,0,4,12,15,15,18,2,0,0,5,13,17,17,20,0,0,20,60,75,0,25,65,85,0
LHL,2026-07-20,23,0,0,0,0,4,15,15,15,20,1,0,2,6,16,17,18,21,0,2,17.4,65.2,65.2,0,26.1,69.6,73.9,0
LHL,2026-07-21,10,0,0,0,0,2,4,8,8,8,0,0,2,4,6,8,8,8,0,2,20,40,80,0,40,60,80,0
LHL,2026-07-22,31,0,0,0,0,2,19,27,28,30,1,0,0,6,23,30,31,31,0,0,6.5,61.3,87.1,0,19.4,74.2,96.8,0
LHL,2026-07-23,39,1,2.6,0,0,6,20,31,32,33,4,2,0,6,30,37,37,37,2,0,15.4,51.3,79.5,5.1,15.4,76.9,94.9,5.1
LHL,2026-07-24,24,0,0,0,0,0,10,12,21,23,0,1,0,0,11,12,21,23,1,0,0,41.7,50,4.2,0,45.8,50,4.2
LHL,2026-07-25,26,0,0,0,0,11,14,17,19,25,1,0,0,12,18,22,24,26,0,0,42.3,53.8,65.4,0,46.2,69.2,84.6,0
LHL,2026-07-26,22,0,0,0,0,0,10,11,13,21,1,0,0,0,15,16,17,22,0,0,0,45.5,50,0,0,68.2,72.7,0
LHL,2026-07-27,42,0,0,0,0,1,21,29,34,39,2,0,1,2,37,38,41,41,0,1,2.4,50,69,0,4.8,88.1,90.5,0
LHL,2026-07-28,31,0,0,0,0,8,18,20,22,26,5,0,0,8,22,25,29,31,0,0,25.8,58.1,64.5,0,25.8,71,80.6,0
LHL,2026-07-29,34,0,0,0,0,3,14,21,21,24,10,0,0,5,29,31,31,34,0,0,8.8,41.2,61.8,0,14.7,85.3,91.2,0
LHL,2026-07-30,31,1,3.2,0,0,5,16,16,16,18,13,0,0,17,28,28,28,31,0,0,16.1,51.6,51.6,0,54.8,90.3,90.3,0
LHL,2026-07-31,14,0,0,0,0,5,12,12,14,14,0,0,0,5,14,14,14,14,0,0,35.7,85.7,85.7,0,35.7,100,100,0
LHL,2026-08-01,20,0,0,0,0,6,15,19,20,20,0,0,0,9,19,20,20,20,0,0,30,75,95,0,45,95,100,0
LHL,2026-08-02,21,0,0,0,0,1,14,16,17,20,1,0,0,2,20,21,21,21,0,0,4.8,66.7,76.2,0,9.5,95.2,100,0
LHL,2026-08-03,39,1,2.6,0,0,2,19,26,28,32,7,0,0,3,33,36,38,39,0,0,5.1,48.7,66.7,0,7.7,84.6,92.3,0
LHL,2026-08-04,32,0,0,0,0,11,21,24,31,31,1,0,0,13,25,27,32,32,0,0,34.4,65.6,75,0,40.6,78.1,84.4,0
LHL,2026-08-05,50,0,0,0,0,6,23,33,34,36,10,0,4,8,43,45,46,46,0,4,12,46,66,0,16,86,90,0
LHL,2026-08-06,30,0,0,0,0,1,20,22,22,23,2,0,5,3,23,24,24,25,0,5,3.3,66.7,73.3,0,10,76.7,80,0
LHL,2026-08-07,17,0,0,0,0,4,12,13,16,16,0,0,1,4,14,15,16,16,0,1,23.5,70.6,76.5,0,23.5,82.4,88.2,0
LHL,2026-08-08,29,0,0,0,0,3,20,26,26,26,2,0,1,9,23,28,28,28,0,1,10.3,69,89.7,0,31,79.3,96.6,0
LHL,2026-08-09,18,0,0,0,0,1,13,13,13,13,1,0,4,4,14,14,14,14,0,4,5.6,72.2,72.2,0,22.2,77.8,77.8,0
LHL,2026-08-10,32,0,0,0,0,3,3,3,3,3,0,0,29,3,3,3,3,3,0,29,9.4,9.4,9.4,0,9.4,9.4,9.4,0
LIV,2026-05-08,141,0,0,0,0,0,0,0,0,4,0,0,137,0,0,0,0,4,0,137,0,0,0,0,0,0,0,0
LIV,2026-05-09,147,0,0,0,0,0,0,0,0,7,5,1,134,0,0,0,0,11,1,135,0,0,0,0.7,0,0,0,0.7
LIV,2026-05-10,122,0,0,0,0,0,0,0,0,8,1,0,113,0,0,0,0,9,0,113,0,0,0,0,0,0,0,0
LIV,2026-05-11,195,0,0,0,0,0,0,0,8,20,13,1,161,0,0,0,19,33,1,161,0,0,0,0.5,0,0,0,0.5
LIV,2026-05-12,160,0,0,0,0,0,0,32,35,40,6,2,112,0,0,36,40,43,2,115,0,0,20,1.3,0,0,22.5,1.3
LIV,2026-05-13,111,0,0,0,0,0,65,80,83,90,5,0,16,0,83,90,91,95,0,16,0,58.6,72.1,0,0,74.8,81.1,0
LIV,2026-05-14,131,0,0,0,0,18,88,103,107,114,15,2,0,27,117,124,126,129,2,0,13.7,67.2,78.6,1.5,20.6,89.3,94.7,1.5
LIV,2026-05-15,121,0,0,0,0,1,90,95,103,110,6,4,1,1,107,110,113,116,4,1,0.8,74.4,78.5,3.3,0.8,88.4,90.9,3.3
LIV,2026-05-16,98,0,0,0,0,9,52,74,82,91,6,1,0,16,77,94,96,97,1,0,9.2,53.1,75.5,1,16.3,78.6,95.9,1
LIV,2026-05-17,93,0,0,0,0,8,61,73,79,84,5,2,2,11,80,87,88,89,2,2,8.6,65.6,78.5,2.2,11.8,86,93.5,2.2
LIV,2026-05-18,217,0,0,0,0,20,144,168,179,197,14,4,2,23,184,195,202,211,4,2,9.2,66.4,77.4,1.8,10.6,84.8,89.9,1.8
LIV,2026-05-19,417,2,0.5,0,0,29,237,298,324,361,43,11,2,49,328,366,386,404,11,2,7,56.8,71.5,2.6,11.8,78.7,87.8,2.6
LIV,2026-05-20,351,1,0.3,0,0,24,197,242,265,293,39,12,7,36,269,303,312,332,12,7,6.8,56.1,68.9,3.4,10.3,76.6,86.3,3.4
LIV,2026-05-21,389,0,0,0,0,32,244,284,297,339,36,8,6,54,323,342,349,375,8,6,8.2,62.7,73,2.1,13.9,83,87.9,2.1
LIV,2026-05-22,304,1,0.3,0,0,25,183,227,250,264,21,12,7,37,245,268,275,285,12,7,8.2,60.2,74.7,3.9,12.2,80.6,88.2,3.9
LIV,2026-05-23,338,1,0.3,0,0,31,179,242,262,279,43,9,7,55,260,298,310,322,9,7,9.2,53,71.6,2.7,16.3,76.9,88.2,2.7
LIV,2026-05-24,272,0,0,0,0,21,169,211,227,241,22,8,1,24,227,247,254,263,8,1,7.7,62.1,77.6,2.9,8.8,83.5,90.8,2.9
LIV,2026-05-25,478,0,0,0,0,29,310,378,398,429,26,19,4,49,397,429,439,455,19,4,6.1,64.9,79.1,4,10.3,83.1,89.7,4
LIV,2026-05-26,532,6,1.1,0,0,51,350,412,439,465,43,8,16,74,443,471,488,508,8,16,9.6,65.8,77.4,1.5,13.9,83.3,88.5,1.5
LIV,2026-05-27,386,2,0.5,0,0,59,224,281,296,336,35,10,5,83,298,333,342,371,10,5,15.3,58,72.8,2.6,21.5,77.2,86.3,2.6
LIV,2026-05-28,462,2,0.4,0,0,14,290,338,367,405,44,9,4,22,366,410,421,449,9,4,3,62.8,73.2,1.9,4.8,79.2,88.7,1.9
LIV,2026-05-29,475,2,0.4,0,0,44,302,337,366,409,42,20,4,62,371,406,430,451,20,4,9.3,63.6,70.9,4.2,13.1,78.1,85.5,4.2
LIV,2026-05-30,515,4,0.8,0,0,61,287,367,411,442,54,11,8,88,392,459,473,496,11,8,11.8,55.7,71.3,2.1,17.1,76.1,89.1,2.1
LIV,2026-05-31,340,0,0,0,0,29,212,255,277,302,27,10,1,36,266,298,312,329,10,1,8.5,62.4,75,2.9,10.6,78.2,87.6,2.9
LIV,2026-06-01,454,5,1.1,0,0,31,287,343,367,393,38,13,10,46,364,398,410,431,13,10,6.8,63.2,75.6,2.9,10.1,80.2,87.7,2.9
LIV,2026-06-02,475,1,0.2,0,0,45,303,352,381,418,37,12,8,65,375,411,428,455,12,8,9.5,63.8,74.1,2.5,13.7,78.9,86.5,2.5
LIV,2026-06-03,442,1,0.2,0,0,55,288,333,341,365,55,12,10,68,363,391,398,420,12,10,12.4,65.2,75.3,2.7,15.4,82.1,88.5,2.7
LIV,2026-06-04,387,1,0.3,0,0,37,239,289,306,331,31,9,16,50,306,337,347,362,9,16,9.6,61.8,74.7,2.3,12.9,79.1,87.1,2.3
LIV,2026-06-05,341,0,0,0,0,43,200,237,261,289,32,4,16,56,274,289,303,321,4,16,12.6,58.7,69.5,1.2,16.4,80.4,84.8,1.2
LIV,2026-06-06,349,3,0.9,0,0,39,193,247,271,296,35,10,8,58,266,302,316,331,10,8,11.2,55.3,70.8,2.9,16.6,76.2,86.5,2.9
LIV,2026-06-07,269,1,0.4,0,0,18,169,215,228,244,13,5,7,25,206,237,250,257,5,7,6.7,62.8,79.9,1.9,9.3,76.6,88.1,1.9
LIV,2026-06-08,350,2,0.6,0,0,26,206,253,280,293,36,10,11,45,277,309,320,329,10,11,7.4,58.9,72.3,2.9,12.9,79.1,88.3,2.9
LIV,2026-06-09,385,3,0.8,0,0,56,227,275,294,320,38,7,20,70,285,334,345,358,7,20,14.5,59,71.4,1.8,18.2,74,86.8,1.8
LIV,2026-06-10,306,3,1,0,0,23,175,216,234,257,32,5,12,33,230,257,272,289,5,12,7.5,57.2,70.6,1.6,10.8,75.2,84,1.6
LIV,2026-06-11,352,3,0.9,0,0,45,226,269,272,307,34,4,7,55,294,324,326,341,4,7,12.8,64.2,76.4,1.1,15.6,83.5,92,1.1
LIV,2026-06-12,255,1,0.4,0,0,24,149,175,194,214,21,10,10,33,199,211,221,235,10,10,9.4,58.4,68.6,3.9,12.9,78,82.7,3.9
LIV,2026-06-13,240,4,1.7,0,0,25,150,179,191,208,20,4,8,32,184,214,222,228,4,8,10.4,62.5,74.6,1.7,13.3,76.7,89.2,1.7
LIV,2026-06-14,243,2,0.8,0,0,16,143,180,195,215,15,4,9,23,188,214,220,230,4,9,6.6,58.8,74.1,1.6,9.5,77.4,88.1,1.6
LIV,2026-06-15,308,1,0.3,0,0,26,162,210,236,261,34,9,4,41,227,262,279,295,9,4,8.4,52.6,68.2,2.9,13.3,73.7,85.1,2.9
LIV,2026-06-16,417,6,1.4,0,0,42,261,314,344,371,27,6,13,57,333,362,388,398,6,13,10.1,62.6,75.3,1.4,13.7,79.9,86.8,1.4
LIV,2026-06-17,669,7,1,0,0,49,431,516,544,585,46,14,24,61,539,613,620,631,14,24,7.3,64.4,77.1,2.1,9.1,80.6,91.6,2.1
LIV,2026-06-18,764,5,0.7,0,0,91,526,610,631,679,55,10,20,117,640,686,702,734,10,20,11.9,68.8,79.8,1.3,15.3,83.8,89.8,1.3
LIV,2026-06-19,736,9,1.2,0,0,78,454,543,599,656,38,6,36,126,611,650,671,694,6,36,10.6,61.7,73.8,0.8,17.1,83,88.3,0.8
LIV,2026-06-20,708,2,0.3,0,0,69,399,528,578,624,53,13,18,95,527,614,647,677,13,18,9.7,56.4,74.6,1.8,13.4,74.4,86.7,1.8
LIV,2026-06-21,843,2,0.2,0,0,73,567,684,726,772,42,6,23,97,694,761,785,814,6,23,8.7,67.3,81.1,0.7,11.5,82.3,90.3,0.7
LIV,2026-06-22,1010,2,0.2,0,0,88,678,804,868,918,61,13,18,114,862,929,957,979,13,18,8.7,67.1,79.6,1.3,11.3,85.3,92,1.3
LIV,2026-06-23,962,4,0.4,0,0,94,603,773,821,870,59,13,20,127,791,872,903,929,13,20,9.8,62.7,80.4,1.4,13.2,82.2,90.6,1.4
LIV,2026-06-24,861,4,0.5,0,0,144,581,680,719,767,44,18,32,190,715,763,792,811,18,32,16.7,67.5,79,2.1,22.1,83,88.6,2.1
LIV,2026-06-25,834,6,0.7,0,0,115,529,637,664,726,70,12,26,158,670,739,756,796,12,26,13.8,63.4,76.4,1.4,18.9,80.3,88.6,1.4
LIV,2026-06-26,507,5,1,0,0,88,330,377,419,455,33,12,7,122,430,452,469,488,12,7,17.4,65.1,74.4,2.4,24.1,84.8,89.2,2.4
LIV,2026-06-27,440,1,0.2,0,0,36,280,362,380,395,34,7,4,60,372,412,419,429,7,4,8.2,63.6,82.3,1.6,13.6,84.5,93.6,1.6
LIV,2026-06-28,350,0,0,0,0,40,236,290,300,319,19,9,3,49,304,323,326,338,9,3,11.4,67.4,82.9,2.6,14,86.9,92.3,2.6
LIV,2026-06-29,342,0,0,0,0,37,231,270,291,314,21,7,0,42,283,303,322,335,7,0,10.8,67.5,78.9,2,12.3,82.7,88.6,2
LIV,2026-06-30,414,1,0.2,0,0,50,292,334,355,362,35,7,10,70,349,377,388,397,7,10,12.1,70.5,80.7,1.7,16.9,84.3,91.1,1.7
LIV,2026-07-01,366,4,1.1,0,0,33,245,300,316,329,19,12,6,46,305,330,342,348,12,6,9,66.9,82,3.3,12.6,83.3,90.2,3.3
LIV,2026-07-02,356,2,0.6,0,0,50,227,272,283,310,22,10,14,69,304,318,322,332,10,14,14,63.8,76.4,2.8,19.4,85.4,89.3,2.8
LIV,2026-07-03,243,0,0,0,0,52,150,175,189,204,27,5,7,75,213,220,224,231,5,7,21.4,61.7,72,2.1,30.9,87.7,90.5,2.1
LIV,2026-07-04,224,4,1.8,0,0,24,125,164,184,195,14,4,11,33,172,188,199,209,4,11,10.7,55.8,73.2,1.8,14.7,76.8,83.9,1.8
LIV,2026-07-05,127,1,0.8,0,0,9,78,99,103,117,6,1,3,14,97,113,116,123,1,3,7.1,61.4,78,0.8,11,76.4,89,0.8
LIV,2026-07-06,323,2,0.6,0,0,20,184,228,251,282,33,1,7,30,248,280,292,315,1,7,6.2,57,70.6,0.3,9.3,76.8,86.7,0.3
LIV,2026-07-07,308,2,0.6,0,0,36,190,237,263,277,22,6,3,53,255,279,291,299,6,3,11.7,61.7,76.9,1.9,17.2,82.8,90.6,1.9
LIV,2026-07-08,281,6,2.1,0,0,38,165,219,226,240,30,6,5,49,231,260,263,270,6,5,13.5,58.7,77.9,2.1,17.4,82.2,92.5,2.1
LIV,2026-07-09,211,1,0.5,0,0,32,134,162,169,184,17,2,8,41,177,194,199,201,2,8,15.2,63.5,76.8,0.9,19.4,83.9,91.9,0.9
LIV,2026-07-10,171,1,0.6,0,0,7,123,131,136,147,20,1,3,12,150,155,157,167,1,3,4.1,71.9,76.6,0.6,7,87.7,90.6,0.6
LIV,2026-07-11,243,1,0.4,0,0,21,136,171,186,216,18,8,1,30,184,208,220,234,8,1,8.6,56,70.4,3.3,12.3,75.7,85.6,3.3
LIV,2026-07-12,163,1,0.6,0,0,20,107,128,137,148,10,2,3,25,143,151,155,158,2,3,12.3,65.6,78.5,1.2,15.3,87.7,92.6,1.2
LIV,2026-07-13,204,1,0.5,0,0,15,145,162,173,184,11,4,5,23,176,191,192,195,4,5,7.4,71.1,79.4,2,11.3,86.3,93.6,2
LIV,2026-07-14,157,3,1.9,0,0,23,90,114,122,132,16,5,4,32,129,137,146,148,5,4,14.6,57.3,72.6,3.2,20.4,82.2,87.3,3.2
LIV,2026-07-15,245,1,0.4,0,0,12,142,176,186,205,29,5,6,15,190,221,232,234,5,6,4.9,58,71.8,2,6.1,77.6,90.2,2
LIV,2026-07-16,278,3,1.1,0,0,38,179,212,221,244,13,7,14,53,220,239,243,257,7,14,13.7,64.4,76.3,2.5,19.1,79.1,86,2.5
LIV,2026-07-17,197,1,0.5,0,0,35,120,145,151,167,16,7,7,45,164,173,177,183,7,7,17.8,60.9,73.6,3.6,22.8,83.2,87.8,3.6
LIV,2026-07-18,105,1,1,0,0,12,70,90,92,94,5,3,3,14,83,97,98,99,3,3,11.4,66.7,85.7,2.9,13.3,79,92.4,2.9
LIV,2026-07-19,95,0,0,0,0,9,65,73,87,91,2,0,2,9,76,84,91,93,0,2,9.5,68.4,76.8,0,9.5,80,88.4,0
LIV,2026-07-20,86,0,0,0,0,12,61,71,73,75,8,2,1,12,77,81,81,83,2,1,14,70.9,82.6,2.3,14,89.5,94.2,2.3
LIV,2026-07-21,112,1,0.9,0,0,10,83,92,97,105,7,0,0,13,102,109,110,112,0,0,8.9,74.1,82.1,0,11.6,91.1,97.3,0
LIV,2026-07-22,112,0,0,0,0,18,78,94,98,100,6,5,1,21,100,104,106,106,5,1,16.1,69.6,83.9,4.5,18.8,89.3,92.9,4.5
LIV,2026-07-23,112,1,0.9,1,0.9,19,89,96,101,105,4,0,3,21,102,104,106,109,0,3,17,79.5,85.7,0,18.8,91.1,92.9,0
LIV,2026-07-24,131,0,0,0,0,18,98,111,118,121,7,2,1,27,117,120,124,128,2,1,13.7,74.8,84.7,1.5,20.6,89.3,91.6,1.5
LIV,2026-07-25,91,0,0,0,0,11,57,75,78,83,5,1,2,13,75,85,87,88,1,2,12.1,62.6,82.4,1.1,14.3,82.4,93.4,1.1
LIV,2026-07-26,107,0,0,0,0,10,89,100,101,105,1,1,0,15,99,105,106,106,1,0,9.3,83.2,93.5,0.9,14,92.5,98.1,0.9
LIV,2026-07-27,125,1,0.8,0,0,23,95,106,108,115,3,4,3,26,106,114,118,118,4,3,18.4,76,84.8,3.2,20.8,84.8,91.2,3.2
LIV,2026-07-28,134,0,0,0,0,16,90,119,127,128,2,3,1,18,123,127,130,130,3,1,11.9,67.2,88.8,2.2,13.4,91.8,94.8,2.2
LIV,2026-07-29,95,0,0,0,0,16,75,85,87,88,3,3,1,23,83,89,90,91,3,1,16.8,78.9,89.5,3.2,24.2,87.4,93.7,3.2
LIV,2026-07-30,117,1,0.9,0,0,18,83,96,101,106,5,4,2,20,98,107,109,111,4,2,15.4,70.9,82.1,3.4,17.1,83.8,91.5,3.4
LIV,2026-07-31,101,2,2,1,1,8,73,78,81,88,7,5,1,10,87,89,92,95,5,1,7.9,72.3,77.2,5,9.9,86.1,88.1,5
LIV,2026-08-01,95,1,1.1,0,0,9,64,79,82,87,7,0,1,12,80,88,89,94,0,1,9.5,67.4,83.2,0,12.6,84.2,92.6,0
LIV,2026-08-02,80,0,0,0,0,7,60,65,69,76,3,1,0,14,75,76,77,79,1,0,8.8,75,81.3,1.3,17.5,93.8,95,1.3
LIV,2026-08-03,81,2,2.5,1,1.2,9,53,63,66,71,3,1,6,12,63,69,70,74,1,6,11.1,65.4,77.8,1.2,14.8,77.8,85.2,1.2
LIV,2026-08-04,105,0,0,0,0,10,74,89,95,98,4,3,0,13,96,98,102,102,3,0,9.5,70.5,84.8,2.9,12.4,91.4,93.3,2.9
LIV,2026-08-05,90,1,1.1,0,0,17,70,80,80,82,6,2,0,18,85,86,87,88,2,0,18.9,77.8,88.9,2.2,20,94.4,95.6,2.2
LIV,2026-08-06,96,0,0,0,0,18,70,86,89,89,4,2,1,21,89,92,93,93,2,1,18.8,72.9,89.6,2.1,21.9,92.7,95.8,2.1
LIV,2026-08-07,97,0,0,0,0,23,76,82,87,87,7,2,1,29,91,94,94,94,2,1,23.7,78.4,84.5,2.1,29.9,93.8,96.9,2.1
LIV,2026-08-08,82,0,0,0,0,16,56,67,68,68,9,1,4,21,73,77,77,77,1,4,19.5,68.3,81.7,1.2,25.6,89,93.9,1.2
LIV,2026-08-09,85,0,0,0,0,14,56,56,56,56,12,0,17,20,68,68,68,68,0,17,16.5,65.9,65.9,0,23.5,80,80,0
LIV,2026-08-10,100,0,0,0,0,13,13,13,13,13,4,0,83,17,17,17,17,17,0,83,13,13,13,0,17,17,17,0
LKS,2026-05-08,401,1,0.2,0,0,0,0,0,0,1,12,0,388,0,0,0,0,13,0,388,0,0,0,0,0,0,0,0
LKS,2026-05-09,460,2,0.4,0,0,0,0,0,0,3,13,1,443,0,0,0,0,16,1,443,0,0,0,0.2,0,0,0,0.2
LKS,2026-05-10,454,2,0.4,0,0,0,0,0,0,17,36,2,399,0,0,0,0,53,2,399,0,0,0,0.4,0,0,0,0.4
LKS,2026-05-11,592,5,0.8,0,0,0,0,0,20,41,90,6,455,0,0,0,106,130,6,456,0,0,0,1,0,0,0,1
LKS,2026-05-12,681,7,1,1,0.1,0,0,83,116,129,115,13,424,0,0,205,230,240,13,428,0,0,12.2,1.9,0,0,30.1,1.9
LKS,2026-05-13,559,7,1.3,1,0.2,0,260,325,358,367,103,22,67,0,412,449,457,467,22,70,0,46.5,58.1,3.9,0,73.7,80.3,3.9
LKS,2026-05-14,577,5,0.9,4,0.7,46,336,399,423,446,90,17,24,87,498,517,523,536,17,24,8,58.2,69.2,2.9,15.1,86.3,89.6,2.9
LKS,2026-05-15,551,8,1.5,4,0.7,51,306,366,389,399,89,29,34,87,466,478,484,488,29,34,9.3,55.5,66.4,5.3,15.8,84.6,86.8,5.3
LKS,2026-05-16,465,5,1.1,3,0.6,43,276,335,361,377,44,21,23,69,371,405,415,421,21,23,9.2,59.4,72,4.5,14.8,79.8,87.1,4.5
LKS,2026-05-17,483,6,1.2,2,0.4,23,270,325,347,362,64,25,32,54,392,412,414,426,25,32,4.8,55.9,67.3,5.2,11.2,81.2,85.3,5.2
LKS,2026-05-18,521,8,1.5,4,0.8,37,281,331,351,365,82,36,38,58,402,426,439,447,36,38,7.1,53.9,63.5,6.9,11.1,77.2,81.8,6.9
LKS,2026-05-19,490,6,1.2,4,0.8,37,269,335,356,366,77,19,28,63,406,427,434,443,19,28,7.6,54.9,68.4,3.9,12.9,82.9,87.1,3.9
LKS,2026-05-20,530,5,0.9,3,0.6,59,330,380,397,407,74,25,24,81,447,472,476,481,25,24,11.1,62.3,71.7,4.7,15.3,84.3,89.1,4.7
LKS,2026-05-21,516,6,1.2,3,0.6,44,303,361,379,390,78,24,24,70,444,460,462,468,24,24,8.5,58.7,70,4.7,13.6,86,89.1,4.7
LKS,2026-05-22,539,6,1.1,5,0.9,51,315,359,382,400,77,30,32,78,451,468,476,477,30,32,9.5,58.4,66.6,5.6,14.5,83.7,86.8,5.6
LKS,2026-05-23,507,6,1.2,5,1,34,271,344,371,390,64,20,33,50,399,436,444,454,20,33,6.7,53.5,67.9,3.9,9.9,78.7,86,3.9
LKS,2026-05-24,431,9,2.1,6,1.4,26,240,302,320,328,53,15,35,42,343,366,376,381,15,35,6,55.7,70.1,3.5,9.7,79.6,84.9,3.5
LKS,2026-05-25,565,11,1.9,10,1.8,44,302,362,386,402,93,26,44,68,455,486,488,495,26,44,7.8,53.5,64.1,4.6,12,80.5,86,4.6
LKS,2026-05-26,546,6,1.1,4,0.7,44,293,353,374,394,91,28,33,69,432,459,470,485,28,33,8.1,53.7,64.7,5.1,12.6,79.1,84.1,5.1
LKS,2026-05-27,461,5,1.1,3,0.7,37,263,308,330,347,69,14,31,57,369,389,408,416,14,31,8,57,66.8,3,12.4,80,84.4,3
LKS,2026-05-28,558,10,1.8,6,1.1,42,283,347,376,399,98,23,38,68,439,475,489,497,23,38,7.5,50.7,62.2,4.1,12.2,78.7,85.1,4.1
LKS,2026-05-29,475,7,1.5,1,0.2,34,250,294,321,347,70,26,32,53,370,394,407,417,26,32,7.2,52.6,61.9,5.5,11.2,77.9,82.9,5.5
LKS,2026-05-30,394,5,1.3,4,1,27,207,254,272,281,66,23,24,58,308,334,345,347,23,24,6.9,52.5,64.5,5.8,14.7,78.2,84.8,5.8
LKS,2026-05-31,448,4,0.9,2,0.4,21,235,290,308,320,73,30,25,41,354,379,385,393,30,25,4.7,52.5,64.7,6.7,9.2,79,84.6,6.7
LKS,2026-06-01,797,7,0.9,4,0.5,54,438,539,568,598,134,39,26,89,661,710,722,732,39,26,6.8,55,67.6,4.9,11.2,82.9,89.1,4.9
LKS,2026-06-02,859,12,1.4,6,0.7,88,498,603,634,649,136,36,38,139,732,767,780,785,36,38,10.2,58,70.2,4.2,16.2,85.2,89.3,4.2
LKS,2026-06-03,885,14,1.6,9,1,84,533,623,659,682,118,33,52,136,745,783,796,800,33,52,9.5,60.2,70.4,3.7,15.4,84.2,88.5,3.7
LKS,2026-06-04,1156,14,1.2,4,0.3,100,630,755,782,826,239,24,67,161,985,1028,1038,1065,24,67,8.7,54.5,65.3,2.1,13.9,85.2,88.9,2.1
LKS,2026-06-05,947,15,1.6,10,1.1,55,552,652,691,726,144,27,50,100,805,839,851,870,27,50,5.8,58.3,68.8,2.9,10.6,85,88.6,2.9
LKS,2026-06-06,883,14,1.6,7,0.8,82,460,580,621,668,130,35,50,139,699,764,777,798,35,50,9.3,52.1,65.7,4,15.7,79.2,86.5,4
LKS,2026-06-07,779,13,1.7,8,1,65,420,526,562,590,111,27,51,103,638,678,696,701,27,51,8.3,53.9,67.5,3.5,13.2,81.9,87,3.5
LKS,2026-06-08,978,16,1.6,10,1,71,561,673,724,748,141,31,58,106,791,851,878,889,31,58,7.3,57.4,68.8,3.2,10.8,80.9,87,3.2
LKS,2026-06-09,659,10,1.5,6,0.9,55,375,461,485,501,99,32,27,85,535,586,590,600,32,27,8.3,56.9,70,4.9,12.9,81.2,88.9,4.9
LKS,2026-06-10,657,8,1.2,4,0.6,56,372,451,476,491,94,32,40,79,526,560,571,585,32,40,8.5,56.6,68.6,4.9,12,80.1,85.2,4.9
LKS,2026-06-11,725,13,1.8,8,1.1,55,421,494,520,544,99,38,44,97,583,621,628,643,38,44,7.6,58.1,68.1,5.2,13.4,80.4,85.7,5.2
LKS,2026-06-12,626,25,4,16,2.6,65,359,406,437,455,94,33,44,87,505,526,541,549,33,44,10.4,57.3,64.9,5.3,13.9,80.7,84,5.3
LKS,2026-06-13,514,10,1.9,4,0.8,46,280,352,372,391,72,22,29,80,407,446,457,463,22,29,8.9,54.5,68.5,4.3,15.6,79.2,86.8,4.3
LKS,2026-06-14,474,2,0.4,0,0,40,263,316,347,365,66,26,17,68,392,416,425,431,26,17,8.4,55.5,66.7,5.5,14.3,82.7,87.8,5.5
LKS,2026-06-15,650,15,2.3,10,1.5,39,362,449,471,487,92,21,50,70,531,570,577,579,21,50,6,55.7,69.1,3.2,10.8,81.7,87.7,3.2
LKS,2026-06-16,538,8,1.5,6,1.1,46,301,373,396,412,62,19,45,64,419,464,469,474,19,45,8.6,55.9,69.3,3.5,11.9,77.9,86.2,3.5
LKS,2026-06-17,596,16,2.7,8,1.3,41,309,379,403,423,91,34,48,68,453,494,502,514,34,48,6.9,51.8,63.6,5.7,11.4,76,82.9,5.7
LKS,2026-06-18,576,8,1.4,8,1.4,42,342,407,427,438,78,22,38,68,485,500,508,516,22,38,7.3,59.4,70.7,3.8,11.8,84.2,86.8,3.8
LKS,2026-06-19,491,15,3.1,8,1.6,45,285,320,331,340,99,11,41,72,414,423,431,439,11,41,9.2,58,65.2,2.2,14.7,84.3,86.2,2.2
LKS,2026-06-20,527,6,1.1,1,0.2,38,284,345,369,390,73,28,36,67,410,449,457,463,28,36,7.2,53.9,65.5,5.3,12.7,77.8,85.2,5.3
LKS,2026-06-21,507,6,1.2,6,1.2,37,278,351,373,388,75,27,17,66,424,449,456,463,27,17,7.3,54.8,69.2,5.3,13,83.6,88.6,5.3
LKS,2026-06-22,551,5,0.9,3,0.5,51,335,392,418,427,72,28,24,74,459,487,495,499,28,24,9.3,60.8,71.1,5.1,13.4,83.3,88.4,5.1
LKS,2026-06-23,536,9,1.7,7,1.3,35,285,343,372,386,92,27,31,67,428,463,468,478,27,31,6.5,53.2,64,5,12.5,79.9,86.4,5
LKS,2026-06-24,509,8,1.6,6,1.2,37,306,360,379,388,56,20,45,62,432,439,443,444,20,45,7.3,60.1,70.7,3.9,12.2,84.9,86.2,3.9
LKS,2026-06-25,559,11,2,3,0.5,43,313,392,409,424,75,27,33,77,449,478,486,499,27,33,7.7,56,70.1,4.8,13.8,80.3,85.5,4.8
LKS,2026-06-26,475,6,1.3,4,0.8,30,272,308,332,347,68,27,33,44,388,399,406,415,27,33,6.3,57.3,64.8,5.7,9.3,81.7,84,5.7
LKS,2026-06-27,471,14,3,8,1.7,36,260,318,341,353,66,24,28,54,375,408,412,419,24,28,7.6,55.2,67.5,5.1,11.5,79.6,86.6,5.1
LKS,2026-06-28,463,3,0.6,2,0.4,44,261,321,345,363,64,19,17,73,380,409,420,427,19,17,9.5,56.4,69.3,4.1,15.8,82.1,88.3,4.1
LKS,2026-06-29,533,8,1.5,7,1.3,36,308,366,393,402,73,25,33,55,429,456,472,474,25,34,6.8,57.8,68.7,4.7,10.3,80.5,85.6,4.7
LKS,2026-06-30,474,7,1.5,4,0.8,42,261,326,340,352,78,23,21,67,400,422,426,430,23,21,8.9,55.1,68.8,4.9,14.1,84.4,89,4.9
LKS,2026-07-01,720,19,2.6,7,1,36,355,460,489,514,139,26,41,65,557,619,629,653,26,41,5,49.3,63.9,3.6,9,77.4,86,3.6
LKS,2026-07-02,1063,26,2.4,4,0.4,83,554,672,712,757,193,39,74,137,833,907,929,949,39,75,7.8,52.1,63.2,3.7,12.9,78.4,85.3,3.7
LKS,2026-07-03,1207,31,2.6,4,0.3,77,608,748,809,857,239,33,78,133,942,1025,1060,1096,33,78,6.4,50.4,62,2.7,11,78,84.9,2.7
LKS,2026-07-04,1127,24,2.1,10,0.9,84,531,705,767,809,207,38,73,152,833,958,984,1016,38,73,7.5,47.1,62.6,3.4,13.5,73.9,85,3.4
LKS,2026-07-05,1143,36,3.1,13,1.1,67,588,741,801,834,178,36,95,115,874,974,1000,1012,36,95,5.9,51.4,64.8,3.1,10.1,76.5,85.2,3.1
LKS,2026-07-06,1227,40,3.3,5,0.4,79,598,775,834,864,204,44,115,140,944,1032,1061,1068,44,115,6.4,48.7,63.2,3.6,11.4,76.9,84.1,3.6
LKS,2026-07-07,1217,25,2.1,5,0.4,70,592,750,828,885,202,44,86,138,909,1011,1049,1087,44,86,5.8,48.6,61.6,3.6,11.3,74.7,83.1,3.6
LKS,2026-07-08,1260,33,2.6,6,0.5,83,634,798,861,916,198,42,104,129,940,1036,1074,1114,42,104,6.6,50.3,63.3,3.3,10.2,74.6,82.2,3.3
LKS,2026-07-09,1109,31,2.8,9,0.8,74,599,734,772,825,157,43,84,123,862,931,950,982,43,84,6.7,54,66.2,3.9,11.1,77.7,83.9,3.9
LKS,2026-07-10,941,23,2.4,11,1.2,69,488,574,622,656,144,54,87,107,691,751,779,800,54,87,7.3,51.9,61,5.7,11.4,73.4,79.8,5.7
LKS,2026-07-11,961,36,3.7,7,0.7,82,513,631,676,698,119,43,101,118,700,782,810,817,43,101,8.5,53.4,65.7,4.5,12.3,72.8,81.4,4.5
LKS,2026-07-12,955,17,1.8,7,0.7,69,502,604,653,690,175,31,59,110,736,811,854,864,31,60,7.2,52.6,63.2,3.2,11.5,77.1,84.9,3.2
LKS,2026-07-13,1138,23,2,9,0.8,79,587,742,817,868,167,35,68,128,881,955,1007,1035,35,68,6.9,51.6,65.2,3.1,11.2,77.4,83.9,3.1
LKS,2026-07-14,1155,19,1.6,11,1,72,618,762,810,873,159,51,72,121,881,956,983,1032,51,72,6.2,53.5,66,4.4,10.5,76.3,82.8,4.4
LKS,2026-07-15,894,11,1.2,7,0.8,82,475,575,613,662,134,41,57,134,685,744,760,796,41,57,9.2,53.1,64.3,4.6,15,76.6,83.2,4.6
LKS,2026-07-16,986,14,1.4,8,0.8,85,540,664,708,770,130,36,50,130,782,840,863,900,36,50,8.6,54.8,67.3,3.7,13.2,79.3,85.2,3.7
LKS,2026-07-17,843,10,1.2,3,0.4,63,473,574,602,652,113,36,42,102,682,718,737,765,36,42,7.5,56.1,68.1,4.3,12.1,80.9,85.2,4.3
LKS,2026-07-18,829,6,0.7,5,0.6,85,428,532,588,644,104,34,47,128,619,682,703,748,34,47,10.3,51.6,64.2,4.1,15.4,74.7,82.3,4.1
LKS,2026-07-19,763,8,1,7,0.9,48,388,497,547,602,94,39,28,73,579,632,653,696,39,28,6.3,50.9,65.1,5.1,9.6,75.9,82.8,5.1
LKS,2026-07-20,921,8,0.9,1,0.1,69,475,591,649,704,132,43,42,104,710,774,796,836,43,42,7.5,51.6,64.2,4.7,11.3,77.1,84,4.7
LKS,2026-07-21,830,9,1.1,3,0.4,64,434,540,575,634,121,30,45,102,635,688,713,755,30,45,7.7,52.3,65.1,3.6,12.3,76.5,82.9,3.6
LKS,2026-07-22,834,15,1.8,4,0.5,67,447,545,588,626,127,39,42,109,657,708,722,753,39,42,8,53.6,65.3,4.7,13.1,78.8,84.9,4.7
LKS,2026-07-23,878,18,2.1,7,0.8,55,478,563,602,667,132,39,40,91,670,726,744,799,39,40,6.3,54.4,64.1,4.4,10.4,76.3,82.7,4.4
LKS,2026-07-24,754,7,0.9,3,0.4,70,417,493,536,593,102,28,31,106,590,636,656,695,28,31,9.3,55.3,65.4,3.7,14.1,78.2,84.4,3.7
LKS,2026-07-25,610,12,2,3,0.5,60,348,434,464,498,68,23,21,89,481,531,548,566,23,21,9.8,57,71.1,3.8,14.6,78.9,87,3.8
LKS,2026-07-26,475,2,0.4,1,0.2,30,278,322,349,373,50,29,23,48,376,400,409,423,29,23,6.3,58.5,67.8,6.1,10.1,79.2,84.2,6.1
LKS,2026-07-27,602,7,1.2,3,0.5,41,346,418,453,477,86,21,18,57,499,535,549,563,21,18,6.8,57.5,69.4,3.5,9.5,82.9,88.9,3.5
LKS,2026-07-28,515,7,1.4,4,0.8,48,322,370,392,404,66,27,18,64,433,452,459,470,27,18,9.3,62.5,71.8,5.2,12.4,84.1,87.8,5.2
LKS,2026-07-29,559,4,0.7,2,0.4,49,330,389,414,437,67,29,26,73,462,488,494,504,29,26,8.8,59,69.6,5.2,13.1,82.6,87.3,5.2
LKS,2026-07-30,544,5,0.9,2,0.4,40,327,396,417,450,64,16,14,69,459,485,492,514,16,14,7.4,60.1,72.8,2.9,12.7,84.4,89.2,2.9
LKS,2026-07-31,544,8,1.5,4,0.7,42,316,378,404,438,59,21,26,65,440,466,479,497,21,26,7.7,58.1,69.5,3.9,11.9,80.9,85.7,3.9
LKS,2026-08-01,491,8,1.6,6,1.2,52,253,328,350,371,79,17,24,88,377,419,429,450,17,24,10.6,51.5,66.8,3.5,17.9,76.8,85.3,3.5
LKS,2026-08-02,400,4,1,4,1,38,238,288,300,313,39,18,30,54,315,340,346,352,18,30,9.5,59.5,72,4.5,13.5,78.8,85,4.5
LKS,2026-08-03,532,10,1.9,4,0.8,31,304,358,386,401,73,22,36,47,434,460,471,474,22,36,5.8,57.1,67.3,4.1,8.8,81.6,86.5,4.1
LKS,2026-08-04,531,8,1.5,4,0.8,41,257,333,359,372,99,21,39,65,405,450,462,471,21,39,7.7,48.4,62.7,4,12.2,76.3,84.7,4
LKS,2026-08-05,453,12,2.6,8,1.8,35,271,319,342,354,53,16,30,53,368,394,401,407,16,30,7.7,59.8,70.4,3.5,11.7,81.2,87,3.5
LKS,2026-08-06,421,3,0.7,1,0.2,40,245,294,310,316,63,13,29,50,346,364,372,379,13,29,9.5,58.2,69.8,3.1,11.9,82.2,86.5,3.1
LKS,2026-08-07,523,6,1.1,5,1,33,301,351,368,368,98,15,42,56,432,455,466,466,15,42,6.3,57.6,67.1,2.9,10.7,82.6,87,2.9
LKS,2026-08-08,569,7,1.2,7,1.2,39,305,371,371,371,102,12,84,54,432,473,473,473,12,84,6.9,53.6,65.2,2.1,9.5,75.9,83.1,2.1
LKS,2026-08-09,454,6,1.3,6,1.3,45,258,258,258,258,115,4,77,60,373,373,373,373,4,77,9.9,56.8,56.8,0.9,13.2,82.2,82.2,0.9
LKS,2026-08-10,603,8,1.3,8,1.3,40,40,40,40,40,20,1,542,60,60,60,60,60,1,542,6.6,6.6,6.6,0.2,10,10,10,0.2
LMR,2026-05-08,356,2,0.6,0,0,0,0,0,0,4,7,0,345,0,0,0,0,11,0,345,0,0,0,0,0,0,0,0
LMR,2026-05-09,376,1,0.3,0,0,0,0,0,0,6,14,1,355,0,0,0,0,19,1,356,0,0,0,0.3,0,0,0,0.3
LMR,2026-05-10,384,1,0.3,0,0,0,0,0,0,21,22,3,338,0,0,0,0,43,3,338,0,0,0,0.8,0,0,0,0.8
LMR,2026-05-11,459,3,0.7,0,0,0,0,0,24,53,42,4,360,0,0,0,65,94,4,361,0,0,0,0.9,0,0,0,0.9
LMR,2026-05-12,536,3,0.6,0,0,0,0,93,125,170,41,11,314,0,0,151,183,207,11,318,0,0,17.4,2.1,0,0,28.2,2.1
LMR,2026-05-13,528,5,0.9,0,0,0,268,332,353,390,41,48,49,0,360,393,409,430,48,50,0,50.8,62.9,9.1,0,68.2,74.4,9.1
LMR,2026-05-14,528,5,0.9,0,0,36,271,361,377,416,54,43,15,49,390,435,446,470,43,15,6.8,51.3,68.4,8.1,9.3,73.9,82.4,8.1
LMR,2026-05-15,521,4,0.8,2,0.4,45,300,353,387,425,46,36,14,68,404,434,451,471,36,14,8.6,57.6,67.8,6.9,13.1,77.5,83.3,6.9
LMR,2026-05-16,567,11,1.9,5,0.9,45,284,359,399,424,67,51,25,61,377,441,468,491,51,25,7.9,50.1,63.3,9,10.8,66.5,77.8,9
LMR,2026-05-17,447,12,2.7,4,0.9,26,237,285,313,352,40,40,15,41,323,354,371,392,40,15,5.8,53,63.8,8.9,9.2,72.3,79.2,8.9
LMR,2026-05-18,466,4,0.9,2,0.4,35,260,327,354,379,44,30,13,55,348,388,401,423,30,13,7.5,55.8,70.2,6.4,11.8,74.7,83.3,6.4
LMR,2026-05-19,530,6,1.1,1,0.2,35,293,349,386,430,34,47,19,53,383,426,451,464,47,19,6.6,55.3,65.8,8.9,10,72.3,80.4,8.9
LMR,2026-05-20,465,7,1.5,1,0.2,33,251,313,349,374,38,39,14,46,337,383,400,412,39,14,7.1,54,67.3,8.4,9.9,72.5,82.4,8.4
LMR,2026-05-21,582,13,2.2,4,0.7,31,324,387,409,440,65,51,26,51,445,477,486,505,51,26,5.3,55.7,66.5,8.8,8.8,76.5,82,8.8
LMR,2026-05-22,538,16,3,1,0.2,56,298,356,378,414,59,45,20,75,402,433,454,473,45,20,10.4,55.4,66.2,8.4,13.9,74.7,80.5,8.4
LMR,2026-05-23,556,6,1.1,2,0.4,67,294,389,418,454,47,38,17,85,412,476,485,501,38,17,12.1,52.9,70,6.8,15.3,74.1,85.6,6.8
LMR,2026-05-24,476,4,0.8,1,0.2,36,266,334,360,376,42,39,19,58,366,396,405,418,39,19,7.6,55.9,70.2,8.2,12.2,76.9,83.2,8.2
LMR,2026-05-25,512,6,1.2,0,0,43,276,339,354,389,67,39,17,57,398,430,435,456,39,17,8.4,53.9,66.2,7.6,11.1,77.7,84,7.6
LMR,2026-05-26,492,17,3.5,12,2.4,21,275,333,342,352,75,47,18,47,376,401,416,427,47,18,4.3,55.9,67.7,9.6,9.6,76.4,81.5,9.6
LMR,2026-05-27,472,7,1.5,1,0.2,49,242,296,335,362,48,41,21,64,346,380,393,410,41,21,10.4,51.3,62.7,8.7,13.6,73.3,80.5,8.7
LMR,2026-05-28,469,4,0.9,1,0.2,39,247,314,358,391,32,34,12,62,347,395,412,423,34,12,8.3,52.7,67,7.2,13.2,74,84.2,7.2
LMR,2026-05-29,514,6,1.2,2,0.4,40,262,325,362,398,56,39,21,56,378,406,432,454,39,21,7.8,51,63.2,7.6,10.9,73.5,79,7.6
LMR,2026-05-30,556,6,1.1,1,0.2,39,279,375,409,435,53,48,20,61,391,459,477,488,48,20,7,50.2,67.4,8.6,11,70.3,82.6,8.6
LMR,2026-05-31,464,2,0.4,1,0.2,46,251,312,345,359,39,42,24,58,330,372,390,398,42,24,9.9,54.1,67.2,9.1,12.5,71.1,80.2,9.1
LMR,2026-06-01,604,4,0.7,3,0.5,40,339,420,455,495,31,57,21,54,445,488,506,526,57,21,6.6,56.1,69.5,9.4,8.9,73.7,80.8,9.4
LMR,2026-06-02,535,4,0.7,1,0.2,45,311,380,401,429,40,42,24,57,407,445,454,469,42,24,8.4,58.1,71,7.9,10.7,76.1,83.2,7.9
LMR,2026-06-03,536,4,0.7,3,0.6,47,306,375,394,433,40,45,18,63,399,436,452,473,45,18,8.8,57.1,70,8.4,11.8,74.4,81.3,8.4
LMR,2026-06-04,548,5,0.9,0,0,46,299,357,369,417,65,41,25,71,404,443,452,482,41,25,8.4,54.6,65.1,7.5,13,73.7,80.8,7.5
LMR,2026-06-05,539,4,0.7,0,0,38,273,328,362,412,54,52,21,54,383,421,437,466,52,21,7.1,50.6,60.9,9.6,10,71.1,78.1,9.6
LMR,2026-06-06,475,2,0.4,0,0,31,222,297,328,373,47,42,13,60,335,377,399,420,42,13,6.5,46.7,62.5,8.8,12.6,70.5,79.4,8.8
LMR,2026-06-07,493,5,1,1,0.2,38,271,329,348,388,41,48,16,50,360,394,402,429,48,16,7.7,55,66.7,9.7,10.1,73,79.9,9.7
LMR,2026-06-08,514,2,0.4,0,0,32,273,334,359,392,57,54,11,40,368,412,429,449,54,11,6.2,53.1,65,10.5,7.8,71.6,80.2,10.5
LMR,2026-06-09,577,8,1.4,1,0.2,47,317,388,412,447,63,44,23,65,422,467,484,510,44,23,8.1,54.9,67.2,7.6,11.3,73.1,80.9,7.6
LMR,2026-06-10,511,4,0.8,2,0.4,45,287,339,362,402,46,44,19,58,376,412,425,448,44,19,8.8,56.2,66.3,8.6,11.4,73.6,80.6,8.6
LMR,2026-06-11,543,3,0.6,1,0.2,31,275,351,380,433,54,40,16,52,388,440,453,487,40,16,5.7,50.6,64.6,7.4,9.6,71.5,81,7.4
LMR,2026-06-12,559,4,0.7,0,0,38,306,365,393,434,66,40,19,59,408,453,465,500,40,19,6.8,54.7,65.3,7.2,10.6,73,81,7.2
LMR,2026-06-13,591,5,0.8,2,0.3,43,298,378,414,466,55,48,22,66,398,462,491,521,48,22,7.3,50.4,64,8.1,11.2,67.3,78.2,8.1
LMR,2026-06-14,557,6,1.1,2,0.4,32,297,379,408,440,60,38,19,53,425,469,483,500,38,19,5.7,53.3,68,6.8,9.5,76.3,84.2,6.8
LMR,2026-06-15,635,4,0.6,2,0.3,45,354,426,464,494,70,62,9,60,485,524,546,564,62,9,7.1,55.7,67.1,9.8,9.4,76.4,82.5,9.8
LMR,2026-06-16,686,8,1.2,7,1,44,398,483,515,555,52,55,24,67,506,564,586,607,55,24,6.4,58,70.4,8,9.8,73.8,82.2,8
LMR,2026-06-17,656,2,0.3,1,0.2,49,377,464,496,529,60,46,21,73,508,560,566,589,46,21,7.5,57.5,70.7,7,11.1,77.4,85.4,7
LMR,2026-06-18,644,9,1.4,2,0.3,38,376,461,487,531,51,45,17,60,500,539,552,582,45,17,5.9,58.4,71.6,7,9.3,77.6,83.7,7
LMR,2026-06-19,673,9,1.3,1,0.1,43,392,455,480,535,63,52,23,66,516,551,565,598,52,23,6.4,58.2,67.6,7.7,9.8,76.7,81.9,7.7
LMR,2026-06-20,679,14,2.1,4,0.6,56,333,439,485,531,66,52,30,75,471,534,563,597,52,30,8.2,49,64.7,7.7,11,69.4,78.6,7.7
LMR,2026-06-21,626,9,1.4,1,0.2,39,354,427,464,502,40,65,19,53,453,506,521,542,65,19,6.2,56.5,68.2,10.4,8.5,72.4,80.8,10.4
LMR,2026-06-22,698,5,0.7,1,0.1,56,419,492,524,552,54,73,19,74,535,568,585,606,73,19,8,60,70.5,10.5,10.6,76.6,81.4,10.5
LMR,2026-06-23,674,4,0.6,1,0.1,44,379,465,497,538,67,52,17,67,507,556,575,605,52,17,6.5,56.2,69,7.7,9.9,75.2,82.5,7.7
LMR,2026-06-24,707,5,0.7,2,0.3,47,423,514,544,586,48,51,22,63,556,602,614,634,51,22,6.6,59.8,72.7,7.2,8.9,78.6,85.1,7.2
LMR,2026-06-25,787,7,0.9,1,0.1,71,447,542,573,632,71,71,13,98,590,653,668,703,71,13,9,56.8,68.9,9,12.5,75,83,9
LMR,2026-06-26,748,5,0.7,2,0.3,63,438,505,550,588,64,68,28,93,569,606,627,652,68,28,8.4,58.6,67.5,9.1,12.4,76.1,81,9.1
LMR,2026-06-27,708,7,1,2,0.3,61,393,505,540,579,51,60,18,82,518,598,611,630,60,18,8.6,55.5,71.3,8.5,11.6,73.2,84.5,8.5
LMR,2026-06-28,670,10,1.5,0,0,53,388,486,511,543,55,51,21,73,506,563,576,598,51,21,7.9,57.9,72.5,7.6,10.9,75.5,84,7.6
LMR,2026-06-29,691,8,1.2,2,0.3,37,422,505,547,564,55,38,34,51,535,575,610,619,38,34,5.4,61.1,73.1,5.5,7.4,77.4,83.2,5.5
LMR,2026-06-30,692,3,0.4,1,0.1,55,401,506,534,544,59,60,29,80,497,579,590,603,60,29,7.9,57.9,73.1,8.7,11.6,71.8,83.7,8.7
LMR,2026-07-01,698,7,1,1,0.1,56,393,477,514,554,59,67,18,85,520,571,588,613,67,18,8,56.3,68.3,9.6,12.2,74.5,81.8,9.6
LMR,2026-07-02,692,3,0.4,0,0,46,396,478,511,543,67,63,19,74,532,579,592,610,63,19,6.6,57.2,69.1,9.1,10.7,76.9,83.7,9.1
LMR,2026-07-03,711,4,0.6,1,0.1,50,395,474,516,582,53,52,24,77,541,583,599,635,52,24,7,55.6,66.7,7.3,10.8,76.1,82,7.3
LMR,2026-07-04,718,10,1.4,2,0.3,64,367,482,531,591,66,38,23,85,527,592,613,657,38,23,8.9,51.1,67.1,5.3,11.8,73.4,82.5,5.3
LMR,2026-07-05,673,5,0.7,2,0.3,59,380,461,493,536,61,58,18,80,488,553,579,597,58,18,8.8,56.5,68.5,8.6,11.9,72.5,82.2,8.6
LMR,2026-07-06,637,10,1.6,2,0.3,48,331,415,455,490,58,66,23,66,448,505,522,548,66,23,7.5,52,65.1,10.4,10.4,70.3,79.3,10.4
LMR,2026-07-07,651,4,0.6,1,0.2,44,349,447,486,523,63,46,19,73,489,545,569,586,46,19,6.8,53.6,68.7,7.1,11.2,75.1,83.7,7.1
LMR,2026-07-08,715,18,2.5,1,0.1,59,377,472,511,544,79,48,44,78,499,567,591,623,48,44,8.3,52.7,66,6.7,10.9,69.8,79.3,6.7
LMR,2026-07-09,689,4,0.6,0,0,49,376,471,494,555,62,59,13,80,511,565,579,617,59,13,7.1,54.6,68.4,8.6,11.6,74.2,82,8.6
LMR,2026-07-10,655,4,0.6,3,0.5,43,360,433,457,517,53,59,26,63,474,512,529,570,59,26,6.6,55,66.1,9,9.6,72.4,78.2,9
LMR,2026-07-11,644,3,0.5,2,0.3,69,333,415,450,507,63,52,22,93,450,515,529,570,52,22,10.7,51.7,64.4,8.1,14.4,69.9,80,8.1
LMR,2026-07-12,663,4,0.6,3,0.5,48,365,455,499,542,43,60,18,68,462,529,558,585,60,18,7.2,55.1,68.6,9,10.3,69.7,79.8,9
LMR,2026-07-13,768,1,0.1,1,0.1,53,431,521,559,626,68,58,16,79,560,627,658,694,58,16,6.9,56.1,67.8,7.6,10.3,72.9,81.6,7.6
LMR,2026-07-14,775,5,0.6,3,0.4,54,413,526,574,634,62,60,19,74,571,626,652,696,60,19,7,53.3,67.9,7.7,9.5,73.7,80.8,7.7
LMR,2026-07-15,798,4,0.5,1,0.1,51,425,543,572,647,70,47,34,75,574,654,675,716,47,35,6.4,53.3,68,5.9,9.4,71.9,82,5.9
LMR,2026-07-16,831,5,0.6,1,0.1,52,456,575,594,663,76,63,29,76,610,672,684,738,63,30,6.3,54.9,69.2,7.6,9.1,73.4,80.9,7.6
LMR,2026-07-17,751,3,0.4,1,0.1,46,401,482,527,607,69,59,16,75,551,591,618,676,59,16,6.1,53.4,64.2,7.9,10,73.4,78.7,7.9
LMR,2026-07-18,820,6,0.7,1,0.1,61,377,488,547,636,94,68,22,79,537,632,665,730,68,22,7.4,46,59.5,8.3,9.6,65.5,77.1,8.3
LMR,2026-07-19,653,6,0.9,2,0.3,43,323,415,464,526,57,47,23,69,447,509,545,583,47,23,6.6,49.5,63.6,7.2,10.6,68.5,77.9,7.2
LMR,2026-07-20,741,2,0.3,1,0.1,53,432,504,548,615,61,45,20,74,560,604,631,676,45,20,7.2,58.3,68,6.1,10,75.6,81.5,6.1
LMR,2026-07-21,724,0,0,0,0,44,397,496,540,609,48,47,20,66,536,597,616,657,47,20,6.1,54.8,68.5,6.5,9.1,74,82.5,6.5
LMR,2026-07-22,677,5,0.7,2,0.3,46,401,476,511,556,45,55,21,76,507,550,574,601,55,21,6.8,59.2,70.3,8.1,11.2,74.9,81.2,8.1
LMR,2026-07-23,780,3,0.4,0,0,66,470,568,603,654,57,48,21,88,602,659,674,711,48,21,8.5,60.3,72.8,6.2,11.3,77.2,84.5,6.2
LMR,2026-07-24,723,6,0.8,2,0.3,30,414,491,543,595,69,40,19,44,565,599,632,664,40,19,4.1,57.3,67.9,5.5,6.1,78.1,82.8,5.5
LMR,2026-07-25,836,2,0.2,1,0.1,101,459,573,622,703,62,60,11,130,610,682,708,765,60,11,12.1,54.9,68.5,7.2,15.6,73,81.6,7.2
LMR,2026-07-26,707,5,0.7,2,0.3,55,431,534,564,607,45,39,16,79,560,614,628,652,39,16,7.8,61,75.5,5.5,11.2,79.2,86.8,5.5
LMR,2026-07-27,792,2,0.3,0,0,61,459,565,608,649,64,58,21,86,592,656,680,713,58,21,7.7,58,71.3,7.3,10.9,74.7,82.8,7.3
LMR,2026-07-28,783,3,0.4,1,0.1,61,439,551,592,634,74,60,15,86,589,665,687,708,60,15,7.8,56.1,70.4,7.7,11,75.2,84.9,7.7
LMR,2026-07-29,750,5,0.7,1,0.1,61,470,549,576,626,55,55,14,87,599,644,655,681,55,14,8.1,62.7,73.2,7.3,11.6,79.9,85.9,7.3
LMR,2026-07-30,847,6,0.7,0,0,74,505,604,628,679,75,68,25,106,667,717,731,754,68,25,8.7,59.6,71.3,8,12.5,78.7,84.7,8
LMR,2026-07-31,808,13,1.6,2,0.2,72,453,537,577,640,88,66,14,106,623,661,684,728,66,14,8.9,56.1,66.5,8.2,13.1,77.1,81.8,8.2
LMR,2026-08-01,781,11,1.4,4,0.5,52,414,530,572,621,61,72,27,80,561,637,650,682,72,27,6.7,53,67.9,9.2,10.2,71.8,81.6,9.2
LMR,2026-08-02,740,3,0.4,1,0.1,57,421,522,558,601,56,59,24,84,552,613,632,657,59,24,7.7,56.9,70.5,8,11.4,74.6,82.8,8
LMR,2026-08-03,755,9,1.2,2,0.3,65,439,527,562,600,69,56,30,84,568,624,648,669,56,30,8.6,58.1,69.8,7.4,11.1,75.2,82.6,7.4
LMR,2026-08-04,835,9,1.1,2,0.2,74,506,617,648,676,68,46,45,101,661,709,733,744,46,45,8.9,60.6,73.9,5.5,12.1,79.2,84.9,5.5
LMR,2026-08-05,790,7,0.9,1,0.1,61,445,531,573,601,78,53,58,92,588,639,659,679,53,58,7.7,56.3,67.2,6.7,11.6,74.4,80.9,6.7
LMR,2026-08-06,807,5,0.6,0,0,71,452,544,576,592,95,62,58,102,609,662,677,687,62,58,8.8,56,67.4,7.7,12.6,75.5,82,7.7
LMR,2026-08-07,807,4,0.5,3,0.4,53,433,532,580,580,102,50,75,79,600,658,682,682,50,75,6.6,53.7,65.9,6.2,9.8,74.3,81.5,6.2
LMR,2026-08-08,860,3,0.3,3,0.3,51,429,541,541,541,130,54,135,68,596,671,671,671,54,135,5.9,49.9,62.9,6.3,7.9,69.3,78,6.3
LMR,2026-08-09,803,1,0.1,1,0.1,57,440,441,441,441,154,45,163,81,595,595,595,595,45,163,7.1,54.8,54.9,5.6,10.1,74.1,74.1,5.6
LMR,2026-08-10,767,0,0,0,0,57,57,57,57,57,32,2,676,86,89,89,89,89,2,676,7.4,7.4,7.4,0.3,11.2,11.6,11.6,0.3
LON,2026-07-10,2,0,0,0,0,0,0,0,0,0,0,0,2,0,0,0,0,0,0,2,0,0,0,0,0,0,0,0
LON,2026-07-14,2,0,0,0,0,0,0,0,0,0,0,0,2,0,0,0,0,0,0,2,0,0,0,0,0,0,0,0
LON,2026-07-15,5,2,40,1,20,0,0,0,0,0,0,0,5,0,0,0,0,0,0,5,0,0,0,0,0,0,0,0
LON,2026-07-16,4,0,0,0,0,0,0,0,0,1,3,0,0,0,0,3,3,4,0,0,0,0,0,0,0,0,75,0
LUA,2026-05-08,105,1,1,0,0,0,0,0,0,2,25,0,78,0,0,0,0,27,0,78,0,0,0,0,0,0,0,0
LUA,2026-05-09,105,0,0,0,0,0,0,0,0,4,34,0,67,0,0,0,0,38,0,67,0,0,0,0,0,0,0,0
LUA,2026-05-10,49,0,0,0,0,0,0,0,0,5,13,0,31,0,0,0,0,18,0,31,0,0,0,0,0,0,0,0
LUA,2026-05-11,148,0,0,0,0,0,0,0,3,13,61,0,74,0,0,0,42,74,0,74,0,0,0,0,0,0,0,0
LUA,2026-05-12,152,0,0,0,0,0,0,12,18,27,82,2,41,0,0,73,82,108,2,42,0,0,7.9,1.3,0,0,48,1.3
LUA,2026-05-13,165,0,0,0,0,0,26,38,42,53,97,0,15,0,113,133,140,150,0,15,0,15.8,23,0,0,68.5,80.6,0
LUA,2026-05-14,158,0,0,0,0,1,25,41,48,53,88,0,17,3,108,118,127,141,0,17,0.6,15.8,25.9,0,1.9,68.4,74.7,0
LUA,2026-05-15,277,0,0,0,0,4,56,79,86,93,175,0,9,19,222,245,255,268,0,9,1.4,20.2,28.5,0,6.9,80.1,88.4,0
LUA,2026-05-16,250,3,1.2,1,0.4,6,39,50,59,68,161,0,21,40,182,203,212,229,0,21,2.4,15.6,20,0,16,72.8,81.2,0
LUA,2026-05-17,107,2,1.9,0,0,1,10,15,16,22,80,0,5,18,84,96,100,102,0,5,0.9,9.3,14,0,16.8,78.5,89.7,0
LUA,2026-05-18,63,1,1.6,1,1.6,0,14,17,22,27,32,0,4,1,48,53,55,59,0,4,0,22.2,27,0,1.6,76.2,84.1,0
LUA,2026-05-19,252,0,0,0,0,10,29,40,49,56,180,0,16,55,183,207,213,236,0,16,4,11.5,15.9,0,21.8,72.6,82.1,0
LUA,2026-05-20,192,0,0,0,0,11,48,64,70,73,112,0,7,29,159,174,177,185,0,7,5.7,25,33.3,0,15.1,82.8,90.6,0
LUA,2026-05-21,229,1,0.4,0,0,2,27,41,55,73,147,0,9,2,165,196,203,220,0,9,0.9,11.8,17.9,0,0.9,72.1,85.6,0
LUA,2026-05-22,318,2,0.6,2,0.6,2,56,83,100,113,181,1,23,20,231,272,282,294,1,23,0.6,17.6,26.1,0.3,6.3,72.6,85.5,0.3
LUA,2026-05-23,287,2,0.7,2,0.7,7,43,63,77,90,169,1,27,61,190,232,242,259,1,27,2.4,15,22,0.3,21.3,66.2,80.8,0.3
LUA,2026-05-24,176,1,0.6,1,0.6,5,21,32,34,41,126,0,9,62,144,158,162,167,0,9,2.8,11.9,18.2,0,35.2,81.8,89.8,0
LUA,2026-05-25,252,1,0.4,1,0.4,5,40,57,70,83,162,0,7,23,185,213,220,245,0,7,2,15.9,22.6,0,9.1,73.4,84.5,0
LUA,2026-05-26,260,1,0.4,0,0,8,52,69,78,86,163,0,11,26,195,222,228,249,0,11,3.1,20,26.5,0,10,75,85.4,0
LUA,2026-05-27,189,1,0.5,0,0,5,32,47,57,67,111,0,11,10,128,144,152,178,0,11,2.6,16.9,24.9,0,5.3,67.7,76.2,0
LUA,2026-05-28,161,1,0.6,0,0,2,23,31,36,45,102,0,14,10,102,114,123,147,0,14,1.2,14.3,19.3,0,6.2,63.4,70.8,0
LUA,2026-05-29,272,0,0,0,0,2,22,35,46,55,197,0,20,30,190,216,227,252,0,20,0.7,8.1,12.9,0,11,69.9,79.4,0
LUA,2026-05-30,220,0,0,0,0,1,27,43,51,65,134,0,21,9,148,170,186,199,0,21,0.5,12.3,19.5,0,4.1,67.3,77.3,0
LUA,2026-05-31,18,0,0,0,0,3,6,6,7,8,9,0,1,3,13,16,17,17,0,1,16.7,33.3,33.3,0,16.7,72.2,88.9,0
LUA,2026-06-01,197,2,1,1,0.5,1,33,48,56,72,110,0,15,4,144,164,168,182,0,15,0.5,16.8,24.4,0,2,73.1,83.2,0
LUA,2026-06-02,102,0,0,0,0,3,20,27,32,40,56,1,5,9,70,80,82,96,1,5,2.9,19.6,26.5,1,8.8,68.6,78.4,1
LUA,2026-06-03,284,0,0,0,0,0,29,45,56,68,199,0,17,3,197,242,257,267,0,17,0,10.2,15.8,0,1.1,69.4,85.2,0
LUA,2026-06-04,122,2,1.6,1,0.8,0,16,20,22,23,87,1,11,5,82,102,104,110,1,11,0,13.1,16.4,0.8,4.1,67.2,83.6,0.8
LUA,2026-06-05,158,2,1.3,2,1.3,1,19,30,36,42,101,0,15,3,117,131,137,143,0,15,0.6,12,19,0,1.9,74.1,82.9,0
LUA,2026-06-06,207,1,0.5,0,0,3,19,40,44,59,132,0,16,15,129,156,165,191,0,16,1.4,9.2,19.3,0,7.2,62.3,75.4,0
LUA,2026-06-07,47,1,2.1,1,2.1,0,4,8,9,11,28,0,8,1,30,34,38,39,0,8,0,8.5,17,0,2.1,63.8,72.3,0
LUA,2026-06-08,241,1,0.4,0,0,6,32,41,51,61,150,0,30,64,155,175,187,211,0,30,2.5,13.3,17,0,26.6,64.3,72.6,0
LUA,2026-06-09,87,1,1.1,0,0,1,13,16,18,23,53,1,10,3,59,64,70,76,1,10,1.1,14.9,18.4,1.1,3.4,67.8,73.6,1.1
LUA,2026-06-10,160,1,0.6,1,0.6,7,31,37,39,47,92,0,21,47,109,119,123,139,0,21,4.4,19.4,23.1,0,29.4,68.1,74.4,0
LUA,2026-06-11,115,0,0,0,0,4,23,28,31,34,75,2,4,10,85,96,100,109,2,4,3.5,20,24.3,1.7,8.7,73.9,83.5,1.7
LUA,2026-06-12,117,0,0,0,0,0,17,24,28,34,74,0,9,2,74,84,91,108,0,9,0,14.5,20.5,0,1.7,63.2,71.8,0
LUA,2026-06-13,103,0,0,0,0,1,10,17,19,28,67,0,8,1,45,64,73,95,0,8,1,9.7,16.5,0,1,43.7,62.1,0
LUA,2026-06-14,107,1,0.9,1,0.9,1,14,23,30,34,72,0,1,1,89,100,103,106,0,1,0.9,13.1,21.5,0,0.9,83.2,93.5,0
LUA,2026-06-15,83,1,1.2,1,1.2,0,19,24,27,33,39,0,11,0,48,58,62,72,0,11,0,22.9,28.9,0,0,57.8,69.9,0
LUA,2026-06-16,321,2,0.6,2,0.6,2,43,66,76,91,204,0,26,9,230,265,275,295,0,26,0.6,13.4,20.6,0,2.8,71.7,82.6,0
LUA,2026-06-17,210,0,0,0,0,3,33,48,54,61,135,0,14,26,173,188,189,196,0,14,1.4,15.7,22.9,0,12.4,82.4,89.5,0
LUA,2026-06-18,226,1,0.4,1,0.4,4,23,37,39,50,158,0,18,13,157,182,193,208,0,18,1.8,10.2,16.4,0,5.8,69.5,80.5,0
LUA,2026-06-19,402,0,0,0,0,0,38,51,66,80,288,0,34,9,285,317,344,368,0,34,0,9.5,12.7,0,2.2,70.9,78.9,0
LUA,2026-06-20,412,0,0,0,0,1,61,85,101,116,274,0,22,2,293,351,373,390,0,22,0.2,14.8,20.6,0,0.5,71.1,85.2,0
LUA,2026-06-21,60,0,0,0,0,0,7,12,16,19,41,0,0,0,41,48,56,60,0,0,0,11.7,20,0,0,68.3,80,0
LUA,2026-06-22,271,0,0,0,0,11,56,75,87,100,157,3,11,24,208,240,247,257,3,11,4.1,20.7,27.7,1.1,8.9,76.8,88.6,1.1
LUA,2026-06-23,371,0,0,0,0,9,46,72,83,99,265,1,6,132,317,345,356,364,1,6,2.4,12.4,19.4,0.3,35.6,85.4,93,0.3
LUA,2026-06-24,480,3,0.6,2,0.4,1,47,72,83,105,360,1,14,50,363,405,436,465,1,14,0.2,9.8,15,0.2,10.4,75.6,84.4,0.2
LUA,2026-06-25,404,0,0,0,0,8,66,80,97,108,263,2,31,64,321,343,351,371,2,31,2,16.3,19.8,0.5,15.8,79.5,84.9,0.5
LUA,2026-06-26,379,3,0.8,1,0.3,11,44,66,76,97,274,0,8,188,322,347,357,371,0,8,2.9,11.6,17.4,0,49.6,85,91.6,0
LUA,2026-06-27,379,0,0,0,0,11,46,68,76,91,274,0,14,149,291,326,343,365,0,14,2.9,12.1,17.9,0,39.3,76.8,86,0
LUA,2026-06-28,340,0,0,0,0,19,45,68,72,76,258,0,6,176,294,310,320,334,0,6,5.6,13.2,20,0,51.8,86.5,91.2,0
LUA,2026-06-29,267,1,0.4,1,0.4,14,92,118,133,137,108,1,21,23,223,234,240,245,1,21,5.2,34.5,44.2,0.4,8.6,83.5,87.6,0.4
LUA,2026-06-30,232,4,1.7,0,0,2,36,49,57,68,150,0,14,5,180,199,207,218,0,14,0.9,15.5,21.1,0,2.2,77.6,85.8,0
LUA,2026-07-01,188,0,0,0,0,0,30,47,50,61,117,1,9,4,143,164,172,178,1,9,0,16,25,0.5,2.1,76.1,87.2,0.5
LUA,2026-07-02,140,2,1.4,1,0.7,4,33,42,50,57,70,1,12,5,98,115,121,127,1,12,2.9,23.6,30,0.7,3.6,70,82.1,0.7
LUA,2026-07-03,200,4,2,3,1.5,7,43,59,70,72,101,2,25,14,149,165,168,173,2,25,3.5,21.5,29.5,1,7,74.5,82.5,1
LUA,2026-07-04,126,1,0.8,1,0.8,3,23,33,36,41,73,0,12,3,92,104,108,114,0,12,2.4,18.3,26.2,0,2.4,73,82.5,0
LUA,2026-07-05,59,0,0,0,0,0,8,14,17,20,33,0,6,1,40,52,52,53,0,6,0,13.6,23.7,0,1.7,67.8,88.1,0
LUA,2026-07-06,145,2,1.4,1,0.7,10,35,47,56,63,70,2,10,20,108,124,132,133,2,10,6.9,24.1,32.4,1.4,13.8,74.5,85.5,1.4
LUA,2026-07-07,610,3,0.5,2,0.3,3,96,135,164,196,352,0,62,6,451,507,520,548,0,62,0.5,15.7,22.1,0,1,73.9,83.1,0
LUA,2026-07-08,425,4,0.9,0,0,7,66,88,109,125,279,2,19,19,320,361,380,404,2,19,1.6,15.5,20.7,0.5,4.5,75.3,84.9,0.5
LUA,2026-07-09,704,9,1.3,0,0,4,104,164,196,225,440,0,39,14,517,599,622,665,0,39,0.6,14.8,23.3,0,2,73.4,85.1,0
LUA,2026-07-10,394,3,0.8,0,0,1,40,56,70,91,282,0,21,3,227,300,330,373,0,21,0.3,10.2,14.2,0,0.8,57.6,76.1,0
LUA,2026-07-11,478,11,2.3,0,0,9,72,110,131,157,296,0,25,26,355,406,427,453,0,25,1.9,15.1,23,0,5.4,74.3,84.9,0
LUA,2026-07-12,48,1,2.1,0,0,0,6,11,12,13,14,0,21,1,20,23,24,27,0,21,0,12.5,22.9,0,2.1,41.7,47.9,0
LUA,2026-07-13,647,12,1.9,0,0,3,86,141,167,202,406,0,39,20,488,553,570,608,0,39,0.5,13.3,21.8,0,3.1,75.4,85.5,0
LUA,2026-07-14,650,14,2.2,0,0,6,119,163,193,218,388,1,43,12,502,560,581,606,1,43,0.9,18.3,25.1,0.2,1.8,77.2,86.2,0.2
LUA,2026-07-15,403,6,1.5,0,0,4,57,91,102,123,248,1,31,7,283,332,343,371,1,31,1,14.1,22.6,0.2,1.7,70.2,82.4,0.2
LUA,2026-07-16,187,7,3.7,1,0.5,8,41,68,71,80,73,0,34,10,114,133,139,153,0,34,4.3,21.9,36.4,0,5.3,61,71.1,0
LUA,2026-07-17,74,4,5.4,1,1.4,1,18,21,24,29,38,1,6,2,49,57,58,67,1,6,1.4,24.3,28.4,1.4,2.7,66.2,77,1.4
LUA,2026-07-18,218,6,2.8,1,0.5,3,30,49,58,66,144,0,8,5,150,173,186,210,0,8,1.4,13.8,22.5,0,2.3,68.8,79.4,0
LUA,2026-07-19,90,4,4.4,0,0,0,1,9,10,13,74,1,2,0,63,76,83,87,1,2,0,1.1,10,1.1,0,70,84.4,1.1
LUA,2026-07-20,100,4,4,1,1,4,34,39,42,48,46,0,6,11,71,80,82,94,0,6,4,34,39,0,11,71,80,0
LUA,2026-07-21,146,9,6.2,0,0,0,31,44,50,58,83,3,2,0,98,116,121,141,3,2,0,21.2,30.1,2.1,0,67.1,79.5,2.1
LUA,2026-07-22,128,8,6.3,2,1.6,2,35,42,49,66,57,0,5,4,89,106,113,123,0,5,1.6,27.3,32.8,0,3.1,69.5,82.8,0
LUA,2026-07-23,96,7,7.3,0,0,2,25,31,37,44,49,1,2,6,71,79,84,93,1,2,2.1,26,32.3,1,6.3,74,82.3,1
LUA,2026-07-24,234,30,12.8,3,1.3,3,40,47,51,57,159,1,17,45,174,195,202,216,1,17,1.3,17.1,20.1,0.4,19.2,74.4,83.3,0.4
LUA,2026-07-25,336,12,3.6,3,0.9,9,38,53,61,80,244,2,10,89,248,284,294,324,2,10,2.7,11.3,15.8,0.6,26.5,73.8,84.5,0.6
LUA,2026-07-26,9,0,0,0,0,0,3,5,5,7,2,0,0,0,6,7,7,9,0,0,0,33.3,55.6,0,0,66.7,77.8,0
LUA,2026-07-27,129,3,2.3,0,0,6,33,45,48,54,72,0,3,53,104,114,118,126,0,3,4.7,25.6,34.9,0,41.1,80.6,88.4,0
LUA,2026-07-28,472,24,5.1,1,0.2,10,100,134,155,208,252,1,11,94,341,375,397,460,1,11,2.1,21.2,28.4,0.2,19.9,72.2,79.4,0.2
LUA,2026-07-29,135,5,3.7,0,0,9,36,41,44,47,85,0,3,65,123,128,130,132,0,3,6.7,26.7,30.4,0,48.1,91.1,94.8,0
LUA,2026-07-30,153,6,3.9,2,1.3,7,34,42,46,56,95,1,1,60,126,137,139,151,1,1,4.6,22.2,27.5,0.7,39.2,82.4,89.5,0.7
LUA,2026-07-31,172,4,2.3,2,1.2,5,30,36,41,44,113,2,13,55,138,144,148,157,2,13,2.9,17.4,20.9,1.2,32,80.2,83.7,1.2
LUA,2026-08-01,100,3,3,1,1,3,17,31,35,41,53,1,5,3,64,81,88,94,1,5,3,17,31,1,3,64,81,1
LUA,2026-08-02,4,0,0,0,0,0,0,1,1,1,2,0,1,0,2,3,3,3,0,1,0,0,25,0,0,50,75,0
LUA,2026-08-03,167,8,4.8,0,0,1,31,43,48,51,109,0,7,3,135,152,157,160,0,7,0.6,18.6,25.7,0,1.8,80.8,91,0
LUA,2026-08-04,194,11,5.7,1,0.5,1,31,47,53,56,116,1,21,3,141,163,171,172,1,21,0.5,16,24.2,0.5,1.5,72.7,84,0.5
LUA,2026-08-05,89,1,1.1,0,0,4,26,36,38,40,42,1,6,5,71,79,81,82,1,6,4.5,29.2,40.4,1.1,5.6,79.8,88.8,1.1
LUA,2026-08-06,233,18,7.7,13,5.6,5,61,73,81,86,93,0,54,12,155,170,176,179,0,54,2.1,26.2,31.3,0,5.2,66.5,73,0
LUA,2026-08-07,170,5,2.9,2,1.2,2,30,41,45,45,106,1,18,7,133,143,151,151,1,18,1.2,17.6,24.1,0.6,4.1,78.2,84.1,0.6
LUA,2026-08-08,237,0,0,0,0,7,60,71,71,71,115,1,50,19,167,186,186,186,1,50,3,25.3,30,0.4,8,70.5,78.5,0.4
LUA,2026-08-09,145,0,0,0,0,1,10,10,10,10,105,0,30,4,115,115,115,115,0,30,0.7,6.9,6.9,0,2.8,79.3,79.3,0
LUA,2026-08-10,45,0,0,0,0,1,1,1,1,1,0,0,44,1,1,1,1,1,0,44,2.2,2.2,2.2,0,2.2,2.2,2.2,0
LUS,2026-05-11,1,0,0,0,0,0,0,0,0,0,0,0,1,0,0,0,0,0,0,1,0,0,0,0,0,0,0,0
LUS,2026-05-12,2,0,0,0,0,0,0,1,1,1,0,0,1,0,0,1,1,1,0,1,0,0,50,0,0,0,50,0
LUS,2026-05-13,6,0,0,0,0,0,1,2,2,3,3,0,0,0,5,5,5,6,0,0,0,16.7,33.3,0,0,83.3,83.3,0
LUS,2026-05-14,1,0,0,0,0,0,1,1,1,1,0,0,0,0,1,1,1,1,0,0,0,100,100,0,0,100,100,0
LUS,2026-05-15,2,0,0,0,0,0,2,2,2,2,0,0,0,0,2,2,2,2,0,0,0,100,100,0,0,100,100,0
LUS,2026-05-18,1,0,0,0,0,0,1,1,1,1,0,0,0,0,1,1,1,1,0,0,0,100,100,0,0,100,100,0
LUS,2026-05-21,2,0,0,0,0,1,1,2,2,2,0,0,0,1,2,2,2,2,0,0,50,50,100,0,50,100,100,0
LUS,2026-05-26,3,0,0,0,0,0,1,2,2,2,0,1,0,0,2,2,2,2,1,0,0,33.3,66.7,33.3,0,66.7,66.7,33.3
LUS,2026-05-27,4,0,0,0,0,0,1,1,2,3,0,0,1,0,2,3,3,3,0,1,0,25,25,0,0,50,75,0
LUS,2026-05-28,2,0,0,0,0,0,1,1,1,1,0,1,0,0,1,1,1,1,1,0,0,50,50,50,0,50,50,50
LUS,2026-06-02,4,0,0,0,0,0,4,4,4,4,0,0,0,0,4,4,4,4,0,0,0,100,100,0,0,100,100,0
LUS,2026-06-03,3,0,0,0,0,0,2,3,3,3,0,0,0,0,3,3,3,3,0,0,0,66.7,100,0,0,100,100,0
LUS,2026-06-04,1,0,0,0,0,0,1,1,1,1,0,0,0,0,1,1,1,1,0,0,0,100,100,0,0,100,100,0
LUS,2026-06-08,3,0,0,0,0,0,1,1,1,3,0,0,0,0,1,1,2,3,0,0,0,33.3,33.3,0,0,33.3,33.3,0
LUS,2026-06-09,3,0,0,0,0,0,2,2,2,2,0,0,1,0,2,2,2,2,0,1,0,66.7,66.7,0,0,66.7,66.7,0
LUS,2026-06-11,2,0,0,0,0,0,1,2,2,2,0,0,0,0,1,2,2,2,0,0,0,50,100,0,0,50,100,0
LUS,2026-06-12,1,0,0,0,0,0,1,1,1,1,0,0,0,0,1,1,1,1,0,0,0,100,100,0,0,100,100,0
LUS,2026-06-13,1,0,0,0,0,1,1,1,1,1,0,0,0,1,1,1,1,1,0,0,100,100,100,0,100,100,100,0
LUS,2026-06-18,1,0,0,0,0,0,1,1,1,1,0,0,0,0,1,1,1,1,0,0,0,100,100,0,0,100,100,0
LUS,2026-06-24,2,0,0,0,0,0,2,2,2,2,0,0,0,0,2,2,2,2,0,0,0,100,100,0,0,100,100,0
LUS,2026-06-25,1,0,0,0,0,0,1,1,1,1,0,0,0,0,1,1,1,1,0,0,0,100,100,0,0,100,100,0
LUS,2026-06-29,1,0,0,0,0,0,1,1,1,1,0,0,0,0,1,1,1,1,0,0,0,100,100,0,0,100,100,0
LUS,2026-07-02,3,0,0,0,0,2,3,3,3,3,0,0,0,2,3,3,3,3,0,0,66.7,100,100,0,66.7,100,100,0
LUS,2026-07-09,2,0,0,0,0,0,1,1,1,1,0,1,0,0,1,1,1,1,1,0,0,50,50,50,0,50,50,50
LUS,2026-07-11,1,0,0,0,0,0,1,1,1,1,0,0,0,0,1,1,1,1,0,0,0,100,100,0,0,100,100,0
LUS,2026-07-14,2,0,0,0,0,0,2,2,2,2,0,0,0,0,2,2,2,2,0,0,0,100,100,0,0,100,100,0
LUS,2026-07-15,2,0,0,0,0,1,1,1,1,1,1,0,0,1,2,2,2,2,0,0,50,50,50,0,50,100,100,0
LUS,2026-07-20,1,0,0,0,0,0,0,0,0,0,1,0,0,0,1,1,1,1,0,0,0,0,0,0,0,100,100,0
LUS,2026-07-27,2,0,0,0,0,0,1,2,2,2,0,0,0,0,2,2,2,2,0,0,0,50,100,0,0,100,100,0
LUS,2026-07-28,2,0,0,0,0,0,1,1,1,1,1,0,0,0,2,2,2,2,0,0,0,50,50,0,0,100,100,0
LUS,2026-07-30,2,0,0,0,0,0,2,2,2,2,0,0,0,0,2,2,2,2,0,0,0,100,100,0,0,100,100,0
LUS,2026-08-04,1,0,0,0,0,0,0,0,1,1,0,0,0,0,1,1,1,1,0,0,0,0,0,0,0,100,100,0
LUS,2026-08-08,3,0,0,0,0,0,1,1,1,1,0,1,1,0,1,1,1,1,1,1,0,33.3,33.3,33.3,0,33.3,33.3,33.3
LUX,2026-05-12,10,0,0,0,0,0,0,0,0,1,2,0,7,0,0,1,2,3,0,7,0,0,0,0,0,0,10,0
LUX,2026-05-14,2,0,0,0,0,0,1,1,1,1,1,0,0,0,1,1,1,2,0,0,0,50,50,0,0,50,50,0
LUX,2026-05-15,6,0,0,0,0,0,2,3,3,3,2,0,1,1,3,3,5,5,0,1,0,33.3,50,0,16.7,50,50,0
LUX,2026-05-20,1,0,0,0,0,0,1,1,1,1,0,0,0,0,1,1,1,1,0,0,0,100,100,0,0,100,100,0
LUX,2026-05-24,1,0,0,0,0,0,1,1,1,1,0,0,0,0,1,1,1,1,0,0,0,100,100,0,0,100,100,0
LUX,2026-05-30,1,0,0,0,0,0,0,0,0,1,0,0,0,0,0,0,0,1,0,0,0,0,0,0,0,0,0,0
LWS,2026-06-03,1,0,0,0,0,0,0,0,0,0,1,0,0,0,1,1,1,1,0,0,0,0,0,0,0,100,100,0
MAX,2026-05-10,1,0,0,0,0,0,0,0,0,0,0,0,1,0,0,0,0,0,0,1,0,0,0,0,0,0,0,0
MAX,2026-05-12,1,0,0,0,0,0,0,1,1,1,0,0,0,0,0,1,1,1,0,0,0,0,100,0,0,0,100,0
MAX,2026-05-17,1,0,0,0,0,0,1,1,1,1,0,0,0,0,1,1,1,1,0,0,0,100,100,0,0,100,100,0
MAX,2026-05-18,2,0,0,0,0,0,0,1,1,2,0,0,0,0,1,2,2,2,0,0,0,0,50,0,0,50,100,0
MAX,2026-05-20,1,0,0,0,0,0,1,1,1,1,0,0,0,0,1,1,1,1,0,0,0,100,100,0,0,100,100,0
MAX,2026-05-29,1,0,0,0,0,0,1,1,1,1,0,0,0,0,1,1,1,1,0,0,0,100,100,0,0,100,100,0
MAX,2026-05-30,1,0,0,0,0,0,0,0,0,0,1,0,0,0,1,1,1,1,0,0,0,0,0,0,0,100,100,0
MAX,2026-06-01,1,0,0,0,0,0,0,0,1,1,0,0,0,0,0,0,1,1,0,0,0,0,0,0,0,0,0,0
MAX,2026-06-03,1,0,0,0,0,0,0,0,0,1,0,0,0,0,0,0,0,1,0,0,0,0,0,0,0,0,0,0
MAX,2026-06-04,1,0,0,0,0,0,0,1,1,1,0,0,0,0,1,1,1,1,0,0,0,0,100,0,0,100,100,0
MAX,2026-06-05,2,0,0,0,0,1,2,2,2,2,0,0,0,1,2,2,2,2,0,0,50,100,100,0,50,100,100,0
MAX,2026-06-06,2,0,0,0,0,0,0,1,2,2,0,0,0,0,1,2,2,2,0,0,0,0,50,0,0,50,100,0
MAX,2026-06-08,1,0,0,0,0,0,0,0,0,0,1,0,0,0,1,1,1,1,0,0,0,0,0,0,0,100,100,0
MAX,2026-06-09,1,0,0,0,0,0,1,1,1,1,0,0,0,0,1,1,1,1,0,0,0,100,100,0,0,100,100,0
MAX,2026-06-10,1,0,0,0,0,0,0,1,1,1,0,0,0,0,1,1,1,1,0,0,0,0,100,0,0,100,100,0
MAX,2026-06-11,1,0,0,0,0,0,1,1,1,1,0,0,0,0,1,1,1,1,0,0,0,100,100,0,0,100,100,0
MAX,2026-06-12,1,0,0,0,0,0,0,0,0,0,1,0,0,0,0,1,1,1,0,0,0,0,0,0,0,0,100,0
MAX,2026-06-13,1,0,0,0,0,0,1,1,1,1,0,0,0,0,1,1,1,1,0,0,0,100,100,0,0,100,100,0
MAX,2026-06-15,89,0,0,0,0,0,47,57,62,69,19,0,1,1,72,78,82,88,0,1,0,52.8,64,0,1.1,80.9,87.6,0
MAX,2026-06-16,230,0,0,0,0,20,111,151,165,183,45,0,2,30,196,213,219,228,0,2,8.7,48.3,65.7,0,13,85.2,92.6,0
MAX,2026-06-17,242,0,0,0,0,29,125,156,176,192,48,0,2,41,210,224,232,240,0,2,12,51.7,64.5,0,16.9,86.8,92.6,0
MAX,2026-06-18,246,0,0,0,0,23,137,162,179,209,35,0,2,46,207,228,230,244,0,2,9.3,55.7,65.9,0,18.7,84.1,92.7,0
MAX,2026-06-19,222,0,0,0,0,19,114,140,161,182,39,0,1,33,188,200,210,221,0,1,8.6,51.4,63.1,0,14.9,84.7,90.1,0
MAX,2026-06-20,186,0,0,0,0,21,101,130,137,162,24,0,0,33,150,169,173,186,0,0,11.3,54.3,69.9,0,17.7,80.6,90.9,0
MAX,2026-06-21,243,0,0,0,0,24,128,166,183,202,41,0,0,38,216,235,238,243,0,0,9.9,52.7,68.3,0,15.6,88.9,96.7,0
MAX,2026-06-22,237,0,0,0,0,21,115,158,174,193,42,0,2,40,203,215,229,235,0,2,8.9,48.5,66.7,0,16.9,85.7,90.7,0
MAX,2026-06-23,284,0,0,0,0,26,157,194,213,238,44,0,2,37,242,264,273,282,0,2,9.2,55.3,68.3,0,13,85.2,93,0
MAX,2026-06-24,337,0,0,0,0,32,178,217,240,264,70,0,3,47,289,309,322,334,0,3,9.5,52.8,64.4,0,13.9,85.8,91.7,0
MAX,2026-06-25,337,0,0,0,0,39,191,231,243,274,62,0,1,62,298,321,324,336,0,1,11.6,56.7,68.5,0,18.4,88.4,95.3,0
MAX,2026-06-26,308,0,0,0,0,36,183,209,233,251,56,0,1,61,267,280,294,307,0,1,11.7,59.4,67.9,0,19.8,86.7,90.9,0
MAX,2026-06-27,120,0,0,0,0,20,73,84,92,98,22,0,0,26,96,108,112,120,0,0,16.7,60.8,70,0,21.7,80,90,0
MAX,2026-06-28,127,0,0,0,0,24,79,95,104,113,14,0,0,27,109,116,119,127,0,0,18.9,62.2,74.8,0,21.3,85.8,91.3,0
MAX,2026-06-29,112,0,0,0,0,9,43,65,78,90,22,0,0,15,84,99,107,112,0,0,8,38.4,58,0,13.4,75,88.4,0
MAX,2026-06-30,112,0,0,0,0,19,59,73,84,89,23,0,0,26,96,103,105,112,0,0,17,52.7,65.2,0,23.2,85.7,92,0
MAX,2026-07-01,94,0,0,0,0,5,43,59,65,79,15,0,0,11,76,87,91,94,0,0,5.3,45.7,62.8,0,11.7,80.9,92.6,0
MAX,2026-07-02,101,1,1,1,1,17,46,58,62,71,21,0,9,21,78,84,87,92,0,9,16.8,45.5,57.4,0,20.8,77.2,83.2,0
MAX,2026-07-03,92,0,0,0,0,5,39,49,59,71,17,0,4,9,72,75,79,88,0,4,5.4,42.4,53.3,0,9.8,78.3,81.5,0
MAX,2026-07-04,83,0,0,0,0,8,42,51,55,64,18,0,1,11,61,73,77,82,0,1,9.6,50.6,61.4,0,13.3,73.5,88,0
MAX,2026-07-05,92,0,0,0,0,7,46,62,68,76,16,0,0,11,84,88,89,92,0,0,7.6,50,67.4,0,12,91.3,95.7,0
MAX,2026-07-06,146,1,0.7,0,0,6,83,99,105,119,23,0,4,15,113,122,129,142,0,4,4.1,56.8,67.8,0,10.3,77.4,83.6,0
MAX,2026-07-07,192,0,0,0,0,15,104,134,148,166,25,0,1,23,152,166,174,191,0,1,7.8,54.2,69.8,0,12,79.2,86.5,0
MAX,2026-07-08,207,1,0.5,0,0,13,118,156,165,183,21,0,3,22,163,184,189,204,0,3,6.3,57,75.4,0,10.6,78.7,88.9,0
MAX,2026-07-09,223,1,0.4,0,0,29,134,159,169,195,27,0,1,44,192,204,207,222,0,1,13,60.1,71.3,0,19.7,86.1,91.5,0
MAX,2026-07-10,166,0,0,0,0,20,103,120,131,148,17,0,1,34,138,149,158,165,0,1,12,62,72.3,0,20.5,83.1,89.8,0
MAX,2026-07-11,180,0,0,0,0,30,102,126,145,165,11,0,4,45,139,155,166,176,0,4,16.7,56.7,70,0,25,77.2,86.1,0
MAX,2026-07-12,208,1,0.5,0,0,27,116,135,149,172,29,0,7,40,155,175,182,201,0,7,13,55.8,64.9,0,19.2,74.5,84.1,0
MAX,2026-07-13,187,3,1.6,0,0,17,111,133,144,170,13,0,4,27,142,157,165,183,0,4,9.1,59.4,71.1,0,14.4,75.9,84,0
MAX,2026-07-14,210,3,1.4,0,0,26,118,150,168,186,20,0,4,36,163,182,188,206,0,4,12.4,56.2,71.4,0,17.1,77.6,86.7,0
MAX,2026-07-15,168,2,1.2,0,0,13,92,120,132,156,9,0,3,24,134,143,150,165,0,3,7.7,54.8,71.4,0,14.3,79.8,85.1,0
MAX,2026-07-16,165,1,0.6,0,0,17,90,116,121,144,20,0,1,29,128,145,149,164,0,1,10.3,54.5,70.3,0,17.6,77.6,87.9,0
MAX,2026-07-17,165,1,0.6,0,0,20,100,114,125,153,11,0,1,25,137,142,148,164,0,1,12.1,60.6,69.1,0,15.2,83,86.1,0
MAX,2026-07-18,161,1,0.6,0,0,19,75,107,121,144,16,0,1,30,115,136,143,160,0,1,11.8,46.6,66.5,0,18.6,71.4,84.5,0
MAX,2026-07-19,163,2,1.2,0,0,14,86,118,131,149,13,0,1,24,129,146,152,162,0,1,8.6,52.8,72.4,0,14.7,79.1,89.6,0
MAX,2026-07-20,168,0,0,0,0,16,76,111,126,150,18,0,0,23,127,138,141,168,0,0,9.5,45.2,66.1,0,13.7,75.6,82.1,0
MAX,2026-07-21,146,1,0.7,0,0,20,86,111,121,134,12,0,0,28,111,125,132,146,0,0,13.7,58.9,76,0,19.2,76,85.6,0
MAX,2026-07-22,142,2,1.4,0,0,15,71,89,96,121,21,0,0,20,107,120,125,142,0,0,10.6,50,62.7,0,14.1,75.4,84.5,0
MAX,2026-07-23,157,0,0,0,0,17,89,111,117,134,20,0,3,24,125,140,145,154,0,3,10.8,56.7,70.7,0,15.3,79.6,89.2,0
MAX,2026-07-24,139,1,0.7,0,0,10,78,94,100,121,18,0,0,20,104,115,123,139,0,0,7.2,56.1,67.6,0,14.4,74.8,82.7,0
MAX,2026-07-25,142,1,0.7,0,0,17,76,96,103,126,14,0,2,22,97,120,130,140,0,2,12,53.5,67.6,0,15.5,68.3,84.5,0
MAX,2026-07-26,138,0,0,0,0,9,51,77,94,114,21,0,3,10,98,115,120,135,0,3,6.5,37,55.8,0,7.2,71,83.3,0
MAX,2026-07-27,158,2,1.3,0,0,10,82,103,120,132,26,0,0,16,118,143,148,158,0,0,6.3,51.9,65.2,0,10.1,74.7,90.5,0
MAX,2026-07-28,181,0,0,0,0,18,104,128,136,154,26,0,1,27,146,158,164,180,0,1,9.9,57.5,70.7,0,14.9,80.7,87.3,0
MAX,2026-07-29,149,0,0,0,0,9,92,108,116,127,17,0,5,17,123,132,137,144,0,5,6,61.7,72.5,0,11.4,82.6,88.6,0
MAX,2026-07-30,174,1,0.6,0,0,18,109,131,136,153,18,0,3,33,139,156,162,171,0,3,10.3,62.6,75.3,0,19,79.9,89.7,0
MAX,2026-07-31,93,0,0,0,0,13,56,69,75,84,9,0,0,19,80,85,90,93,0,0,14,60.2,74.2,0,20.4,86,91.4,0
MAX,2026-08-01,103,0,0,0,0,10,58,74,82,90,11,0,2,15,81,92,97,101,0,2,9.7,56.3,71.8,0,14.6,78.6,89.3,0
MAX,2026-08-02,88,1,1.1,0,0,8,55,64,66,76,10,0,2,13,68,75,78,86,0,2,9.1,62.5,72.7,0,14.8,77.3,85.2,0
MAX,2026-08-03,67,0,0,0,0,6,37,45,54,59,7,0,1,9,53,57,63,66,0,1,9,55.2,67.2,0,13.4,79.1,85.1,0
MAX,2026-08-04,60,0,0,0,0,6,34,42,45,47,9,0,4,10,48,51,52,56,0,4,10,56.7,70,0,16.7,80,85,0
MAX,2026-08-05,38,0,0,0,0,6,16,26,26,27,5,0,6,7,30,32,32,32,0,6,15.8,42.1,68.4,0,18.4,78.9,84.2,0
MAX,2026-08-06,55,0,0,0,0,6,26,31,35,37,7,0,11,12,40,42,44,44,0,11,10.9,47.3,56.4,0,21.8,72.7,76.4,0
MAX,2026-08-07,41,0,0,0,0,3,17,26,30,30,7,0,4,7,29,34,37,37,0,4,7.3,41.5,63.4,0,17.1,70.7,82.9,0
MAX,2026-08-08,60,1,1.7,1,1.7,6,30,35,35,35,15,0,10,10,41,50,50,50,0,10,10,50,58.3,0,16.7,68.3,83.3,0
MAX,2026-08-09,56,0,0,0,0,3,32,32,32,32,5,0,19,3,37,37,37,37,0,19,5.4,57.1,57.1,0,5.4,66.1,66.1,0
MAX,2026-08-10,58,0,0,0,0,7,7,7,7,7,5,0,46,12,12,12,12,12,0,46,12.1,12.1,12.1,0,20.7,20.7,20.7,0
MDG,2026-05-14,1,0,0,0,0,0,1,1,1,1,0,0,0,0,1,1,1,1,0,0,0,100,100,0,0,100,100,0
MDG,2026-05-16,1,0,0,0,0,0,0,0,0,0,0,1,0,0,0,0,0,0,1,0,0,0,0,100,0,0,0,100
MDG,2026-05-19,1,0,0,0,0,0,0,0,0,0,1,0,0,0,1,1,1,1,0,0,0,0,0,0,0,100,100,0
MDG,2026-05-20,1,0,0,0,0,0,0,0,0,0,0,1,0,0,0,0,0,0,1,0,0,0,0,100,0,0,0,100
MDG,2026-05-22,1,0,0,0,0,0,1,1,1,1,0,0,0,0,1,1,1,1,0,0,0,100,100,0,0,100,100,0
MDG,2026-05-23,3,1,33.3,0,0,0,1,2,2,2,1,0,0,0,3,3,3,3,0,0,0,33.3,66.7,0,0,100,100,0
MDG,2026-05-24,2,0,0,0,0,0,1,1,1,1,1,0,0,0,1,2,2,2,0,0,0,50,50,0,0,50,100,0
MDG,2026-05-25,8,0,0,0,0,0,3,3,4,4,3,1,0,0,6,7,7,7,1,0,0,37.5,37.5,12.5,0,75,87.5,12.5
MDG,2026-05-26,5,0,0,0,0,1,3,3,3,3,1,0,1,1,4,4,4,4,0,1,20,60,60,0,20,80,80,0
MDG,2026-05-27,8,0,0,0,0,2,5,6,6,6,1,0,1,3,6,7,7,7,0,1,25,62.5,75,0,37.5,75,87.5,0
MDG,2026-05-28,5,0,0,0,0,2,4,4,4,4,1,0,0,3,5,5,5,5,0,0,40,80,80,0,60,100,100,0
MDG,2026-05-29,14,0,0,0,0,2,4,4,5,5,4,2,3,4,5,8,9,9,2,3,14.3,28.6,28.6,14.3,28.6,35.7,57.1,14.3
MDG,2026-05-30,27,1,3.7,0,0,5,9,12,14,14,8,3,2,14,19,20,21,22,3,2,18.5,33.3,44.4,11.1,51.9,70.4,74.1,11.1
MDG,2026-05-31,5,0,0,0,0,1,2,4,4,4,1,0,0,1,4,5,5,5,0,0,20,40,80,0,20,80,100,0
MDG,2026-06-01,6,0,0,0,0,0,1,1,2,2,3,1,0,2,5,5,5,5,1,0,0,16.7,16.7,16.7,33.3,83.3,83.3,16.7
MDG,2026-06-02,30,0,0,0,0,5,14,16,17,17,11,0,2,13,27,27,28,28,0,2,16.7,46.7,53.3,0,43.3,90,90,0
MDG,2026-06-03,31,0,0,0,0,2,18,24,25,25,3,1,2,6,24,28,28,28,1,2,6.5,58.1,77.4,3.2,19.4,77.4,90.3,3.2
MDG,2026-06-04,63,2,3.2,0,0,2,36,47,50,50,8,1,4,6,49,57,58,58,1,4,3.2,57.1,74.6,1.6,9.5,77.8,90.5,1.6
MDG,2026-06-05,66,1,1.5,0,0,6,34,44,51,52,4,3,7,9,49,53,56,56,3,7,9.1,51.5,66.7,4.5,13.6,74.2,80.3,4.5
MDG,2026-06-06,61,3,4.9,0,0,6,25,36,44,44,10,3,4,11,41,52,54,54,3,4,9.8,41,59,4.9,18,67.2,85.2,4.9
MDG,2026-06-07,26,1,3.8,0,0,3,10,16,17,17,5,0,4,3,16,20,21,22,0,4,11.5,38.5,61.5,0,11.5,61.5,76.9,0
MDG,2026-06-08,58,2,3.4,0,0,1,30,39,43,43,8,1,6,6,44,49,51,51,1,6,1.7,51.7,67.2,1.7,10.3,75.9,84.5,1.7
MDG,2026-06-09,70,1,1.4,0,0,4,35,46,50,52,12,2,4,9,53,61,64,64,2,4,5.7,50,65.7,2.9,12.9,75.7,87.1,2.9
MDG,2026-06-10,42,1,2.4,0,0,3,23,29,30,30,7,0,5,5,36,36,37,37,0,5,7.1,54.8,69,0,11.9,85.7,85.7,0
MDG,2026-06-11,50,4,8,0,0,8,25,28,29,30,6,3,11,14,29,35,36,36,3,11,16,50,56,6,28,58,70,6
MDG,2026-06-12,63,1,1.6,0,0,10,42,46,50,50,10,2,1,12,50,56,60,60,2,1,15.9,66.7,73,3.2,19,79.4,88.9,3.2
MDG,2026-06-13,77,3,3.9,0,0,4,35,45,49,51,16,3,7,15,55,63,67,67,3,7,5.2,45.5,58.4,3.9,19.5,71.4,81.8,3.9
MDG,2026-06-14,37,0,0,0,0,3,22,29,31,31,6,0,0,7,31,35,37,37,0,0,8.1,59.5,78.4,0,18.9,83.8,94.6,0
MDG,2026-06-15,99,7,7.1,0,0,6,49,59,64,66,19,1,13,11,67,78,84,85,1,13,6.1,49.5,59.6,1,11.1,67.7,78.8,1
MDG,2026-06-16,96,5,5.2,1,1,12,60,70,74,75,12,0,9,18,78,83,87,87,0,9,12.5,62.5,72.9,0,18.8,81.3,86.5,0
MDG,2026-06-17,87,1,1.1,0,0,6,41,58,62,63,11,0,13,14,61,69,72,74,0,13,6.9,47.1,66.7,0,16.1,70.1,79.3,0
MDG,2026-06-18,109,8,7.3,1,0.9,2,52,70,72,75,23,0,11,14,79,90,96,98,0,11,1.8,47.7,64.2,0,12.8,72.5,82.6,0
MDG,2026-06-19,110,4,3.6,0,0,7,56,69,76,78,22,1,9,16,80,88,99,100,1,9,6.4,50.9,62.7,0.9,14.5,72.7,80,0.9
MDG,2026-06-20,89,2,2.2,0,0,9,38,54,65,65,14,0,10,11,52,71,79,79,0,10,10.1,42.7,60.7,0,12.4,58.4,79.8,0
MDG,2026-06-21,90,5,5.6,0,0,7,47,60,63,64,12,2,12,14,63,73,76,76,2,12,7.8,52.2,66.7,2.2,15.6,70,81.1,2.2
MDG,2026-06-22,93,2,2.2,0,0,4,59,75,78,78,8,1,6,6,77,84,86,86,1,6,4.3,63.4,80.6,1.1,6.5,82.8,90.3,1.1
MDG,2026-06-23,126,0,0,0,0,12,82,101,106,106,14,0,6,21,103,119,120,120,0,6,9.5,65.1,80.2,0,16.7,81.7,94.4,0
MDG,2026-06-24,91,2,2.2,0,0,9,57,69,72,72,13,1,5,15,75,83,85,85,1,5,9.9,62.6,75.8,1.1,16.5,82.4,91.2,1.1
MDG,2026-06-25,104,0,0,0,0,8,63,75,78,78,14,2,10,11,78,87,91,92,2,10,7.7,60.6,72.1,1.9,10.6,75,83.7,1.9
MDG,2026-06-26,129,5,3.9,0,0,5,73,89,97,98,16,5,10,12,104,111,114,114,5,10,3.9,56.6,69,3.9,9.3,80.6,86,3.9
MDG,2026-06-27,73,4,5.5,0,0,12,37,49,51,52,14,1,6,14,51,60,65,66,1,6,16.4,50.7,67.1,1.4,19.2,69.9,82.2,1.4
MDG,2026-06-28,62,1,1.6,0,0,9,32,42,42,43,10,4,5,10,43,51,51,53,4,5,14.5,51.6,67.7,6.5,16.1,69.4,82.3,6.5
MDG,2026-06-29,115,6,5.2,1,0.9,5,71,85,90,90,15,2,8,8,89,102,105,105,2,8,4.3,61.7,73.9,1.7,7,77.4,88.7,1.7
MDG,2026-06-30,112,2,1.8,0,0,9,57,68,89,89,11,1,11,14,78,82,100,100,1,11,8,50.9,60.7,0.9,12.5,69.6,73.2,0.9
MDG,2026-07-01,72,2,2.8,1,1.4,7,38,43,47,47,17,2,6,10,59,60,63,64,2,6,9.7,52.8,59.7,2.8,13.9,81.9,83.3,2.8
MDG,2026-07-02,115,3,2.6,1,0.9,9,67,85,86,88,18,1,8,12,97,106,106,106,1,8,7.8,58.3,73.9,0.9,10.4,84.3,92.2,0.9
MDG,2026-07-03,97,1,1,0,0,7,50,55,59,60,15,2,20,18,71,72,75,75,2,20,7.2,51.5,56.7,2.1,18.6,73.2,74.2,2.1
MDG,2026-07-04,93,1,1.1,0,0,7,59,70,71,72,12,2,7,12,78,84,84,84,2,7,7.5,63.4,75.3,2.2,12.9,83.9,90.3,2.2
MDG,2026-07-05,53,1,1.9,0,0,3,24,32,36,36,9,2,6,4,35,38,43,45,2,6,5.7,45.3,60.4,3.8,7.5,66,71.7,3.8
MDG,2026-07-06,108,7,6.5,2,1.9,7,59,70,74,74,16,2,16,10,77,88,89,90,2,16,6.5,54.6,64.8,1.9,9.3,71.3,81.5,1.9
MDG,2026-07-07,81,4,4.9,0,0,11,41,51,54,54,14,1,12,12,61,64,68,68,1,12,13.6,50.6,63,1.2,14.8,75.3,79,1.2
MDG,2026-07-08,103,3,2.9,0,0,8,54,65,72,73,20,0,10,10,76,90,91,93,0,10,7.8,52.4,63.1,0,9.7,73.8,87.4,0
MDG,2026-07-09,76,1,1.3,0,0,5,34,50,55,55,13,0,8,10,54,62,68,68,0,8,6.6,44.7,65.8,0,13.2,71.1,81.6,0
MDG,2026-07-10,98,3,3.1,0,0,8,45,56,69,69,19,1,9,12,72,80,87,88,1,9,8.2,45.9,57.1,1,12.2,73.5,81.6,1
MDG,2026-07-11,89,3,3.4,0,0,12,40,55,65,65,16,2,6,13,62,73,80,81,2,6,13.5,44.9,61.8,2.2,14.6,69.7,82,2.2
MDG,2026-07-12,62,3,4.8,0,0,1,31,38,44,45,12,0,5,5,48,55,56,57,0,5,1.6,50,61.3,0,8.1,77.4,88.7,0
MDG,2026-07-13,97,5,5.2,0,0,3,48,58,64,65,20,1,11,11,71,80,83,85,1,11,3.1,49.5,59.8,1,11.3,73.2,82.5,1
MDG,2026-07-14,109,5,4.6,0,0,2,55,70,77,77,19,3,10,2,79,91,96,96,3,10,1.8,50.5,64.2,2.8,1.8,72.5,83.5,2.8
MDG,2026-07-15,111,6,5.4,0,0,7,55,73,76,77,22,0,12,17,83,95,99,99,0,12,6.3,49.5,65.8,0,15.3,74.8,85.6,0
MDG,2026-07-16,125,3,2.4,0,0,13,73,82,87,87,23,3,12,18,91,105,109,110,3,12,10.4,58.4,65.6,2.4,14.4,72.8,84,2.4
MDG,2026-07-17,93,3,3.2,0,0,5,55,64,66,69,12,3,9,9,72,77,81,81,3,9,5.4,59.1,68.8,3.2,9.7,77.4,82.8,3.2
MDG,2026-07-18,114,7,6.1,0,0,15,60,68,75,75,24,0,15,21,79,90,95,99,0,15,13.2,52.6,59.6,0,18.4,69.3,78.9,0
MDG,2026-07-19,84,0,0,0,0,11,46,59,61,61,16,0,7,19,65,74,75,77,0,7,13.1,54.8,70.2,0,22.6,77.4,88.1,0
MDG,2026-07-20,121,5,4.1,0,0,12,61,80,84,85,20,1,15,23,85,99,103,105,1,15,9.9,50.4,66.1,0.8,19,70.2,81.8,0.8
MDG,2026-07-21,129,4,3.1,0,0,14,71,88,93,94,16,4,15,19,97,106,109,110,4,15,10.9,55,68.2,3.1,14.7,75.2,82.2,3.1
MDG,2026-07-22,132,4,3,1,0.8,12,76,97,103,103,19,0,10,19,109,118,121,122,0,10,9.1,57.6,73.5,0,14.4,82.6,89.4,0
MDG,2026-07-23,174,8,4.6,1,0.6,15,86,110,115,118,21,2,33,25,116,132,138,139,2,33,8.6,49.4,63.2,1.1,14.4,66.7,75.9,1.1
MDG,2026-07-24,94,3,3.2,0,0,18,48,58,67,67,16,3,8,23,72,76,83,83,3,8,19.1,51.1,61.7,3.2,24.5,76.6,80.9,3.2
MDG,2026-07-25,133,3,2.3,0,0,9,61,86,94,95,19,4,15,16,92,109,114,114,4,15,6.8,45.9,64.7,3,12,69.2,82,3
MDG,2026-07-26,66,2,3,1,1.5,9,40,47,51,52,7,2,5,9,49,55,58,59,2,5,13.6,60.6,71.2,3,13.6,74.2,83.3,3
MDG,2026-07-27,172,1,0.6,0,0,5,99,122,136,139,23,2,8,7,131,150,158,162,2,8,2.9,57.6,70.9,1.2,4.1,76.2,87.2,1.2
MDG,2026-07-28,134,2,1.5,0,0,14,72,89,98,98,19,5,12,25,97,112,116,117,5,12,10.4,53.7,66.4,3.7,18.7,72.4,83.6,3.7
MDG,2026-07-29,154,4,2.6,0,0,11,85,106,118,118,22,1,13,14,119,132,140,140,1,13,7.1,55.2,68.8,0.6,9.1,77.3,85.7,0.6
MDG,2026-07-30,150,3,2,0,0,13,85,102,109,110,28,2,10,23,129,137,138,138,2,10,8.7,56.7,68,1.3,15.3,86,91.3,1.3
MDG,2026-07-31,146,5,3.4,0,0,19,81,96,101,101,34,1,10,32,123,130,134,135,1,10,13,55.5,65.8,0.7,21.9,84.2,89,0.7
MDG,2026-08-01,80,3,3.8,0,0,12,37,50,58,58,11,0,11,15,53,64,69,69,0,11,15,46.3,62.5,0,18.8,66.3,80,0
MDG,2026-08-02,6,0,0,0,0,0,0,1,1,1,2,0,3,0,2,3,3,3,0,3,0,0,16.7,0,0,33.3,50,0
MDG,2026-08-03,260,7,2.7,0,0,6,134,168,180,180,39,4,37,14,189,211,218,219,4,37,2.3,51.5,64.6,1.5,5.4,72.7,81.2,1.5
MDG,2026-08-04,125,3,2.4,0,0,5,62,87,92,93,20,0,12,9,103,110,112,113,0,12,4,49.6,69.6,0,7.2,82.4,88,0
MDG,2026-08-05,179,5,2.8,1,0.6,11,100,119,127,127,34,3,15,19,144,154,160,161,3,15,6.1,55.9,66.5,1.7,10.6,80.4,86,1.7
MDG,2026-08-06,177,6,3.4,0,0,13,89,111,121,121,34,0,22,24,128,150,155,155,0,22,7.3,50.3,62.7,0,13.6,72.3,84.7,0
MDG,2026-08-07,170,4,2.4,0,0,16,85,96,114,114,27,3,26,30,129,132,141,141,3,26,9.4,50,56.5,1.8,17.6,75.9,77.6,1.8
MDG,2026-08-08,174,0,0,0,0,15,90,113,113,113,26,2,33,21,116,139,139,139,2,33,8.6,51.7,64.9,1.1,12.1,66.7,79.9,1.1
MDG,2026-08-09,114,0,0,0,0,6,47,47,47,47,32,0,35,12,79,79,79,79,0,35,5.3,41.2,41.2,0,10.5,69.3,69.3,0
MDG,2026-08-10,156,0,0,0,0,10,12,12,12,12,5,1,138,17,17,17,17,17,1,138,6.4,7.7,7.7,0.6,10.9,10.9,10.9,0.6
MJH,2026-05-08,1,0,0,0,0,0,0,0,0,0,1,0,0,0,0,0,0,1,0,0,0,0,0,0,0,0,0,0
MJH,2026-05-11,1,0,0,0,0,0,0,0,0,0,0,0,1,0,0,0,0,0,0,1,0,0,0,0,0,0,0,0
MJH,2026-05-14,1,0,0,0,0,0,0,0,0,0,1,0,0,0,0,1,1,1,0,0,0,0,0,0,0,0,100,0
MJH,2026-05-20,1,0,0,0,0,0,1,1,1,1,0,0,0,1,1,1,1,1,0,0,0,100,100,0,100,100,100,0
MJH,2026-05-25,1,0,0,0,0,0,1,1,1,1,0,0,0,0,1,1,1,1,0,0,0,100,100,0,0,100,100,0
MJH,2026-05-27,4,0,0,0,0,0,1,2,2,3,0,0,1,0,1,2,2,3,0,1,0,25,50,0,0,25,50,0
MJH,2026-05-31,2,0,0,0,0,0,1,1,1,1,1,0,0,0,1,2,2,2,0,0,0,50,50,0,0,50,100,0
MJH,2026-06-03,1,0,0,0,0,0,0,0,0,0,1,0,0,0,1,1,1,1,0,0,0,0,0,0,0,100,100,0
MJH,2026-06-06,1,0,0,0,0,0,0,0,0,0,1,0,0,0,0,1,1,1,0,0,0,0,0,0,0,0,100,0
MJH,2026-06-07,7,0,0,0,0,0,2,4,6,6,1,0,0,0,5,6,7,7,0,0,0,28.6,57.1,0,0,71.4,85.7,0
MJH,2026-06-08,2,0,0,0,0,0,0,1,1,1,1,0,0,0,1,1,1,2,0,0,0,0,50,0,0,50,50,0
MJH,2026-06-09,2,0,0,0,0,0,2,2,2,2,0,0,0,0,2,2,2,2,0,0,0,100,100,0,0,100,100,0
MJH,2026-06-10,1,0,0,0,0,0,0,0,0,0,1,0,0,0,1,1,1,1,0,0,0,0,0,0,0,100,100,0
MJH,2026-06-13,1,0,0,0,0,0,0,1,1,1,0,0,0,0,0,1,1,1,0,0,0,0,100,0,0,0,100,0
MJH,2026-08-06,3,0,0,0,0,0,0,2,2,2,0,0,1,0,2,2,2,2,0,1,0,0,66.7,0,0,66.7,66.7,0
MSD,2026-05-19,1,0,0,0,0,0,0,0,0,0,1,0,0,0,0,0,0,1,0,0,0,0,0,0,0,0,0,0
MSD,2026-05-20,2,0,0,0,0,0,0,0,0,0,2,0,0,0,0,0,0,2,0,0,0,0,0,0,0,0,0,0
MVK,2026-07-01,4,0,0,0,0,0,0,0,0,0,0,4,0,0,0,0,0,0,4,0,0,0,0,100,0,0,0,100
MVK,2026-07-16,1,0,0,0,0,0,0,0,0,0,0,0,1,0,0,0,0,0,0,1,0,0,0,0,0,0,0,0
MWR,2026-05-08,21,0,0,0,0,0,0,0,0,2,2,0,17,0,0,0,0,4,0,17,0,0,0,0,0,0,0,0
MWR,2026-05-11,82,0,0,0,0,0,0,0,5,15,28,0,39,0,0,0,31,43,0,39,0,0,0,0,0,0,0,0
MWR,2026-05-12,24,0,0,0,0,0,0,6,7,7,6,0,11,0,0,12,13,13,0,11,0,0,25,0,0,0,50,0
MWR,2026-05-13,19,0,0,0,0,0,8,14,14,16,3,0,0,0,17,19,19,19,0,0,0,42.1,73.7,0,0,89.5,100,0
MWR,2026-05-14,48,0,0,0,0,1,14,21,23,32,15,0,1,6,39,46,47,47,0,1,2.1,29.2,43.8,0,12.5,81.3,95.8,0
MWR,2026-05-15,30,0,0,0,0,0,8,12,16,20,9,0,1,0,22,22,25,29,0,1,0,26.7,40,0,0,73.3,73.3,0
MWR,2026-05-20,38,0,0,0,0,1,14,22,27,28,9,0,1,2,34,36,36,37,0,1,2.6,36.8,57.9,0,5.3,89.5,94.7,0
MWR,2026-05-22,38,0,0,0,0,1,5,8,10,12,24,0,2,1,23,27,29,36,0,2,2.6,13.2,21.1,0,2.6,60.5,71.1,0
MWR,2026-05-25,15,0,0,0,0,0,4,6,6,7,7,0,1,0,13,14,14,14,0,1,0,26.7,40,0,0,86.7,93.3,0
MWR,2026-05-26,14,0,0,0,0,0,7,9,10,11,3,0,0,0,12,13,14,14,0,0,0,50,64.3,0,0,85.7,92.9,0
MWR,2026-05-27,4,0,0,0,0,0,1,2,2,3,1,0,0,0,3,3,3,4,0,0,0,25,50,0,0,75,75,0
MWR,2026-05-28,3,0,0,0,0,0,1,1,1,2,1,0,0,0,2,2,2,3,0,0,0,33.3,33.3,0,0,66.7,66.7,0
MWR,2026-05-29,8,0,0,0,0,1,3,3,5,6,2,0,0,1,6,6,7,8,0,0,12.5,37.5,37.5,0,12.5,75,75,0
MWR,2026-06-02,22,0,0,0,0,0,9,13,14,16,5,0,1,0,15,18,18,21,0,1,0,40.9,59.1,0,0,68.2,81.8,0
MWR,2026-06-05,1,0,0,0,0,0,1,1,1,1,0,0,0,0,1,1,1,1,0,0,0,100,100,0,0,100,100,0
MWR,2026-06-08,56,0,0,0,0,0,21,29,31,35,19,0,2,0,39,47,50,54,0,2,0,37.5,51.8,0,0,69.6,83.9,0
MWR,2026-06-09,28,0,0,0,0,0,9,15,16,20,7,0,1,0,18,21,24,27,0,1,0,32.1,53.6,0,0,64.3,75,0
MWR,2026-06-10,11,0,0,0,0,1,4,5,6,9,2,0,0,3,7,8,10,11,0,0,9.1,36.4,45.5,0,27.3,63.6,72.7,0
MWR,2026-06-11,19,0,0,0,0,1,6,8,8,9,9,0,1,7,16,16,16,18,0,1,5.3,31.6,42.1,0,36.8,84.2,84.2,0
MWR,2026-06-12,5,0,0,0,0,0,3,3,3,4,1,0,0,0,5,5,5,5,0,0,0,60,60,0,0,100,100,0
MWR,2026-06-15,34,2,5.9,0,0,0,8,12,14,16,17,0,1,0,24,31,32,33,0,1,0,23.5,35.3,0,0,70.6,91.2,0
MWR,2026-06-17,24,1,4.2,0,0,0,8,10,14,14,10,0,0,0,17,23,23,24,0,0,0,33.3,41.7,0,0,70.8,95.8,0
MWR,2026-06-18,26,2,7.7,0,0,0,7,12,12,15,9,0,2,0,19,22,22,24,0,2,0,26.9,46.2,0,0,73.1,84.6,0
MWR,2026-06-19,31,0,0,0,0,0,9,12,13,21,6,0,4,0,20,21,23,27,0,4,0,29,38.7,0,0,64.5,67.7,0
MWR,2026-06-22,72,1,1.4,0,0,0,26,35,42,53,18,0,1,0,60,65,69,71,0,1,0,36.1,48.6,0,0,83.3,90.3,0
MWR,2026-06-23,37,2,5.4,0,0,0,11,15,21,25,11,0,1,0,28,32,33,36,0,1,0,29.7,40.5,0,0,75.7,86.5,0
MWR,2026-06-24,16,0,0,0,0,3,9,10,10,11,5,0,0,4,13,16,16,16,0,0,18.8,56.3,62.5,0,25,81.3,100,0
MWR,2026-06-25,64,1,1.6,0,0,0,28,38,41,50,11,0,3,0,47,52,55,61,0,3,0,43.8,59.4,0,0,73.4,81.3,0
MWR,2026-06-26,1,0,0,0,0,0,0,0,0,1,0,0,0,0,0,0,1,1,0,0,0,0,0,0,0,0,0,0
MWR,2026-06-29,51,0,0,0,0,0,22,31,35,43,6,0,2,1,41,44,44,49,0,2,0,43.1,60.8,0,2,80.4,86.3,0
MWR,2026-06-30,36,0,0,0,0,0,13,18,22,26,9,0,1,0,31,33,33,35,0,1,0,36.1,50,0,0,86.1,91.7,0
MWR,2026-07-02,97,1,1,0,0,0,42,51,58,68,26,0,3,1,79,87,90,94,0,3,0,43.3,52.6,0,1,81.4,89.7,0
MWR,2026-07-03,52,0,0,0,0,0,18,24,25,32,20,0,0,0,37,44,48,52,0,0,0,34.6,46.2,0,0,71.2,84.6,0
MWR,2026-07-06,4,0,0,0,0,0,0,0,0,0,1,0,3,0,1,1,1,1,0,3,0,0,0,0,0,25,25,0
MWR,2026-07-07,103,1,1,0,0,0,23,31,42,59,39,0,5,0,62,77,87,98,0,5,0,22.3,30.1,0,0,60.2,74.8,0
MWR,2026-07-09,91,0,0,0,0,0,31,46,52,67,19,0,5,1,65,81,82,86,0,5,0,34.1,50.5,0,1.1,71.4,89,0
MWR,2026-07-10,12,0,0,0,0,0,3,4,7,8,4,0,0,0,10,11,11,12,0,0,0,25,33.3,0,0,83.3,91.7,0
MWR,2026-07-13,2,0,0,0,0,0,0,0,0,0,2,0,0,0,0,2,2,2,0,0,0,0,0,0,0,0,100,0
MWR,2026-07-14,28,0,0,0,0,0,7,15,16,21,7,0,0,0,23,24,25,28,0,0,0,25,53.6,0,0,82.1,85.7,0
MWR,2026-07-15,4,0,0,0,0,0,0,1,1,1,3,0,0,0,3,3,4,4,0,0,0,0,25,0,0,75,75,0
MWR,2026-07-16,4,0,0,0,0,0,0,0,0,1,3,0,0,0,2,2,3,4,0,0,0,0,0,0,0,50,50,0
MWR,2026-07-17,22,0,0,0,0,0,7,12,12,13,7,0,2,0,14,20,20,20,0,2,0,31.8,54.5,0,0,63.6,90.9,0
MWR,2026-07-18,1,0,0,0,0,0,1,1,1,1,0,0,0,0,1,1,1,1,0,0,0,100,100,0,0,100,100,0
MWR,2026-07-20,2,0,0,0,0,0,0,0,0,1,1,0,0,0,1,2,2,2,0,0,0,0,0,0,0,50,100,0
MWR,2026-07-21,25,0,0,0,0,0,9,11,11,19,5,0,1,1,14,16,18,24,0,1,0,36,44,0,4,56,64,0
MWR,2026-07-22,3,0,0,0,0,0,1,1,1,1,2,0,0,0,2,2,2,3,0,0,0,33.3,33.3,0,0,66.7,66.7,0
MWR,2026-07-23,5,0,0,0,0,0,3,3,3,4,1,0,0,1,4,4,4,5,0,0,0,60,60,0,20,80,80,0
MWR,2026-07-24,13,0,0,0,0,0,3,5,6,7,6,0,0,0,11,12,12,13,0,0,0,23.1,38.5,0,0,84.6,92.3,0
MWR,2026-07-25,1,0,0,0,0,0,0,1,1,1,0,0,0,0,0,1,1,1,0,0,0,0,100,0,0,0,100,0
MWR,2026-07-27,24,0,0,0,0,0,7,11,12,15,9,0,0,0,20,22,24,24,0,0,0,29.2,45.8,0,0,83.3,91.7,0
MWR,2026-07-28,15,1,6.7,0,0,1,5,6,7,13,2,0,0,1,9,11,13,15,0,0,6.7,33.3,40,0,6.7,60,73.3,0
MWR,2026-07-29,53,1,1.9,0,0,0,8,17,22,35,14,0,4,0,32,41,45,49,0,4,0,15.1,32.1,0,0,60.4,77.4,0
MWR,2026-07-30,29,1,3.4,0,0,0,13,17,17,18,11,0,0,0,22,23,25,29,0,0,0,44.8,58.6,0,0,75.9,79.3,0
MWR,2026-07-31,16,0,0,0,0,2,6,10,13,15,1,0,0,2,10,11,13,16,0,0,12.5,37.5,62.5,0,12.5,62.5,68.8,0
MWR,2026-08-01,2,0,0,0,0,0,0,1,1,1,1,0,0,0,2,2,2,2,0,0,0,0,50,0,0,100,100,0
MWR,2026-08-03,19,0,0,0,0,1,7,9,10,12,6,0,1,3,14,17,17,18,0,1,5.3,36.8,47.4,0,15.8,73.7,89.5,0
MWR,2026-08-04,28,1,3.6,0,0,2,9,17,19,19,5,0,4,6,19,22,24,24,0,4,7.1,32.1,60.7,0,21.4,67.9,78.6,0
MWR,2026-08-05,16,0,0,0,0,0,6,10,11,12,4,0,0,0,14,15,16,16,0,0,0,37.5,62.5,0,0,87.5,93.8,0
MWR,2026-08-06,23,1,4.3,1,4.3,2,7,10,11,13,6,0,4,2,12,17,18,19,0,4,8.7,30.4,43.5,0,8.7,52.2,73.9,0
MWR,2026-08-07,48,0,0,0,0,0,6,16,19,19,24,0,5,2,35,40,43,43,0,5,0,12.5,33.3,0,4.2,72.9,83.3,0
MWR,2026-08-08,30,0,0,0,0,0,8,13,13,13,12,0,5,0,20,25,25,25,0,5,0,26.7,43.3,0,0,66.7,83.3,0
MWR,2026-08-10,19,0,0,0,0,0,0,0,0,0,1,0,18,1,1,1,1,1,0,18,0,0,0,0,5.3,5.3,5.3,0
NAP,2026-05-08,146,0,0,0,0,0,0,0,0,8,8,0,130,0,0,0,0,15,0,131,0,0,0,0,0,0,0,0
NAP,2026-05-09,126,0,0,0,0,0,0,0,0,12,13,0,101,0,0,0,0,25,0,101,0,0,0,0,0,0,0,0
NAP,2026-05-10,145,0,0,0,0,0,0,0,0,13,19,0,113,0,0,0,0,32,0,113,0,0,0,0,0,0,0,0
NAP,2026-05-11,245,0,0,0,0,0,0,0,10,25,66,0,154,0,0,0,65,91,0,154,0,0,0,0,0,0,0,0
NAP,2026-05-12,203,0,0,0,0,0,0,33,53,66,44,0,93,0,0,83,97,109,0,94,0,0,16.3,0,0,0,40.9,0
NAP,2026-05-13,192,0,0,0,0,0,77,105,114,132,45,0,15,0,148,164,168,176,0,16,0,40.1,54.7,0,0,77.1,85.4,0
NAP,2026-05-14,241,0,0,0,0,25,97,120,130,152,79,0,10,50,195,214,217,231,0,10,10.4,40.2,49.8,0,20.7,80.9,88.8,0
NAP,2026-05-15,176,0,0,0,0,15,87,108,124,136,34,0,6,28,145,159,164,170,0,6,8.5,49.4,61.4,0,15.9,82.4,90.3,0
NAP,2026-05-16,152,0,0,0,0,6,46,73,88,98,50,0,4,20,114,130,140,148,0,4,3.9,30.3,48,0,13.2,75,85.5,0
NAP,2026-05-17,120,0,0,0,0,15,55,72,81,87,31,0,2,23,93,108,113,118,0,2,12.5,45.8,60,0,19.2,77.5,90,0
NAP,2026-05-18,164,0,0,0,0,13,66,96,107,123,38,0,3,21,130,144,154,161,0,3,7.9,40.2,58.5,0,12.8,79.3,87.8,0
NAP,2026-05-19,156,0,0,0,0,12,75,100,109,123,31,0,2,29,129,143,148,154,0,2,7.7,48.1,64.1,0,18.6,82.7,91.7,0
NAP,2026-05-20,111,0,0,0,0,16,56,67,74,86,22,0,3,23,92,100,101,108,0,3,14.4,50.5,60.4,0,20.7,82.9,90.1,0
NAP,2026-05-21,175,0,0,0,0,12,70,101,106,115,56,0,4,19,143,160,161,171,0,4,6.9,40,57.7,0,10.9,81.7,91.4,0
NAP,2026-05-22,277,0,0,0,0,13,77,107,124,156,111,0,10,44,195,226,239,267,0,10,4.7,27.8,38.6,0,15.9,70.4,81.6,0
NAP,2026-05-23,168,0,0,0,0,7,58,84,103,120,46,0,2,19,122,145,155,166,0,2,4.2,34.5,50,0,11.3,72.6,86.3,0
NAP,2026-05-24,109,0,0,0,0,3,42,55,65,79,27,0,3,7,79,90,98,106,0,3,2.8,38.5,50.5,0,6.4,72.5,82.6,0
NAP,2026-05-25,252,0,0,0,0,29,112,146,159,171,74,0,7,65,215,233,236,245,0,7,11.5,44.4,57.9,0,25.8,85.3,92.5,0
NAP,2026-05-26,265,0,0,0,0,32,117,141,151,170,89,0,6,90,223,236,244,259,0,6,12.1,44.2,53.2,0,34,84.2,89.1,0
NAP,2026-05-27,136,0,0,0,0,13,63,81,91,99,33,0,4,21,110,120,126,132,0,4,9.6,46.3,59.6,0,15.4,80.9,88.2,0
NAP,2026-05-28,151,0,0,0,0,9,66,88,94,114,31,0,6,23,117,130,133,145,0,6,6,43.7,58.3,0,15.2,77.5,86.1,0
NAP,2026-05-29,190,0,0,0,0,17,83,106,114,130,57,0,3,28,154,166,173,187,0,3,8.9,43.7,55.8,0,14.7,81.1,87.4,0
NAP,2026-05-30,152,0,0,0,0,8,60,83,104,117,33,0,2,14,110,139,148,150,0,2,5.3,39.5,54.6,0,9.2,72.4,91.4,0
NAP,2026-05-31,107,0,0,0,0,4,40,51,56,67,38,0,2,8,84,93,98,105,0,2,3.7,37.4,47.7,0,7.5,78.5,86.9,0
NAP,2026-06-01,242,0,0,0,0,11,93,122,136,151,84,0,7,27,192,215,227,235,0,7,4.5,38.4,50.4,0,11.2,79.3,88.8,0
NAP,2026-06-02,243,0,0,0,0,15,107,130,140,155,81,0,7,36,189,215,221,236,0,7,6.2,44,53.5,0,14.8,77.8,88.5,0
NAP,2026-06-03,210,0,0,0,0,4,86,115,132,155,46,0,9,6,160,182,188,201,0,9,1.9,41,54.8,0,2.9,76.2,86.7,0
NAP,2026-06-04,202,0,0,0,0,14,80,102,111,135,57,0,10,28,151,170,177,192,0,10,6.9,39.6,50.5,0,13.9,74.8,84.2,0
NAP,2026-06-05,116,0,0,0,0,4,49,65,75,81,29,0,6,15,99,104,107,110,0,6,3.4,42.2,56,0,12.9,85.3,89.7,0
NAP,2026-06-06,138,0,0,0,0,8,45,64,78,95,38,0,5,15,91,112,120,133,0,5,5.8,32.6,46.4,0,10.9,65.9,81.2,0
NAP,2026-06-07,153,0,0,0,0,5,49,72,82,94,56,0,3,14,110,130,134,150,0,3,3.3,32,47.1,0,9.2,71.9,85,0
NAP,2026-06-08,225,0,0,0,0,21,92,117,128,144,76,0,5,52,168,192,202,220,0,5,9.3,40.9,52,0,23.1,74.7,85.3,0
NAP,2026-06-09,182,0,0,0,0,15,81,118,129,145,33,0,4,28,144,159,168,178,0,4,8.2,44.5,64.8,0,15.4,79.1,87.4,0
NAP,2026-06-10,150,0,0,0,0,15,67,86,94,115,33,0,2,34,110,127,139,148,0,2,10,44.7,57.3,0,22.7,73.3,84.7,0
NAP,2026-06-11,243,0,0,0,0,11,95,120,129,158,73,0,12,21,177,195,202,231,0,12,4.5,39.1,49.4,0,8.6,72.8,80.2,0
NAP,2026-06-12,197,0,0,0,0,18,94,111,121,146,45,0,6,37,151,168,173,191,0,6,9.1,47.7,56.3,0,18.8,76.6,85.3,0
NAP,2026-06-13,194,0,0,0,0,23,82,120,129,146,38,0,10,38,142,166,170,184,0,10,11.9,42.3,61.9,0,19.6,73.2,85.6,0
NAP,2026-06-14,158,0,0,0,0,14,74,88,100,114,39,0,5,24,126,141,149,153,0,5,8.9,46.8,55.7,0,15.2,79.7,89.2,0
NAP,2026-06-15,230,1,0.4,0,0,10,80,111,123,148,78,0,4,26,169,201,212,226,0,4,4.3,34.8,48.3,0,11.3,73.5,87.4,0
NAP,2026-06-16,235,0,0,0,0,22,98,132,146,163,68,0,4,39,181,207,217,231,0,4,9.4,41.7,56.2,0,16.6,77,88.1,0
NAP,2026-06-17,193,0,0,0,0,8,95,120,131,140,45,0,8,19,147,167,173,185,0,8,4.1,49.2,62.2,0,9.8,76.2,86.5,0
NAP,2026-06-18,205,0,0,0,0,29,98,130,146,159,42,0,4,45,171,189,195,201,0,4,14.1,47.8,63.4,0,22,83.4,92.2,0
NAP,2026-06-19,159,0,0,0,0,12,65,82,97,109,46,0,4,20,126,137,144,155,0,4,7.5,40.9,51.6,0,12.6,79.2,86.2,0
NAP,2026-06-20,175,0,0,0,0,6,71,90,110,127,41,0,7,16,119,142,154,168,0,7,3.4,40.6,51.4,0,9.1,68,81.1,0
NAP,2026-06-21,135,0,0,0,0,7,54,70,82,102,32,0,1,16,108,123,125,134,0,1,5.2,40,51.9,0,11.9,80,91.1,0
NAP,2026-06-22,385,0,0,0,0,57,153,182,201,227,142,0,16,141,308,339,352,369,0,16,14.8,39.7,47.3,0,36.6,80,88.1,0
NAP,2026-06-23,198,0,0,0,0,17,90,110,114,136,55,0,7,34,151,177,181,191,0,7,8.6,45.5,55.6,0,17.2,76.3,89.4,0
NAP,2026-06-24,197,0,0,0,0,16,97,116,128,151,39,0,7,26,160,172,180,190,0,7,8.1,49.2,58.9,0,13.2,81.2,87.3,0
NAP,2026-06-25,165,0,0,0,0,7,62,89,99,115,45,0,5,12,124,141,147,160,0,5,4.2,37.6,53.9,0,7.3,75.2,85.5,0
NAP,2026-06-26,174,1,0.6,0,0,15,78,99,107,124,42,0,8,34,140,148,156,166,0,8,8.6,44.8,56.9,0,19.5,80.5,85.1,0
NAP,2026-06-27,203,0,0,0,0,10,88,122,135,151,46,0,6,26,153,179,187,197,0,6,4.9,43.3,60.1,0,12.8,75.4,88.2,0
NAP,2026-06-28,140,0,0,0,0,8,68,85,88,97,38,0,5,16,109,121,126,135,0,5,5.7,48.6,60.7,0,11.4,77.9,86.4,0
NAP,2026-06-29,212,0,0,0,0,16,108,127,142,148,54,0,10,45,170,187,196,202,0,10,7.5,50.9,59.9,0,21.2,80.2,88.2,0
NAP,2026-06-30,204,0,0,0,0,16,96,120,137,152,48,0,4,31,164,183,187,200,0,4,7.8,47.1,58.8,0,15.2,80.4,89.7,0
NAP,2026-07-01,225,0,0,0,0,7,106,138,148,162,51,0,12,20,178,200,207,213,0,12,3.1,47.1,61.3,0,8.9,79.1,88.9,0
NAP,2026-07-02,191,0,0,0,0,11,97,118,124,141,44,0,6,21,155,169,174,185,0,6,5.8,50.8,61.8,0,11,81.2,88.5,0
NAP,2026-07-03,247,0,0,0,0,20,112,138,153,174,66,0,7,37,199,212,226,240,0,7,8.1,45.3,55.9,0,15,80.6,85.8,0
NAP,2026-07-04,526,3,0.6,0,0,67,184,242,271,330,163,0,33,150,368,424,439,493,0,33,12.7,35,46,0,28.5,70,80.6,0
NAP,2026-07-05,231,1,0.4,0,0,10,90,123,139,165,53,0,13,20,164,184,198,218,0,13,4.3,39,53.2,0,8.7,71,79.7,0
NAP,2026-07-06,291,5,1.7,0,0,15,107,152,172,201,70,0,20,37,208,227,242,271,0,20,5.2,36.8,52.2,0,12.7,71.5,78,0
NAP,2026-07-07,286,5,1.7,0,0,24,106,148,173,199,74,0,13,49,208,239,252,273,0,13,8.4,37.1,51.7,0,17.1,72.7,83.6,0
NAP,2026-07-08,350,2,0.6,0,0,17,109,140,164,196,132,0,22,42,245,284,301,328,0,22,4.9,31.1,40,0,12,70,81.1,0
NAP,2026-07-09,243,3,1.2,0,0,31,103,130,140,166,60,0,17,52,178,201,207,226,0,17,12.8,42.4,53.5,0,21.4,73.3,82.7,0
NAP,2026-07-10,298,1,0.3,0,0,27,129,163,184,217,71,0,10,49,231,255,266,288,0,10,9.1,43.3,54.7,0,16.4,77.5,85.6,0
NAP,2026-07-11,270,4,1.5,0,0,20,95,133,154,183,72,0,15,43,184,215,230,255,0,15,7.4,35.2,49.3,0,15.9,68.1,79.6,0
NAP,2026-07-12,257,6,2.3,0,0,29,107,132,150,172,79,0,6,58,184,213,228,251,0,6,11.3,41.6,51.4,0,22.6,71.6,82.9,0
NAP,2026-07-13,280,2,0.7,0,0,31,116,142,152,194,76,0,10,51,200,230,238,270,0,10,11.1,41.4,50.7,0,18.2,71.4,82.1,0
NAP,2026-07-14,355,5,1.4,0,0,17,123,171,191,230,106,0,19,58,262,293,309,336,0,19,4.8,34.6,48.2,0,16.3,73.8,82.5,0
NAP,2026-07-15,307,9,2.9,0,0,14,116,157,171,202,92,0,13,39,222,260,275,294,0,13,4.6,37.8,51.1,0,12.7,72.3,84.7,0
NAP,2026-07-16,305,3,1,0,0,22,131,166,180,225,69,0,11,47,228,253,263,294,0,11,7.2,43,54.4,0,15.4,74.8,83,0
NAP,2026-07-17,274,3,1.1,0,0,24,111,129,141,172,97,0,5,43,211,232,244,269,0,5,8.8,40.5,47.1,0,15.7,77,84.7,0
NAP,2026-07-18,393,13,3.3,0,0,11,105,145,174,229,137,0,27,28,216,268,298,366,0,27,2.8,26.7,36.9,0,7.1,55,68.2,0
NAP,2026-07-19,181,5,2.8,0,0,13,66,93,111,134,42,0,5,22,137,150,161,176,0,5,7.2,36.5,51.4,0,12.2,75.7,82.9,0
NAP,2026-07-20,438,10,2.3,0,0,23,169,215,242,296,131,0,11,54,319,355,374,427,0,11,5.3,38.6,49.1,0,12.3,72.8,81.1,0
NAP,2026-07-21,356,10,2.8,0,0,38,138,185,208,261,91,0,4,71,250,290,303,352,0,4,10.7,38.8,52,0,19.9,70.2,81.5,0
NAP,2026-07-22,142,3,2.1,0,0,17,66,79,88,109,31,0,2,40,106,117,123,140,0,2,12,46.5,55.6,0,28.2,74.6,82.4,0
NAP,2026-07-23,46,2,4.3,1,2.2,6,19,23,24,29,16,0,1,11,36,39,41,45,0,1,13,41.3,50,0,23.9,78.3,84.8,0
NAP,2026-07-24,51,2,3.9,1,2,4,21,29,31,39,12,0,0,9,40,43,46,51,0,0,7.8,41.2,56.9,0,17.6,78.4,84.3,0
NAP,2026-07-25,85,2,2.4,0,0,6,46,59,62,66,17,0,2,12,70,77,78,83,0,2,7.1,54.1,69.4,0,14.1,82.4,90.6,0
NAP,2026-07-26,96,1,1,0,0,14,54,65,73,82,14,0,0,19,84,90,92,96,0,0,14.6,56.3,67.7,0,19.8,87.5,93.8,0
NAP,2026-07-27,71,0,0,0,0,11,40,47,52,62,7,0,2,16,61,63,66,69,0,2,15.5,56.3,66.2,0,22.5,85.9,88.7,0
NAP,2026-07-28,109,1,0.9,0,0,10,57,68,71,82,25,0,2,18,95,99,100,107,0,2,9.2,52.3,62.4,0,16.5,87.2,90.8,0
NAP,2026-07-29,96,0,0,0,0,14,53,64,72,76,18,0,2,26,84,89,91,94,0,2,14.6,55.2,66.7,0,27.1,87.5,92.7,0
NAP,2026-07-30,63,3,4.8,0,0,3,31,37,39,47,15,0,1,8,50,55,56,62,0,1,4.8,49.2,58.7,0,12.7,79.4,87.3,0
NAP,2026-07-31,59,1,1.7,0,0,10,25,33,36,39,18,0,2,16,52,54,55,57,0,2,16.9,42.4,55.9,0,27.1,88.1,91.5,0
NAP,2026-08-01,46,1,2.2,1,2.2,2,18,24,29,37,8,0,1,6,35,40,42,45,0,1,4.3,39.1,52.2,0,13,76.1,87,0
NAP,2026-08-02,57,0,0,0,0,6,35,44,44,45,12,0,0,9,49,56,56,57,0,0,10.5,61.4,77.2,0,15.8,86,98.2,0
NAP,2026-08-03,38,1,2.6,0,0,2,21,23,25,30,5,0,3,5,30,34,34,35,0,3,5.3,55.3,60.5,0,13.2,78.9,89.5,0
NAP,2026-08-04,67,0,0,0,0,6,36,45,46,49,12,0,6,11,49,54,57,61,0,6,9,53.7,67.2,0,16.4,73.1,80.6,0
NAP,2026-08-05,65,3,4.6,0,0,8,33,43,45,47,17,0,1,9,59,63,64,64,0,1,12.3,50.8,66.2,0,13.8,90.8,96.9,0
NAP,2026-08-06,46,0,0,0,0,1,18,25,28,33,11,0,2,3,37,43,44,44,0,2,2.2,39.1,54.3,0,6.5,80.4,93.5,0
NAP,2026-08-07,66,2,3,0,0,4,27,29,34,34,29,0,3,8,55,60,63,63,0,3,6.1,40.9,43.9,0,12.1,83.3,90.9,0
NAP,2026-08-08,58,0,0,0,0,2,14,24,24,24,22,0,12,5,39,46,46,46,0,12,3.4,24.1,41.4,0,8.6,67.2,79.3,0
NAP,2026-08-09,66,0,0,0,0,8,27,27,27,27,15,0,24,15,42,42,42,42,0,24,12.1,40.9,40.9,0,22.7,63.6,63.6,0
NAP,2026-08-10,60,0,0,0,0,6,6,6,6,6,9,0,45,15,15,15,15,15,0,45,10,10,10,0,25,25,25,0
NME,2026-05-08,192,5,2.6,0,0,0,0,0,0,6,5,0,181,0,0,0,0,11,0,181,0,0,0,0,0,0,0,0
NME,2026-05-12,503,2,0.4,0,0,0,0,84,124,156,66,3,278,0,0,184,203,221,3,279,0,0,16.7,0.6,0,0,36.6,0.6
NME,2026-05-15,380,1,0.3,0,0,24,192,245,273,321,43,6,10,38,300,329,339,364,6,10,6.3,50.5,64.5,1.6,10,78.9,86.6,1.6
NME,2026-05-18,407,2,0.5,0,0,0,184,276,314,350,43,10,4,0,295,363,384,393,10,4,0,45.2,67.8,2.5,0,72.5,89.2,2.5
NME,2026-05-21,388,3,0.8,1,0.3,39,220,268,291,329,36,14,9,63,308,341,350,365,14,9,10.1,56.7,69.1,3.6,16.2,79.4,87.9,3.6
NME,2026-05-25,788,0,0,0,0,33,443,577,635,674,83,21,10,61,638,704,736,757,21,10,4.2,56.2,73.2,2.7,7.7,81,89.3,2.7
NME,2026-06-01,194,1,0.5,0,0,20,123,138,144,159,27,3,5,35,171,180,185,186,3,5,10.3,63.4,71.1,1.5,18,88.1,92.8,1.5
NME,2026-06-05,10,1,10,0,0,0,2,5,5,7,1,0,2,0,5,7,7,8,0,2,0,20,50,0,0,50,70,0
NME,2026-06-06,35,0,0,0,0,0,10,15,20,21,6,6,2,4,22,25,27,27,6,2,0,28.6,42.9,17.1,11.4,62.9,71.4,17.1
NME,2026-06-08,43,1,2.3,1,2.3,0,20,22,23,28,9,0,6,0,27,31,32,37,0,6,0,46.5,51.2,0,0,62.8,72.1,0
NME,2026-06-11,3,0,0,0,0,0,0,0,0,0,3,0,0,0,3,3,3,3,0,0,0,0,0,0,0,100,100,0
NME,2026-06-15,6,0,0,0,0,0,3,3,3,4,2,0,0,0,6,6,6,6,0,0,0,50,50,0,0,100,100,0
NME,2026-06-16,1,0,0,0,0,0,1,1,1,1,0,0,0,0,1,1,1,1,0,0,0,100,100,0,0,100,100,0
NME,2026-06-18,35,0,0,0,0,0,17,18,19,21,9,0,5,0,25,28,30,30,0,5,0,48.6,51.4,0,0,71.4,80,0
NME,2026-06-19,3,0,0,0,0,1,1,1,1,2,1,0,0,1,3,3,3,3,0,0,33.3,33.3,33.3,0,33.3,100,100,0
NME,2026-06-22,62,0,0,0,0,0,46,48,51,52,8,1,1,0,57,57,58,60,1,1,0,74.2,77.4,1.6,0,91.9,91.9,1.6
NME,2026-06-24,2,0,0,0,0,0,1,2,2,2,0,0,0,0,1,2,2,2,0,0,0,50,100,0,0,50,100,0
NME,2026-06-26,618,16,2.6,0,0,63,339,390,421,468,85,15,50,90,490,512,532,553,15,50,10.2,54.9,63.1,2.4,14.6,79.3,82.8,2.4
NME,2026-06-29,148,3,2,0,0,13,73,102,107,125,18,2,3,14,120,130,133,143,2,3,8.8,49.3,68.9,1.4,9.5,81.1,87.8,1.4
NME,2026-07-01,93,1,1.1,0,0,10,43,66,73,79,10,1,3,17,67,81,81,89,1,3,10.8,46.2,71,1.1,18.3,72,87.1,1.1
NME,2026-07-02,36,0,0,0,0,2,18,23,23,32,3,0,1,2,26,27,27,35,0,1,5.6,50,63.9,0,5.6,72.2,75,0
NME,2026-07-03,27,1,3.7,0,0,0,6,6,9,17,2,2,6,1,15,15,16,19,2,6,0,22.2,22.2,7.4,3.7,55.6,55.6,7.4
NME,2026-07-04,44,0,0,0,0,2,15,25,28,40,1,2,1,4,20,34,36,41,2,1,4.5,34.1,56.8,4.5,9.1,45.5,77.3,4.5
NME,2026-07-05,38,0,0,0,0,0,13,21,25,33,5,0,0,1,26,28,29,38,0,0,0,34.2,55.3,0,2.6,68.4,73.7,0
NME,2026-07-06,228,1,0.4,0,0,38,102,139,162,191,22,4,11,43,160,185,200,213,4,11,16.7,44.7,61,1.8,18.9,70.2,81.1,1.8
NME,2026-07-08,227,7,3.1,0,0,11,82,121,132,168,21,5,33,16,124,152,164,189,5,33,4.8,36.1,53.3,2.2,7,54.6,67,2.2
NME,2026-07-14,301,12,4,0,0,30,146,209,229,256,24,4,17,57,199,250,266,280,4,17,10,48.5,69.4,1.3,18.9,66.1,83.1,1.3
NME,2026-07-22,371,11,3,0,0,28,146,204,246,291,39,5,36,45,235,285,310,330,5,36,7.5,39.4,55,1.3,12.1,63.3,76.8,1.3
NME,2026-07-24,14,1,7.1,0,0,0,4,8,11,12,1,0,1,1,6,10,13,13,0,1,0,28.6,57.1,0,7.1,42.9,71.4,0
NME,2026-07-28,380,5,1.3,0,0,18,188,257,279,310,42,5,23,25,268,331,342,352,5,23,4.7,49.5,67.6,1.3,6.6,70.5,87.1,1.3
NME,2026-07-30,21,0,0,0,0,0,8,16,17,21,0,0,0,0,14,18,20,21,0,0,0,38.1,76.2,0,0,66.7,85.7,0
NME,2026-08-03,324,1,0.3,0,0,2,178,228,259,276,32,4,12,5,272,290,306,308,4,12,0.6,54.9,70.4,1.2,1.5,84,89.5,1.2
NME,2026-08-06,303,3,1,2,0.7,24,149,210,222,242,34,7,20,43,220,259,270,276,7,20,7.9,49.2,69.3,2.3,14.2,72.6,85.5,2.3
OHS,2026-07-14,1,0,0,0,0,0,0,1,1,1,0,0,0,0,0,1,1,1,0,0,0,0,100,0,0,0,100,0
OIW,2026-05-08,11,1,9.1,0,0,0,0,0,0,0,3,0,8,0,0,0,0,3,0,8,0,0,0,0,0,0,0,0
OIW,2026-05-09,30,1,3.3,0,0,0,0,0,0,0,8,0,22,0,0,0,0,8,0,22,0,0,0,0,0,0,0,0
OIW,2026-05-10,27,0,0,0,0,0,0,0,0,1,18,0,8,0,0,0,0,19,0,8,0,0,0,0,0,0,0,0
OIW,2026-05-11,15,0,0,0,0,0,0,0,0,1,12,0,2,0,0,0,9,13,0,2,0,0,0,0,0,0,0,0
OIW,2026-05-12,19,0,0,0,0,0,0,0,0,0,12,0,7,0,0,8,9,12,0,7,0,0,0,0,0,0,42.1,0
OIW,2026-05-13,211,4,1.9,0,0,0,20,24,31,42,152,0,17,0,129,156,167,194,0,17,0,9.5,11.4,0,0,61.1,73.9,0
OIW,2026-05-14,35,0,0,0,0,0,0,1,3,6,18,0,11,2,18,19,21,24,0,11,0,0,2.9,0,5.7,51.4,54.3,0
OIW,2026-05-15,38,0,0,0,0,2,3,5,5,7,17,0,14,8,17,19,20,24,0,14,5.3,7.9,13.2,0,21.1,44.7,50,0
OIW,2026-05-16,30,2,6.7,1,3.3,0,2,4,5,8,19,0,3,9,17,20,23,27,0,3,0,6.7,13.3,0,30,56.7,66.7,0
OIW,2026-05-17,19,0,0,0,0,0,2,3,5,7,9,0,3,1,13,14,16,16,0,3,0,10.5,15.8,0,5.3,68.4,73.7,0
OIW,2026-05-18,24,1,4.2,0,0,0,7,7,7,9,14,0,1,3,16,18,19,23,0,1,0,29.2,29.2,0,12.5,66.7,75,0
OIW,2026-05-19,116,3,2.6,0,0,0,7,11,15,20,65,0,31,6,62,74,78,85,0,31,0,6,9.5,0,5.2,53.4,63.8,0
OIW,2026-05-20,71,1,1.4,0,0,0,5,8,9,10,38,0,23,0,36,39,41,48,0,23,0,7,11.3,0,0,50.7,54.9,0
OIW,2026-05-21,45,0,0,0,0,0,2,3,5,6,25,0,14,2,22,27,27,31,0,14,0,4.4,6.7,0,4.4,48.9,60,0
OIW,2026-05-22,71,0,0,0,0,1,4,7,11,15,43,0,13,1,40,43,45,58,0,13,1.4,5.6,9.9,0,1.4,56.3,60.6,0
OIW,2026-05-23,46,1,2.2,0,0,0,2,6,7,7,29,0,10,0,22,28,33,36,0,10,0,4.3,13,0,0,47.8,60.9,0
OIW,2026-05-24,47,2,4.3,0,0,0,8,10,10,13,27,0,7,0,26,35,35,40,0,7,0,17,21.3,0,0,55.3,74.5,0
OIW,2026-05-25,59,3,5.1,0,0,0,2,3,4,8,41,0,10,0,35,41,41,49,0,10,0,3.4,5.1,0,0,59.3,69.5,0
OIW,2026-05-26,263,10,3.8,0,0,0,23,29,34,40,169,0,54,0,131,154,169,209,0,54,0,8.7,11,0,0,49.8,58.6,0
OIW,2026-05-27,41,3,7.3,0,0,0,4,6,9,10,15,0,16,0,16,19,22,25,0,16,0,9.8,14.6,0,0,39,46.3,0
OIW,2026-05-28,30,2,6.7,0,0,0,2,5,5,6,17,0,7,0,12,18,19,23,0,7,0,6.7,16.7,0,0,40,60,0
OIW,2026-05-29,34,2,5.9,0,0,0,5,7,8,8,13,0,13,0,15,17,18,21,0,13,0,14.7,20.6,0,0,44.1,50,0
OIW,2026-05-30,48,0,0,0,0,4,12,16,17,18,19,0,11,4,28,31,31,37,0,11,8.3,25,33.3,0,8.3,58.3,64.6,0
OIW,2026-05-31,147,9,6.1,0,0,0,12,16,17,18,80,0,49,0,67,85,93,98,0,49,0,8.2,10.9,0,0,45.6,57.8,0
OIW,2026-06-01,125,7,5.6,0,0,0,4,10,12,13,63,0,49,0,60,67,68,76,0,49,0,3.2,8,0,0,48,53.6,0
OIW,2026-06-02,70,5,7.1,0,0,0,2,4,6,6,46,0,18,0,40,44,47,52,0,18,0,2.9,5.7,0,0,57.1,62.9,0
OIW,2026-06-03,106,8,7.5,2,1.9,0,5,6,8,11,40,0,55,2,36,40,40,51,0,55,0,4.7,5.7,0,1.9,34,37.7,0
OIW,2026-06-04,297,18,6.1,0,0,0,12,17,21,26,145,0,126,1,109,127,132,171,0,126,0,4,5.7,0,0.3,36.7,42.8,0
OIW,2026-06-05,245,12,4.9,0,0,0,10,16,18,19,126,0,100,4,104,119,127,145,0,100,0,4.1,6.5,0,1.6,42.4,48.6,0
OIW,2026-06-06,178,12,6.7,1,0.6,0,10,13,16,17,101,0,60,0,75,92,101,118,0,60,0,5.6,7.3,0,0,42.1,51.7,0
OIW,2026-06-07,53,2,3.8,1,1.9,0,9,10,10,10,36,0,7,0,36,37,38,46,0,7,0,17,18.9,0,0,67.9,69.8,0
OIW,2026-06-08,173,11,6.4,0,0,0,8,13,16,16,98,0,59,0,81,91,103,114,0,59,0,4.6,7.5,0,0,46.8,52.6,0
OIW,2026-06-09,159,8,5,0,0,0,8,11,20,23,101,0,35,0,82,99,105,124,0,35,0,5,6.9,0,0,51.6,62.3,0
OIW,2026-06-10,234,7,3,0,0,0,9,16,18,21,137,0,76,5,106,122,129,158,0,76,0,3.8,6.8,0,2.1,45.3,52.1,0
OIW,2026-06-11,419,32,7.6,0,0,0,10,12,14,16,258,0,145,0,186,215,222,274,0,145,0,2.4,2.9,0,0,44.4,51.3,0
OIW,2026-06-12,304,19,6.3,1,0.3,0,2,6,6,12,160,0,132,0,110,124,135,172,0,132,0,0.7,2,0,0,36.2,40.8,0
OIW,2026-06-13,279,18,6.5,0,0,0,8,11,11,13,163,0,103,0,93,122,139,176,0,103,0,2.9,3.9,0,0,33.3,43.7,0
OIW,2026-06-14,63,6,9.5,5,7.9,0,4,5,5,5,39,0,19,0,25,34,38,44,0,19,0,6.3,7.9,0,0,39.7,54,0
OIW,2026-06-15,10,5,50,5,50,0,0,0,0,0,10,0,0,0,10,10,10,10,0,0,0,0,0,0,0,100,100,0
OIW,2026-06-16,171,15,8.8,14,8.2,6,6,9,9,10,114,0,47,83,98,106,115,124,0,47,3.5,3.5,5.3,0,48.5,57.3,62,0
OIW,2026-06-17,761,81,10.6,57,7.5,13,40,42,47,50,509,0,202,108,398,437,460,559,0,202,1.7,5.3,5.5,0,14.2,52.3,57.4,0
OIW,2026-06-18,315,9,2.9,0,0,0,25,29,30,37,191,0,87,0,153,174,184,228,0,87,0,7.9,9.2,0,0,48.6,55.2,0
OIW,2026-06-19,302,14,4.6,0,0,0,19,23,26,30,176,0,96,7,130,143,156,206,0,96,0,6.3,7.6,0,2.3,43,47.4,0
OIW,2026-06-21,236,10,4.2,1,0.4,2,4,7,8,11,133,0,92,41,88,103,108,144,0,92,0.8,1.7,3,0,17.4,37.3,43.6,0
OIW,2026-06-22,108,6,5.6,0,0,0,3,3,8,10,64,0,34,0,48,58,64,74,0,34,0,2.8,2.8,0,0,44.4,53.7,0
OIW,2026-06-23,195,14,7.2,0,0,0,7,17,18,19,128,0,48,0,103,133,138,147,0,48,0,3.6,8.7,0,0,52.8,68.2,0
OIW,2026-06-24,319,26,8.2,0,0,0,12,13,16,17,170,0,132,0,128,145,154,187,0,132,0,3.8,4.1,0,0,40.1,45.5,0
OIW,2026-06-25,207,13,6.3,0,0,0,9,13,16,20,118,0,69,0,85,105,112,138,0,69,0,4.3,6.3,0,0,41.1,50.7,0
OIW,2026-06-26,397,29,7.3,0,0,0,13,18,20,21,238,0,138,0,184,211,225,259,0,138,0,3.3,4.5,0,0,46.3,53.1,0
OIW,2026-06-27,256,28,10.9,27,10.5,0,13,25,26,27,134,0,95,0,106,136,145,161,0,95,0,5.1,9.8,0,0,41.4,53.1,0
OIW,2026-06-28,82,8,9.8,7,8.5,0,3,3,3,4,46,0,32,0,37,41,43,50,0,32,0,3.7,3.7,0,0,45.1,50,0
OIW,2026-06-29,121,8,6.6,0,0,0,3,7,8,9,90,0,22,2,56,72,80,99,0,22,0,2.5,5.8,0,1.7,46.3,59.5,0
OIW,2026-06-30,227,20,8.8,17,7.5,0,3,5,6,7,138,0,82,0,101,124,134,145,0,82,0,1.3,2.2,0,0,44.5,54.6,0
OIW,2026-07-01,142,18,12.7,15,10.6,0,1,3,3,3,81,0,58,0,62,69,76,84,0,58,0,0.7,2.1,0,0,43.7,48.6,0
OIW,2026-07-02,112,9,8,0,0,0,3,5,10,12,73,0,27,0,68,77,79,85,0,27,0,2.7,4.5,0,0,60.7,68.8,0
OIW,2026-07-03,1,0,0,0,0,0,0,0,0,0,1,0,0,0,1,1,1,1,0,0,0,0,0,0,0,100,100,0
OIW,2026-07-04,353,23,6.5,0,0,12,28,35,35,40,180,0,133,92,163,184,198,220,0,133,3.4,7.9,9.9,0,26.1,46.2,52.1,0
OIW,2026-07-05,117,10,8.5,0,0,0,8,10,10,13,48,0,56,0,44,49,52,61,0,56,0,6.8,8.5,0,0,37.6,41.9,0
OIW,2026-07-07,371,60,16.2,21,5.7,0,9,13,14,18,240,0,113,7,155,177,196,258,0,113,0,2.4,3.5,0,1.9,41.8,47.7,0
OIW,2026-07-08,240,39,16.3,14,5.8,0,12,20,27,28,146,0,66,0,75,119,140,174,0,66,0,5,8.3,0,0,31.3,49.6,0
OIW,2026-07-10,1303,165,12.7,97,7.4,13,28,34,36,40,652,0,611,141,408,465,532,692,0,611,1,2.1,2.6,0,10.8,31.3,35.7,0
OIW,2026-07-12,261,48,18.4,25,9.6,0,6,6,6,8,139,0,114,0,88,108,120,147,0,114,0,2.3,2.3,0,0,33.7,41.4,0
OIW,2026-07-13,622,111,17.8,44,7.1,0,10,11,12,16,307,0,299,0,179,227,255,323,0,299,0,1.6,1.8,0,0,28.8,36.5,0
OIW,2026-07-14,5,0,0,0,0,0,0,0,0,0,2,0,3,0,0,1,1,2,0,3,0,0,0,0,0,0,20,0
OIW,2026-07-15,210,21,10,6,2.9,1,7,11,13,15,150,0,45,58,92,105,117,165,0,45,0.5,3.3,5.2,0,27.6,43.8,50,0
OIW,2026-07-16,573,90,15.7,43,7.5,5,29,38,38,45,286,0,242,13,197,235,252,331,0,242,0.9,5.1,6.6,0,2.3,34.4,41,0
OIW,2026-07-17,983,159,16.2,23,2.3,2,33,40,48,57,598,0,328,8,401,446,484,655,0,328,0.2,3.4,4.1,0,0.8,40.8,45.4,0
OIW,2026-07-19,191,28,14.7,19,9.9,1,12,13,13,15,130,0,46,58,100,111,116,145,0,46,0.5,6.3,6.8,0,30.4,52.4,58.1,0
OIW,2026-07-20,1212,89,7.3,24,2,0,15,35,47,64,784,0,364,9,422,542,611,848,0,364,0,1.2,2.9,0,0.7,34.8,44.7,0
OIW,2026-07-21,675,50,7.4,30,4.4,0,20,28,29,34,399,0,242,0,244,285,319,433,0,242,0,3,4.1,0,0,36.1,42.2,0
OIW,2026-07-22,809,45,5.6,28,3.5,0,17,46,49,53,418,0,338,1,263,332,363,471,0,338,0,2.1,5.7,0,0.1,32.5,41,0
OIW,2026-07-23,564,52,9.2,3,0.5,0,17,24,26,28,385,0,151,0,253,326,348,413,0,151,0,3,4.3,0,0,44.9,57.8,0
OIW,2026-07-24,686,46,6.7,0,0,0,16,22,27,37,342,0,307,0,229,272,294,379,0,307,0,2.3,3.2,0,0,33.4,39.7,0
OIW,2026-07-26,2062,99,4.8,46,2.2,0,35,52,57,76,1081,0,905,1,630,815,880,1157,0,905,0,1.7,2.5,0,0,30.6,39.5,0
OIW,2026-07-27,12,0,0,0,0,10,10,10,10,10,0,0,2,10,10,10,10,10,0,2,83.3,83.3,83.3,0,83.3,83.3,83.3,0
OIW,2026-07-28,946,43,4.5,13,1.4,0,41,62,62,64,592,0,290,0,416,550,593,656,0,290,0,4.3,6.6,0,0,44,58.1,0
OIW,2026-07-29,2,0,0,0,0,0,0,0,0,0,1,0,1,0,1,1,1,1,0,1,0,0,0,0,0,50,50,0
OIW,2026-07-30,1412,87,6.2,56,4,52,69,73,74,78,870,0,464,646,797,832,878,948,0,464,3.7,4.9,5.2,0,45.8,56.4,58.9,0
OIW,2026-07-31,519,58,11.2,33,6.4,11,17,17,19,22,357,0,140,216,283,302,333,379,0,140,2.1,3.3,3.3,0,41.6,54.5,58.2,0
OIW,2026-08-01,295,30,10.2,18,6.1,5,13,18,20,20,170,0,105,81,145,167,172,190,0,105,1.7,4.4,6.1,0,27.5,49.2,56.6,0
OIW,2026-08-02,149,10,6.7,0,0,0,7,12,14,16,76,0,57,0,70,81,86,92,0,57,0,4.7,8.1,0,0,47,54.4,0
OIW,2026-08-03,318,27,8.5,8,2.5,0,8,15,16,16,202,0,100,1,159,204,210,218,0,100,0,2.5,4.7,0,0.3,50,64.2,0
OIW,2026-08-04,271,33,12.2,26,9.6,0,9,11,11,11,159,0,101,2,124,142,151,170,0,101,0,3.3,4.1,0,0.7,45.8,52.4,0
OIW,2026-08-05,154,9,5.8,5,3.2,0,6,8,9,10,80,0,64,0,56,73,80,90,0,64,0,3.9,5.2,0,0,36.4,47.4,0
OIW,2026-08-06,355,35,9.9,31,8.7,0,7,9,9,9,174,0,172,0,133,161,169,183,0,172,0,2,2.5,0,0,37.5,45.4,0
OIW,2026-08-07,45,5,11.1,4,8.9,0,0,0,0,0,17,0,28,0,12,16,17,17,0,28,0,0,0,0,0,26.7,35.6,0
OIW,2026-08-08,1698,152,9,152,9,11,16,22,22,22,410,0,1266,291,372,432,432,432,0,1266,0.6,0.9,1.3,0,17.1,21.9,25.4,0
OIW,2026-08-09,644,0,0,0,0,0,9,9,9,9,190,0,445,0,199,199,199,199,0,445,0,1.4,1.4,0,0,30.9,30.9,0
OIW,2026-08-10,266,0,0,0,0,0,0,0,0,0,0,0,266,0,0,0,0,0,0,266,0,0,0,0,0,0,0,0
OJA,2026-05-09,2780,240,8.6,0,0,0,0,0,0,33,653,0,2094,0,0,0,0,684,0,2096,0,0,0,0,0,0,0,0
OJA,2026-05-13,2756,232,8.4,26,0.9,0,157,234,273,313,1700,0,743,0,1600,1767,1883,2013,0,743,0,5.7,8.5,0,0,58.1,64.1,0
OJA,2026-05-14,2243,140,6.2,12,0.5,0,126,174,213,257,1231,0,755,1,1081,1245,1305,1488,0,755,0,5.6,7.8,0,0,48.2,55.5,0
OJA,2026-05-15,2180,169,7.8,0,0,9,80,107,126,174,985,0,1021,45,765,866,913,1159,0,1021,0.4,3.7,4.9,0,2.1,35.1,39.7,0
OJA,2026-05-16,1876,103,5.5,15,0.8,1,96,136,183,204,1346,0,326,7,1065,1310,1404,1550,0,326,0.1,5.1,7.2,0,0.4,56.8,69.8,0
OJA,2026-05-18,2524,181,7.2,2,0.1,4,152,213,256,272,1601,0,651,29,1377,1641,1804,1873,0,651,0.2,6,8.4,0,1.1,54.6,65,0
OJA,2026-05-21,2704,88,3.3,5,0.2,27,248,321,349,422,1381,0,901,178,1252,1474,1530,1803,0,901,1,9.2,11.9,0,6.6,46.3,54.5,0
OJA,2026-05-22,1763,87,4.9,7,0.4,3,94,134,151,194,1096,0,473,34,997,1099,1190,1290,0,473,0.2,5.3,7.6,0,1.9,56.6,62.3,0
OJA,2026-05-23,2166,33,1.5,0,0,18,100,139,161,193,982,0,991,122,620,759,848,1175,0,991,0.8,4.6,6.4,0,5.6,28.6,35,0
OJA,2026-05-27,2229,103,4.6,0,0,15,96,139,163,205,1312,0,712,87,1073,1218,1315,1517,0,712,0.7,4.3,6.2,0,3.9,48.1,54.6,0
OJA,2026-05-28,97,4,4.1,0,0,11,14,18,20,22,54,0,21,49,58,64,67,76,0,21,11.3,14.4,18.6,0,50.5,59.8,66,0
OJA,2026-05-29,2080,102,4.9,0,0,12,98,123,148,185,1121,0,774,111,896,982,1040,1306,0,774,0.6,4.7,5.9,0,5.3,43.1,47.2,0
OJA,2026-06-04,1095,67,6.1,0,0,19,48,79,94,113,616,0,366,100,462,550,578,729,0,366,1.7,4.4,7.2,0,9.1,42.2,50.2,0
OJA,2026-06-13,3889,383,9.8,29,0.7,8,141,223,257,283,2416,0,1190,22,1653,2089,2313,2699,0,1190,0.2,3.6,5.7,0,0.6,42.5,53.7,0
OJA,2026-06-17,169,22,13,13,7.7,0,12,12,12,19,105,0,45,3,86,96,104,124,0,45,0,7.1,7.1,0,1.8,50.9,56.8,0
OJA,2026-06-19,3434,217,6.3,3,0.1,9,161,200,254,316,2537,0,581,140,2001,2264,2451,2853,0,581,0.3,4.7,5.8,0,4.1,58.3,65.9,0
OJA,2026-06-20,1462,164,11.2,34,2.3,4,46,64,82,107,583,0,772,48,350,398,475,690,0,772,0.3,3.1,4.4,0,3.3,23.9,27.2,0
OJA,2026-06-29,441,36,8.2,0,0,0,26,34,41,44,270,0,127,3,237,274,287,314,0,127,0,5.9,7.7,0,0.7,53.7,62.1,0
ONL,2026-05-08,15,0,0,0,0,0,0,0,0,1,2,0,12,0,0,0,0,3,0,12,0,0,0,0,0,0,0,0
ONL,2026-05-09,17,0,0,0,0,0,0,0,0,2,2,0,13,0,0,0,0,4,0,13,0,0,0,0,0,0,0,0
ONL,2026-05-10,10,0,0,0,0,0,0,0,0,2,0,0,8,0,0,0,0,2,0,8,0,0,0,0,0,0,0,0
ONL,2026-05-11,16,0,0,0,0,0,0,0,1,1,2,2,11,0,0,0,3,3,2,11,0,0,0,12.5,0,0,0,12.5
ONL,2026-05-12,15,0,0,0,0,0,0,4,4,5,2,0,8,0,0,6,6,7,0,8,0,0,26.7,0,0,0,40,0
ONL,2026-05-13,12,0,0,0,0,0,6,6,7,8,2,2,0,0,7,8,8,10,2,0,0,50,50,16.7,0,58.3,66.7,16.7
ONL,2026-05-14,15,0,0,0,0,0,4,9,9,11,4,0,0,0,11,12,12,15,0,0,0,26.7,60,0,0,73.3,80,0
ONL,2026-05-15,14,0,0,0,0,0,5,5,9,10,4,0,0,0,8,8,12,14,0,0,0,35.7,35.7,0,0,57.1,57.1,0
ONL,2026-05-16,16,0,0,0,0,0,5,7,9,12,4,0,0,0,11,13,16,16,0,0,0,31.3,43.8,0,0,68.8,81.3,0
ONL,2026-05-17,29,0,0,0,0,0,8,11,12,12,11,5,1,0,19,21,22,23,5,1,0,27.6,37.9,17.2,0,65.5,72.4,17.2
ONL,2026-05-18,15,0,0,0,0,0,7,7,11,13,1,1,0,0,9,9,12,14,1,0,0,46.7,46.7,6.7,0,60,60,6.7
ONL,2026-05-19,15,0,0,0,0,0,5,6,6,9,1,4,1,0,7,8,9,10,4,1,0,33.3,40,26.7,0,46.7,53.3,26.7
ONL,2026-05-20,11,0,0,0,0,1,7,9,10,10,1,0,0,3,10,11,11,11,0,0,9.1,63.6,81.8,0,27.3,90.9,100,0
ONL,2026-05-21,9,0,0,0,0,0,4,6,8,9,0,0,0,0,5,6,8,9,0,0,0,44.4,66.7,0,0,55.6,66.7,0
ONL,2026-05-22,12,0,0,0,0,0,4,5,5,7,4,0,1,0,7,8,10,11,0,1,0,33.3,41.7,0,0,58.3,66.7,0
ONL,2026-05-23,14,0,0,0,0,0,5,10,13,13,0,0,1,0,6,10,13,13,0,1,0,35.7,71.4,0,0,42.9,71.4,0
ONL,2026-05-24,8,0,0,0,0,0,3,4,5,6,1,1,0,0,4,6,6,7,1,0,0,37.5,50,12.5,0,50,75,12.5
ONL,2026-05-25,12,0,0,0,0,1,7,7,8,9,2,1,0,1,9,10,11,11,1,0,8.3,58.3,58.3,8.3,8.3,75,83.3,8.3
ONL,2026-05-26,14,0,0,0,0,0,10,10,10,11,2,1,0,1,10,12,13,13,1,0,0,71.4,71.4,7.1,7.1,71.4,85.7,7.1
ONL,2026-05-27,13,0,0,0,0,0,8,8,8,9,2,0,2,0,9,9,9,11,0,2,0,61.5,61.5,0,0,69.2,69.2,0
ONL,2026-05-28,11,0,0,0,0,1,6,9,9,10,1,0,0,1,9,10,10,11,0,0,9.1,54.5,81.8,0,9.1,81.8,90.9,0
ONL,2026-05-29,11,0,0,0,0,0,5,5,5,6,3,1,1,0,7,7,7,9,1,1,0,45.5,45.5,9.1,0,63.6,63.6,9.1
ONL,2026-05-30,9,0,0,0,0,0,4,5,6,6,2,1,0,1,7,8,8,8,1,0,0,44.4,55.6,11.1,11.1,77.8,88.9,11.1
ONL,2026-05-31,9,0,0,0,0,1,6,6,6,7,2,0,0,1,8,8,9,9,0,0,11.1,66.7,66.7,0,11.1,88.9,88.9,0
ONL,2026-06-01,15,0,0,0,0,1,5,9,10,11,2,1,1,2,11,12,12,13,1,1,6.7,33.3,60,6.7,13.3,73.3,80,6.7
ONL,2026-06-02,12,0,0,0,0,1,7,8,9,9,3,0,0,1,11,12,12,12,0,0,8.3,58.3,66.7,0,8.3,91.7,100,0
ONL,2026-06-03,9,0,0,0,0,0,4,7,9,9,0,0,0,2,7,9,9,9,0,0,0,44.4,77.8,0,22.2,77.8,100,0
ONL,2026-06-04,12,0,0,0,0,0,4,6,7,7,3,2,0,0,8,9,9,10,2,0,0,33.3,50,16.7,0,66.7,75,16.7
ONL,2026-06-05,12,0,0,0,0,0,6,6,6,8,4,0,0,0,10,11,11,12,0,0,0,50,50,0,0,83.3,91.7,0
ONL,2026-06-06,14,0,0,0,0,2,8,10,11,11,2,1,0,2,11,13,13,13,1,0,14.3,57.1,71.4,7.1,14.3,78.6,92.9,7.1
ONL,2026-06-07,13,0,0,0,0,0,7,8,10,11,0,1,1,0,9,10,10,11,1,1,0,53.8,61.5,7.7,0,69.2,76.9,7.7
ONL,2026-06-08,19,0,0,0,0,0,8,13,13,16,3,0,0,0,12,16,17,19,0,0,0,42.1,68.4,0,0,63.2,84.2,0
ONL,2026-06-09,14,0,0,0,0,0,8,8,9,9,2,2,1,0,10,11,11,11,2,1,0,57.1,57.1,14.3,0,71.4,78.6,14.3
ONL,2026-06-10,22,1,4.5,0,0,0,11,12,14,15,4,1,2,0,17,18,18,19,1,2,0,50,54.5,4.5,0,77.3,81.8,4.5
ONL,2026-06-11,21,0,0,0,0,0,10,12,13,17,2,0,2,0,13,14,14,19,0,2,0,47.6,57.1,0,0,61.9,66.7,0
ONL,2026-06-12,18,0,0,0,0,1,11,13,14,16,1,0,1,2,15,16,16,17,0,1,5.6,61.1,72.2,0,11.1,83.3,88.9,0
ONL,2026-06-13,19,2,10.5,0,0,1,8,11,13,17,2,0,0,3,13,17,19,19,0,0,5.3,42.1,57.9,0,15.8,68.4,89.5,0
ONL,2026-06-14,17,0,0,0,0,0,9,11,11,12,3,1,1,0,12,14,14,15,1,1,0,52.9,64.7,5.9,0,70.6,82.4,5.9
ONL,2026-06-15,21,1,4.8,0,0,0,11,13,16,16,5,0,0,0,17,20,21,21,0,0,0,52.4,61.9,0,0,81,95.2,0
ONL,2026-06-16,18,1,5.6,0,0,1,8,8,9,11,4,0,3,2,11,11,12,15,0,3,5.6,44.4,44.4,0,11.1,61.1,61.1,0
ONL,2026-06-17,18,0,0,0,0,1,12,13,14,14,1,1,2,1,13,14,15,15,1,2,5.6,66.7,72.2,5.6,5.6,72.2,77.8,5.6
ONL,2026-06-18,24,0,0,0,0,0,11,12,14,19,4,0,1,0,18,20,20,23,0,1,0,45.8,50,0,0,75,83.3,0
ONL,2026-06-19,27,0,0,0,0,1,15,20,20,20,4,1,2,1,20,23,23,24,1,2,3.7,55.6,74.1,3.7,3.7,74.1,85.2,3.7
ONL,2026-06-20,26,0,0,0,0,0,10,14,15,20,5,1,0,1,16,21,23,25,1,0,0,38.5,53.8,3.8,3.8,61.5,80.8,3.8
ONL,2026-06-21,19,0,0,0,0,1,7,13,16,17,0,0,2,2,17,17,17,17,0,2,5.3,36.8,68.4,0,10.5,89.5,89.5,0
ONL,2026-06-22,29,0,0,0,0,1,10,16,19,21,3,0,5,2,18,19,22,24,0,5,3.4,34.5,55.2,0,6.9,62.1,65.5,0
ONL,2026-06-23,36,1,2.8,0,0,2,20,23,24,28,5,1,2,3,27,30,30,33,1,2,5.6,55.6,63.9,2.8,8.3,75,83.3,2.8
ONL,2026-06-24,46,0,0,0,0,2,29,31,31,35,5,2,4,4,34,36,37,40,2,4,4.3,63,67.4,4.3,8.7,73.9,78.3,4.3
ONL,2026-06-25,53,0,0,0,0,1,24,30,32,42,8,1,2,1,34,42,45,50,1,2,1.9,45.3,56.6,1.9,1.9,64.2,79.2,1.9
ONL,2026-06-26,60,0,0,0,0,0,26,30,39,51,7,1,1,2,45,49,53,58,1,1,0,43.3,50,1.7,3.3,75,81.7,1.7
ONL,2026-06-27,53,0,0,0,0,1,18,32,37,42,5,3,3,1,31,41,44,47,3,3,1.9,34,60.4,5.7,1.9,58.5,77.4,5.7
ONL,2026-06-28,33,0,0,0,0,1,18,23,26,28,4,1,0,1,29,31,32,32,1,0,3,54.5,69.7,3,3,87.9,93.9,3
ONL,2026-06-29,39,0,0,0,0,2,20,23,27,31,7,0,1,2,26,29,32,38,0,1,5.1,51.3,59,0,5.1,66.7,74.4,0
ONL,2026-06-30,27,0,0,0,0,3,13,17,20,22,2,1,2,3,17,19,21,24,1,2,11.1,48.1,63,3.7,11.1,63,70.4,3.7
ONL,2026-07-01,28,0,0,0,0,2,9,13,14,15,6,3,4,2,14,18,20,21,3,4,7.1,32.1,46.4,10.7,7.1,50,64.3,10.7
ONL,2026-07-02,20,0,0,0,0,0,9,12,14,16,2,0,2,0,15,15,16,18,0,2,0,45,60,0,0,75,75,0
ONL,2026-07-03,19,0,0,0,0,0,9,12,13,16,1,0,2,0,14,15,15,17,0,2,0,47.4,63.2,0,0,73.7,78.9,0
ONL,2026-07-04,21,0,0,0,0,0,7,10,13,16,4,0,1,0,12,16,18,20,0,1,0,33.3,47.6,0,0,57.1,76.2,0
ONL,2026-07-05,18,0,0,0,0,0,7,14,14,16,1,0,1,0,12,15,16,17,0,1,0,38.9,77.8,0,0,66.7,83.3,0
ONL,2026-07-06,21,0,0,0,0,3,9,11,15,15,2,1,3,4,15,15,17,17,1,3,14.3,42.9,52.4,4.8,19,71.4,71.4,4.8
ONL,2026-07-07,13,0,0,0,0,2,10,10,10,10,2,0,1,3,11,11,12,12,0,1,15.4,76.9,76.9,0,23.1,84.6,84.6,0
ONL,2026-07-08,14,0,0,0,0,0,7,10,10,13,1,0,0,1,12,12,12,14,0,0,0,50,71.4,0,7.1,85.7,85.7,0
ONL,2026-07-09,10,0,0,0,0,0,5,5,6,8,0,0,2,0,5,5,6,8,0,2,0,50,50,0,0,50,50,0
ONL,2026-07-10,16,0,0,0,0,0,7,8,8,11,5,0,0,0,11,11,12,16,0,0,0,43.8,50,0,0,68.8,68.8,0
ONL,2026-07-11,19,1,5.3,0,0,1,9,9,12,15,4,0,0,1,14,17,19,19,0,0,5.3,47.4,47.4,0,5.3,73.7,89.5,0
ONL,2026-07-12,15,0,0,0,0,1,8,9,9,12,2,0,1,1,9,11,11,14,0,1,6.7,53.3,60,0,6.7,60,73.3,0
ONL,2026-07-13,36,0,0,0,0,1,21,27,29,31,2,1,2,2,30,30,31,33,1,2,2.8,58.3,75,2.8,5.6,83.3,83.3,2.8
ONL,2026-07-14,30,0,0,0,0,2,15,21,22,23,6,0,1,5,22,26,26,29,0,1,6.7,50,70,0,16.7,73.3,86.7,0
ONL,2026-07-15,34,1,2.9,0,0,0,16,19,25,28,3,2,1,0,22,27,29,31,2,1,0,47.1,55.9,5.9,0,64.7,79.4,5.9
ONL,2026-07-16,37,0,0,0,0,0,16,22,26,29,4,4,0,2,21,29,31,33,4,0,0,43.2,59.5,10.8,5.4,56.8,78.4,10.8
ONL,2026-07-17,35,0,0,0,0,1,14,17,21,28,4,1,2,1,20,24,27,32,1,2,2.9,40,48.6,2.9,2.9,57.1,68.6,2.9
ONL,2026-07-18,38,1,2.6,0,0,0,12,18,22,28,6,3,1,1,17,30,32,34,3,1,0,31.6,47.4,7.9,2.6,44.7,78.9,7.9
ONL,2026-07-19,20,1,5,0,0,1,7,11,11,15,4,1,0,1,12,14,15,19,1,0,5,35,55,5,5,60,70,5
ONL,2026-07-20,29,0,0,0,0,0,10,16,18,23,4,1,1,1,20,22,24,27,1,1,0,34.5,55.2,3.4,3.4,69,75.9,3.4
ONL,2026-07-21,35,0,0,0,0,2,19,25,27,30,1,3,1,2,27,29,29,31,3,1,5.7,54.3,71.4,8.6,5.7,77.1,82.9,8.6
ONL,2026-07-22,28,0,0,0,0,3,17,20,21,26,0,0,2,3,21,22,24,26,0,2,10.7,60.7,71.4,0,10.7,75,78.6,0
ONL,2026-07-23,40,0,0,0,0,1,23,28,29,33,5,2,0,3,29,31,33,38,2,0,2.5,57.5,70,5,7.5,72.5,77.5,5
ONL,2026-07-24,28,0,0,0,0,0,9,16,17,21,5,1,1,1,17,20,22,26,1,1,0,32.1,57.1,3.6,3.6,60.7,71.4,3.6
ONL,2026-07-25,30,0,0,0,0,1,10,14,16,18,9,3,0,1,13,18,22,27,3,0,3.3,33.3,46.7,10,3.3,43.3,60,10
ONL,2026-07-26,22,0,0,0,0,0,11,17,17,20,1,0,1,0,16,20,20,21,0,1,0,50,77.3,0,0,72.7,90.9,0
ONL,2026-07-27,27,0,0,0,0,2,15,17,19,23,2,2,0,4,23,24,24,25,2,0,7.4,55.6,63,7.4,14.8,85.2,88.9,7.4
ONL,2026-07-28,27,0,0,0,0,1,14,16,18,19,6,1,1,2,20,20,22,25,1,1,3.7,51.9,59.3,3.7,7.4,74.1,74.1,3.7
ONL,2026-07-29,24,1,4.2,0,0,1,11,12,15,17,5,2,0,1,16,16,20,22,2,0,4.2,45.8,50,8.3,4.2,66.7,66.7,8.3
ONL,2026-07-30,25,0,0,0,0,0,10,14,15,17,5,1,2,1,18,21,22,22,1,2,0,40,56,4,4,72,84,4
ONL,2026-07-31,23,0,0,0,0,0,9,10,12,15,3,3,2,2,14,15,15,18,3,2,0,39.1,43.5,13,8.7,60.9,65.2,13
ONL,2026-08-01,66,2,3,0,0,1,15,21,23,30,23,8,5,1,36,41,46,53,8,5,1.5,22.7,31.8,12.1,1.5,54.5,62.1,12.1
ONL,2026-08-02,13,0,0,0,0,1,7,7,7,7,1,0,5,1,7,7,8,8,0,5,7.7,53.8,53.8,0,7.7,53.8,53.8,0
ONL,2026-08-03,20,0,0,0,0,0,4,8,10,11,4,2,3,1,11,14,15,15,2,3,0,20,40,10,5,55,70,10
ONL,2026-08-04,23,0,0,0,0,2,12,15,17,18,2,1,2,2,16,18,19,20,1,2,8.7,52.2,65.2,4.3,8.7,69.6,78.3,4.3
ONL,2026-08-05,16,0,0,0,0,0,7,8,8,9,5,1,1,0,12,13,13,14,1,1,0,43.8,50,6.3,0,75,81.3,6.3
ONL,2026-08-06,20,1,5,0,0,0,7,9,12,12,2,1,5,0,10,13,14,14,1,5,0,35,45,5,0,50,65,5
ONL,2026-08-07,18,0,0,0,0,1,9,9,11,11,3,0,4,2,12,13,14,14,0,4,5.6,50,50,0,11.1,66.7,72.2,0
ONL,2026-08-08,16,0,0,0,0,0,5,9,9,9,1,0,6,0,7,10,10,10,0,6,0,31.3,56.3,0,0,43.8,62.5,0
ONL,2026-08-09,14,0,0,0,0,0,7,7,7,7,3,0,4,0,10,10,10,10,0,4,0,50,50,0,0,71.4,71.4,0
ONL,2026-08-10,14,0,0,0,0,0,0,0,0,0,1,0,13,1,1,1,1,1,0,13,0,0,0,0,7.1,7.1,7.1,0
OUT,2026-05-08,11,0,0,0,0,0,0,0,0,2,1,0,8,0,0,0,0,3,0,8,0,0,0,0,0,0,0,0
OUT,2026-05-09,7,0,0,0,0,0,0,0,0,1,1,0,5,0,0,0,0,2,0,5,0,0,0,0,0,0,0,0
OUT,2026-05-11,19,0,0,0,0,0,0,0,1,4,7,0,8,0,0,0,4,10,0,9,0,0,0,0,0,0,0,0
OUT,2026-05-12,22,0,0,0,0,0,0,6,7,10,6,0,6,0,0,10,12,16,0,6,0,0,27.3,0,0,0,45.5,0
OUT,2026-05-13,41,0,0,0,0,0,20,24,26,31,5,0,5,0,27,31,34,36,0,5,0,48.8,58.5,0,0,65.9,75.6,0
OUT,2026-05-14,24,0,0,0,0,0,11,14,16,18,6,0,0,0,18,19,19,24,0,0,0,45.8,58.3,0,0,75,79.2,0
OUT,2026-05-15,30,0,0,0,0,0,13,14,19,23,6,0,1,1,20,21,25,29,0,1,0,43.3,46.7,0,3.3,66.7,70,0
OUT,2026-05-16,73,0,0,0,0,4,30,38,49,58,15,0,0,5,50,60,67,73,0,0,5.5,41.1,52.1,0,6.8,68.5,82.2,0
OUT,2026-05-18,63,0,0,0,0,2,30,40,40,52,11,0,0,4,49,55,56,63,0,0,3.2,47.6,63.5,0,6.3,77.8,87.3,0
OUT,2026-05-19,79,0,0,0,0,1,36,43,51,62,16,0,1,4,57,67,71,78,0,1,1.3,45.6,54.4,0,5.1,72.2,84.8,0
OUT,2026-05-20,67,0,0,0,0,5,41,53,58,61,4,0,2,8,53,61,63,65,0,2,7.5,61.2,79.1,0,11.9,79.1,91,0
OUT,2026-05-21,59,0,0,0,0,0,29,35,39,47,9,0,3,0,45,49,52,56,0,3,0,49.2,59.3,0,0,76.3,83.1,0
OUT,2026-05-22,64,0,0,0,0,3,28,38,41,48,13,0,3,5,47,54,58,61,0,3,4.7,43.8,59.4,0,7.8,73.4,84.4,0
OUT,2026-05-23,10,0,0,0,0,3,5,5,6,7,3,0,0,4,6,6,7,10,0,0,30,50,50,0,40,60,60,0
OWN,2026-05-22,1,0,0,0,0,0,1,1,1,1,0,0,0,0,1,1,1,1,0,0,0,100,100,0,0,100,100,0
OWN,2026-06-09,1,0,0,0,0,0,0,0,1,1,0,0,0,0,1,1,1,1,0,0,0,0,0,0,0,100,100,0
OWN,2026-06-11,3,0,0,0,0,0,3,3,3,3,0,0,0,0,3,3,3,3,0,0,0,100,100,0,0,100,100,0
OWN,2026-06-22,1,0,0,0,0,0,0,1,1,1,0,0,0,0,0,1,1,1,0,0,0,0,100,0,0,0,100,0
OWN,2026-07-04,1,0,0,0,0,0,0,0,0,0,1,0,0,0,0,0,1,1,0,0,0,0,0,0,0,0,0,0
OWN,2026-07-09,4,0,0,0,0,0,4,4,4,4,0,0,0,0,4,4,4,4,0,0,0,100,100,0,0,100,100,0
OWN,2026-07-10,1,0,0,0,0,0,0,0,0,1,0,0,0,0,0,0,0,1,0,0,0,0,0,0,0,0,0,0
OWN,2026-07-12,1,0,0,0,0,0,0,0,0,1,0,0,0,0,0,1,1,1,0,0,0,0,0,0,0,0,100,0
OWN,2026-07-15,1,0,0,0,0,1,1,1,1,1,0,0,0,1,1,1,1,1,0,0,100,100,100,0,100,100,100,0
OWN,2026-07-16,1,0,0,0,0,0,1,1,1,1,0,0,0,0,1,1,1,1,0,0,0,100,100,0,0,100,100,0
OWN,2026-07-19,1,0,0,0,0,0,0,1,1,1,0,0,0,0,0,1,1,1,0,0,0,0,100,0,0,0,100,0
OWN,2026-07-21,1,0,0,0,0,0,1,1,1,1,0,0,0,0,1,1,1,1,0,0,0,100,100,0,0,100,100,0
OWN,2026-07-23,2,0,0,0,0,0,1,1,1,1,0,1,0,0,1,1,1,1,1,0,0,50,50,50,0,50,50,50
OWN,2026-07-24,1,0,0,0,0,1,1,1,1,1,0,0,0,1,1,1,1,1,0,0,100,100,100,0,100,100,100,0
OWN,2026-07-26,1,0,0,0,0,0,0,0,0,1,0,0,0,0,0,1,1,1,0,0,0,0,0,0,0,0,100,0
OWN,2026-07-28,1,0,0,0,0,0,1,1,1,1,0,0,0,0,1,1,1,1,0,0,0,100,100,0,0,100,100,0
OWN,2026-08-07,1,0,0,0,0,0,1,1,1,1,0,0,0,0,1,1,1,1,0,0,0,100,100,0,0,100,100,0
OYA,2026-06-20,2,0,0,0,0,0,1,1,1,1,1,0,0,0,2,2,2,2,0,0,0,50,50,0,0,100,100,0
OYA,2026-06-22,6,0,0,0,0,0,3,4,5,5,1,0,0,1,6,6,6,6,0,0,0,50,66.7,0,16.7,100,100,0
OYA,2026-06-24,59,1,1.7,0,0,0,29,35,36,36,13,3,7,0,48,48,48,49,3,7,0,49.2,59.3,5.1,0,81.4,81.4,5.1
OYA,2026-06-25,93,0,0,0,0,10,45,49,51,59,28,4,2,25,78,83,85,87,4,2,10.8,48.4,52.7,4.3,26.9,83.9,89.2,4.3
OYA,2026-06-26,19,0,0,0,0,6,12,17,17,18,1,0,0,6,17,18,18,19,0,0,31.6,63.2,89.5,0,31.6,89.5,94.7,0
OYA,2026-06-27,5,0,0,0,0,0,3,5,5,5,0,0,0,0,3,5,5,5,0,0,0,60,100,0,0,60,100,0
OYA,2026-06-28,9,0,0,0,0,0,5,7,9,9,0,0,0,0,6,9,9,9,0,0,0,55.6,77.8,0,0,66.7,100,0
OYA,2026-06-29,14,0,0,0,0,4,9,11,11,11,0,0,3,4,11,11,11,11,0,3,28.6,64.3,78.6,0,28.6,78.6,78.6,0
OYA,2026-06-30,20,0,0,0,0,0,14,19,19,20,0,0,0,0,18,20,20,20,0,0,0,70,95,0,0,90,100,0
OYA,2026-07-01,16,0,0,0,0,1,5,5,7,10,2,1,3,3,7,8,10,12,1,3,6.3,31.3,31.3,6.3,18.8,43.8,50,6.3
OYA,2026-07-02,17,0,0,0,0,0,8,8,12,12,3,0,2,1,15,15,15,15,0,2,0,47.1,47.1,0,5.9,88.2,88.2,0
OYA,2026-07-03,34,0,0,0,0,1,16,20,22,30,1,2,1,2,24,26,27,31,2,1,2.9,47.1,58.8,5.9,5.9,70.6,76.5,5.9
OYA,2026-07-04,105,0,0,0,0,18,54,66,72,89,10,0,6,22,75,82,87,99,0,6,17.1,51.4,62.9,0,21,71.4,78.1,0
OYA,2026-07-05,56,0,0,0,0,5,28,33,36,44,6,2,4,10,40,45,46,50,2,4,8.9,50,58.9,3.6,17.9,71.4,80.4,3.6
OYA,2026-07-06,93,1,1.1,0,0,5,44,54,60,74,16,1,2,8,71,80,85,90,1,2,5.4,47.3,58.1,1.1,8.6,76.3,86,1.1
OYA,2026-07-07,102,0,0,0,0,4,52,69,75,85,11,1,5,9,78,87,89,96,1,5,3.9,51,67.6,1,8.8,76.5,85.3,1
OYA,2026-07-08,201,0,0,0,0,15,99,130,148,173,15,3,10,23,140,154,165,188,3,10,7.5,49.3,64.7,1.5,11.4,69.7,76.6,1.5
OYA,2026-07-09,181,0,0,0,0,10,92,136,143,167,11,0,3,19,134,160,162,178,0,3,5.5,50.8,75.1,0,10.5,74,88.4,0
OYA,2026-07-10,163,2,1.2,0,0,20,85,111,123,139,14,2,8,24,118,132,139,153,2,8,12.3,52.1,68.1,1.2,14.7,72.4,81,1.2
OYA,2026-07-11,185,1,0.5,0,0,17,90,115,121,159,16,3,7,22,117,134,149,175,3,7,9.2,48.6,62.2,1.6,11.9,63.2,72.4,1.6
OYA,2026-07-12,104,1,1,0,0,22,51,66,75,89,13,2,0,29,74,89,92,102,2,0,21.2,49,63.5,1.9,27.9,71.2,85.6,1.9
OYA,2026-07-13,170,1,0.6,0,0,11,88,112,124,136,22,6,6,18,122,135,145,158,6,6,6.5,51.8,65.9,3.5,10.6,71.8,79.4,3.5
OYA,2026-07-14,233,2,0.9,0,0,18,125,156,169,202,16,8,7,36,169,188,198,218,8,7,7.7,53.6,67,3.4,15.5,72.5,80.7,3.4
OYA,2026-07-15,187,1,0.5,0,0,11,92,121,136,161,16,9,1,24,137,156,160,177,9,1,5.9,49.2,64.7,4.8,12.8,73.3,83.4,4.8
OYA,2026-07-16,96,2,2.1,0,0,5,53,72,74,80,8,3,5,8,74,83,84,88,3,5,5.2,55.2,75,3.1,8.3,77.1,86.5,3.1
OYA,2026-07-17,33,0,0,0,0,3,16,20,22,27,4,1,1,6,25,26,28,31,1,1,9.1,48.5,60.6,3,18.2,75.8,78.8,3
OYA,2026-07-18,6,0,0,0,0,0,3,5,5,6,0,0,0,0,4,6,6,6,0,0,0,50,83.3,0,0,66.7,100,0
OYA,2026-07-19,2,0,0,0,0,0,1,2,2,2,0,0,0,0,2,2,2,2,0,0,0,50,100,0,0,100,100,0
OYA,2026-07-20,150,3,2,0,0,2,70,104,110,126,14,5,5,2,102,124,127,140,5,5,1.3,46.7,69.3,3.3,1.3,68,82.7,3.3
OYA,2026-07-21,32,0,0,0,0,2,19,22,24,27,3,2,0,3,25,28,28,30,2,0,6.3,59.4,68.8,6.3,9.4,78.1,87.5,6.3
OYA,2026-07-22,20,1,5,0,0,3,10,15,16,16,4,0,0,4,12,17,18,20,0,0,15,50,75,0,20,60,85,0
OYA,2026-07-23,74,1,1.4,0,0,2,31,48,49,65,6,3,0,2,46,54,56,71,3,0,2.7,41.9,64.9,4.1,2.7,62.2,73,4.1
OYA,2026-07-24,239,2,0.8,0,0,28,137,158,179,214,16,6,3,41,165,189,201,230,6,3,11.7,57.3,66.1,2.5,17.2,69,79.1,2.5
OYA,2026-07-25,211,3,1.4,2,0.9,28,102,130,149,167,30,6,8,37,149,172,184,197,6,8,13.3,48.3,61.6,2.8,17.5,70.6,81.5,2.8
OYA,2026-07-26,6,0,0,0,0,2,4,5,5,6,0,0,0,2,6,6,6,6,0,0,33.3,66.7,83.3,0,33.3,100,100,0
OYA,2026-07-27,109,0,0,0,0,13,66,77,91,100,7,0,2,25,90,97,102,107,0,2,11.9,60.6,70.6,0,22.9,82.6,89,0
OYA,2026-07-28,117,2,1.7,0,0,14,76,89,94,100,8,3,6,20,99,104,105,108,3,6,12,65,76.1,2.6,17.1,84.6,88.9,2.6
OYA,2026-07-29,175,1,0.6,0,0,12,95,117,130,153,18,2,2,24,134,150,160,171,2,2,6.9,54.3,66.9,1.1,13.7,76.6,85.7,1.1
OYA,2026-07-30,93,1,1.1,0,0,10,52,64,67,82,8,0,3,15,75,80,82,90,0,3,10.8,55.9,68.8,0,16.1,80.6,86,0
OYA,2026-07-31,135,1,0.7,0,0,8,78,90,103,120,9,3,3,17,111,117,121,129,3,3,5.9,57.8,66.7,2.2,12.6,82.2,86.7,2.2
OYA,2026-08-01,124,1,0.8,1,0.8,18,79,91,96,106,8,2,8,25,94,107,109,114,2,8,14.5,63.7,73.4,1.6,20.2,75.8,86.3,1.6
OYA,2026-08-02,3,0,0,0,0,0,1,1,2,2,1,0,0,0,3,3,3,3,0,0,0,33.3,33.3,0,0,100,100,0
OYA,2026-08-03,125,0,0,0,0,10,65,82,90,106,12,1,6,22,101,109,113,118,1,6,8,52,65.6,0.8,17.6,80.8,87.2,0.8
OYA,2026-08-04,157,1,0.6,0,0,21,101,120,126,137,12,3,5,28,129,140,146,149,3,5,13.4,64.3,76.4,1.9,17.8,82.2,89.2,1.9
OYA,2026-08-05,143,0,0,0,0,13,80,100,115,123,9,2,9,18,103,118,126,132,2,9,9.1,55.9,69.9,1.4,12.6,72,82.5,1.4
OYA,2026-08-06,125,0,0,0,0,6,53,77,82,88,18,3,16,13,87,98,104,106,3,16,4.8,42.4,61.6,2.4,10.4,69.6,78.4,2.4
OYA,2026-08-07,89,0,0,0,0,3,46,58,65,65,12,0,12,5,65,73,77,77,0,12,3.4,51.7,65.2,0,5.6,73,82,0
OYA,2026-08-08,91,0,0,0,0,5,35,50,50,50,17,0,24,9,51,67,67,67,0,24,5.5,38.5,54.9,0,9.9,56,73.6,0
OYA,2026-08-09,10,0,0,0,0,0,5,5,5,5,1,1,3,0,6,6,6,6,1,3,0,50,50,10,0,60,60,10
OYA,2026-08-10,129,0,0,0,0,9,9,9,9,9,4,0,116,12,13,13,13,13,0,116,7,7,7,0,9.3,10.1,10.1,0
PANTALOON,2026-05-09,1,0,0,0,0,0,0,0,0,0,0,0,1,0,0,0,0,0,0,1,0,0,0,0,0,0,0,0
PBZ,2026-06-13,1,0,0,0,0,0,0,1,1,1,0,0,0,0,1,1,1,1,0,0,0,0,100,0,0,100,100,0
PBZ,2026-06-22,1,0,0,0,0,0,1,1,1,1,0,0,0,0,1,1,1,1,0,0,0,100,100,0,0,100,100,0
PBZ,2026-06-24,1,0,0,0,0,1,1,1,1,1,0,0,0,1,1,1,1,1,0,0,100,100,100,0,100,100,100,0
PBZ,2026-07-16,2,0,0,0,0,0,1,1,1,1,1,0,0,0,2,2,2,2,0,0,0,50,50,0,0,100,100,0
PBZ,2026-07-18,1,0,0,0,0,0,0,0,0,0,1,0,0,0,0,0,0,1,0,0,0,0,0,0,0,0,0,0
PBZ,2026-07-21,1,0,0,0,0,0,0,1,1,1,0,0,0,0,1,1,1,1,0,0,0,0,100,0,0,100,100,0
PBZ,2026-07-28,2,0,0,0,0,0,0,0,0,1,1,0,0,0,2,2,2,2,0,0,0,0,0,0,0,100,100,0
PBZ,2026-07-30,1,0,0,0,0,0,1,1,1,1,0,0,0,0,1,1,1,1,0,0,0,100,100,0,0,100,100,0
PLN,2026-05-08,142,0,0,0,0,0,0,0,0,4,1,0,137,0,0,0,0,5,0,137,0,0,0,0,0,0,0,0
PLN,2026-05-09,202,0,0,0,0,0,0,0,0,8,9,2,183,0,0,0,0,17,2,183,0,0,0,1,0,0,0,1
PLN,2026-05-10,231,1,0.4,0,0,0,0,0,0,19,12,0,200,0,0,0,0,31,0,200,0,0,0,0,0,0,0,0
PLN,2026-05-11,256,1,0.4,0,0,0,0,0,9,29,11,0,216,0,0,0,22,39,0,217,0,0,0,0,0,0,0,0
PLN,2026-05-12,351,0,0,0,0,0,0,33,57,67,12,5,267,0,0,46,62,72,5,274,0,0,9.4,1.4,0,0,13.1,1.4
PLN,2026-05-13,322,1,0.3,0,0,0,186,231,238,249,16,14,43,0,230,252,260,264,14,44,0,57.8,71.7,4.3,0,71.4,78.3,4.3
PLN,2026-05-14,400,2,0.5,0,0,62,289,334,350,366,17,14,3,72,344,367,373,383,14,3,15.5,72.3,83.5,3.5,18,86,91.8,3.5
PLN,2026-05-15,326,3,0.9,0,0,45,233,262,273,282,18,14,12,56,283,295,298,300,14,12,13.8,71.5,80.4,4.3,17.2,86.8,90.5,4.3
PLN,2026-05-16,294,1,0.3,0,0,23,195,229,246,263,17,9,5,32,244,264,268,280,9,5,7.8,66.3,77.9,3.1,10.9,83,89.8,3.1
PLN,2026-05-17,241,0,0,0,0,26,151,181,208,217,15,6,3,35,187,199,223,232,6,3,10.8,62.7,75.1,2.5,14.5,77.6,82.6,2.5
PLN,2026-05-18,239,0,0,0,0,54,159,188,206,215,14,7,3,58,201,214,222,229,7,3,22.6,66.5,78.7,2.9,24.3,84.1,89.5,2.9
PLN,2026-05-19,287,2,0.7,0,0,48,181,227,235,252,22,9,4,56,224,257,260,274,9,4,16.7,63.1,79.1,3.1,19.5,78,89.5,3.1
PLN,2026-05-20,230,5,2.2,0,0,27,150,184,190,195,22,12,1,41,191,209,214,217,12,1,11.7,65.2,80,5.2,17.8,83,90.9,5.2
PLN,2026-05-24,2,0,0,0,0,0,1,2,2,2,0,0,0,0,2,2,2,2,0,0,0,50,100,0,0,100,100,0
PLN,2026-05-25,1,0,0,0,0,0,1,1,1,1,0,0,0,0,1,1,1,1,0,0,0,100,100,0,0,100,100,0
PLN,2026-05-27,30,1,3.3,0,0,0,24,27,29,29,0,0,1,0,28,29,29,29,0,1,0,80,90,0,0,93.3,96.7,0
PLN,2026-05-28,72,0,0,0,0,13,55,63,64,71,0,1,0,13,62,65,65,71,1,0,18.1,76.4,87.5,1.4,18.1,86.1,90.3,1.4
PLN,2026-05-29,73,0,0,0,0,17,61,65,70,72,0,1,0,23,66,66,71,72,1,0,23.3,83.6,89,1.4,31.5,90.4,90.4,1.4
PLN,2026-05-30,82,0,0,0,0,9,47,66,68,75,7,0,0,10,65,74,78,82,0,0,11,57.3,80.5,0,12.2,79.3,90.2,0
PLN,2026-05-31,87,0,0,0,0,3,60,72,73,77,3,7,0,4,73,77,77,80,7,0,3.4,69,82.8,8,4.6,83.9,88.5,8
PLN,2026-06-01,71,0,0,0,0,21,56,59,63,64,4,3,0,23,62,65,66,68,3,0,29.6,78.9,83.1,4.2,32.4,87.3,91.5,4.2
PLN,2026-06-02,77,0,0,0,0,7,49,55,62,70,5,0,2,10,61,63,69,75,0,2,9.1,63.6,71.4,0,13,79.2,81.8,0
PLN,2026-06-03,98,0,0,0,0,6,73,79,82,89,2,5,2,11,85,88,88,91,5,2,6.1,74.5,80.6,5.1,11.2,86.7,89.8,5.1
PLN,2026-06-04,76,0,0,0,0,12,49,60,61,65,6,4,1,16,63,68,69,71,4,1,15.8,64.5,78.9,5.3,21.1,82.9,89.5,5.3
PLN,2026-06-05,72,2,2.8,0,0,9,54,56,60,67,1,0,4,14,57,59,65,68,0,4,12.5,75,77.8,0,19.4,79.2,81.9,0
PLN,2026-06-06,75,0,0,0,0,15,50,58,58,64,8,2,1,16,59,68,70,72,2,1,20,66.7,77.3,2.7,21.3,78.7,90.7,2.7
PLN,2026-06-07,82,0,0,0,0,7,52,64,68,74,6,0,2,10,70,74,77,80,0,2,8.5,63.4,78,0,12.2,85.4,90.2,0
PLN,2026-06-08,74,1,1.4,0,0,2,47,57,65,66,3,2,3,3,61,67,69,69,2,3,2.7,63.5,77,2.7,4.1,82.4,90.5,2.7
PLN,2026-06-09,72,0,0,0,0,13,46,55,56,58,10,2,2,13,58,66,67,68,2,2,18.1,63.9,76.4,2.8,18.1,80.6,91.7,2.8
PLN,2026-06-10,69,0,0,0,0,7,52,60,62,65,2,2,0,11,63,66,66,67,2,0,10.1,75.4,87,2.9,15.9,91.3,95.7,2.9
PLN,2026-06-11,71,0,0,0,0,9,47,54,56,60,8,2,1,11,60,67,68,68,2,1,12.7,66.2,76.1,2.8,15.5,84.5,94.4,2.8
PLN,2026-06-12,90,0,0,0,0,10,48,60,69,76,11,3,0,11,70,75,80,87,3,0,11.1,53.3,66.7,3.3,12.2,77.8,83.3,3.3
PLN,2026-06-13,56,0,0,0,0,0,30,39,40,43,7,5,1,3,42,47,47,50,5,1,0,53.6,69.6,8.9,5.4,75,83.9,8.9
PLN,2026-06-14,83,0,0,0,0,4,62,67,69,76,4,2,1,10,72,76,77,80,2,1,4.8,74.7,80.7,2.4,12,86.7,91.6,2.4
PLN,2026-06-15,50,0,0,0,0,0,18,29,32,38,9,0,3,2,29,36,40,47,0,3,0,36,58,0,4,58,72,0
PLN,2026-06-16,73,2,2.7,0,0,4,38,50,52,58,9,4,2,5,51,60,62,67,4,2,5.5,52.1,68.5,5.5,6.8,69.9,82.2,5.5
PLN,2026-06-17,94,0,0,0,0,9,61,72,76,82,9,2,1,15,82,88,89,91,2,1,9.6,64.9,76.6,2.1,16,87.2,93.6,2.1
PLN,2026-06-18,114,0,0,0,0,15,77,87,93,99,10,2,3,17,93,104,106,109,2,3,13.2,67.5,76.3,1.8,14.9,81.6,91.2,1.8
PLN,2026-06-19,89,3,3.4,0,0,6,53,61,67,76,7,3,3,7,65,72,77,83,3,3,6.7,59.6,68.5,3.4,7.9,73,80.9,3.4
PLN,2026-06-20,77,0,0,0,0,5,44,58,59,67,8,1,1,6,60,71,73,75,1,1,6.5,57.1,75.3,1.3,7.8,77.9,92.2,1.3
PLN,2026-06-21,89,0,0,0,0,10,48,62,64,76,9,4,0,12,71,79,81,85,4,0,11.2,53.9,69.7,4.5,13.5,79.8,88.8,4.5
PLN,2026-06-22,73,0,0,0,0,7,41,54,57,62,8,2,1,10,57,63,66,70,2,1,9.6,56.2,74,2.7,13.7,78.1,86.3,2.7
PLN,2026-06-23,91,1,1.1,0,0,12,64,66,74,79,6,3,3,27,74,81,85,85,3,3,13.2,70.3,72.5,3.3,29.7,81.3,89,3.3
PLN,2026-06-24,84,0,0,0,0,6,57,64,66,73,8,3,0,6,67,74,75,81,3,0,7.1,67.9,76.2,3.6,7.1,79.8,88.1,3.6
PLN,2026-06-25,109,1,0.9,0,0,14,79,88,89,97,8,4,0,16,91,98,99,105,4,0,12.8,72.5,80.7,3.7,14.7,83.5,89.9,3.7
PLN,2026-06-26,104,1,1,0,0,4,67,75,81,91,11,2,0,7,82,90,94,102,2,0,3.8,64.4,72.1,1.9,6.7,78.8,86.5,1.9
PLN,2026-06-27,158,0,0,0,0,10,95,113,128,137,16,3,2,16,133,144,150,153,3,2,6.3,60.1,71.5,1.9,10.1,84.2,91.1,1.9
PLN,2026-06-28,142,1,0.7,0,0,16,85,111,121,128,10,2,2,19,118,129,137,138,2,2,11.3,59.9,78.2,1.4,13.4,83.1,90.8,1.4
PLN,2026-06-29,206,2,1,0,0,21,129,168,172,187,11,4,4,31,163,191,196,198,4,4,10.2,62.6,81.6,1.9,15,79.1,92.7,1.9
PLN,2026-06-30,223,1,0.4,0,0,27,144,165,178,197,16,6,4,31,186,198,200,213,6,4,12.1,64.6,74,2.7,13.9,83.4,88.8,2.7
PLN,2026-07-01,219,3,1.4,0,0,27,152,174,186,195,14,4,6,35,183,195,203,209,4,6,12.3,69.4,79.5,1.8,16,83.6,89,1.8
PLN,2026-07-02,151,2,1.3,0,0,11,99,113,117,126,10,7,8,14,121,132,135,136,7,8,7.3,65.6,74.8,4.6,9.3,80.1,87.4,4.6
PLN,2026-07-03,174,1,0.6,0,0,25,108,124,131,151,19,2,2,36,133,145,148,170,2,2,14.4,62.1,71.3,1.1,20.7,76.4,83.3,1.1
PLN,2026-07-04,156,0,0,0,0,20,91,111,121,135,12,7,2,21,114,135,137,147,7,2,12.8,58.3,71.2,4.5,13.5,73.1,86.5,4.5
PLN,2026-07-05,165,3,1.8,0,0,28,103,125,132,145,13,3,4,33,132,144,149,158,3,4,17,62.4,75.8,1.8,20,80,87.3,1.8
PLN,2026-07-06,134,0,0,0,0,22,87,107,122,126,1,5,2,27,99,120,125,127,5,2,16.4,64.9,79.9,3.7,20.1,73.9,89.6,3.7
PLN,2026-07-07,144,0,0,0,0,22,84,100,110,121,15,3,5,26,113,121,126,136,3,5,15.3,58.3,69.4,2.1,18.1,78.5,84,2.1
PLN,2026-07-08,165,2,1.2,0,0,14,100,125,128,140,20,4,1,20,136,149,155,160,4,1,8.5,60.6,75.8,2.4,12.1,82.4,90.3,2.4
PLN,2026-07-09,140,1,0.7,0,0,7,86,103,109,117,16,2,5,16,109,120,125,133,2,5,5,61.4,73.6,1.4,11.4,77.9,85.7,1.4
PLN,2026-07-10,180,2,1.1,0,0,25,100,126,132,157,12,3,8,38,130,144,149,169,3,8,13.9,55.6,70,1.7,21.1,72.2,80,1.7
PLN,2026-07-11,124,1,0.8,0,0,12,57,86,98,110,9,3,2,13,82,105,107,119,3,2,9.7,46,69.4,2.4,10.5,66.1,84.7,2.4
PLN,2026-07-12,125,0,0,0,0,14,71,82,89,108,12,4,1,17,86,100,103,120,4,1,11.2,56.8,65.6,3.2,13.6,68.8,80,3.2
PLN,2026-07-13,130,0,0,0,0,16,77,104,113,119,5,5,1,27,104,118,123,124,5,1,12.3,59.2,80,3.8,20.8,80,90.8,3.8
PLN,2026-07-14,126,0,0,0,0,13,71,96,99,105,15,6,0,16,103,111,116,120,6,0,10.3,56.3,76.2,4.8,12.7,81.7,88.1,4.8
PLN,2026-07-15,139,1,0.7,0,0,7,81,98,99,114,11,12,2,12,96,117,121,125,12,2,5,58.3,70.5,8.6,8.6,69.1,84.2,8.6
PLN,2026-07-16,116,1,0.9,0,0,16,74,88,92,104,6,4,2,27,94,103,105,110,4,2,13.8,63.8,75.9,3.4,23.3,81,88.8,3.4
PLN,2026-07-17,120,2,1.7,0,0,21,77,89,96,107,4,5,4,24,91,103,104,111,5,4,17.5,64.2,74.2,4.2,20,75.8,85.8,4.2
PLN,2026-07-18,136,1,0.7,0,0,23,65,91,102,127,4,4,1,31,92,117,123,131,4,1,16.9,47.8,66.9,2.9,22.8,67.6,86,2.9
PLN,2026-07-19,110,0,0,0,0,12,78,87,92,98,8,3,1,13,94,101,103,106,3,1,10.9,70.9,79.1,2.7,11.8,85.5,91.8,2.7
PLN,2026-07-20,107,1,0.9,0,0,12,62,82,87,95,7,3,2,17,82,95,97,102,3,2,11.2,57.9,76.6,2.8,15.9,76.6,88.8,2.8
PLN,2026-07-21,111,2,1.8,0,0,8,66,77,85,95,11,2,3,10,85,94,96,106,2,3,7.2,59.5,69.4,1.8,9,76.6,84.7,1.8
PLN,2026-07-22,118,2,1.7,0,0,8,70,83,86,100,12,5,1,13,87,100,104,112,5,1,6.8,59.3,70.3,4.2,11,73.7,84.7,4.2
PLN,2026-07-23,132,1,0.8,0,0,9,77,96,102,113,11,5,3,14,92,109,116,124,5,3,6.8,58.3,72.7,3.8,10.6,69.7,82.6,3.8
PLN,2026-07-24,144,0,0,0,0,14,81,97,105,117,18,4,5,17,113,119,124,135,4,5,9.7,56.3,67.4,2.8,11.8,78.5,82.6,2.8
PLN,2026-07-25,138,1,0.7,0,0,10,80,98,105,117,12,8,1,16,93,110,115,129,8,1,7.2,58,71,5.8,11.6,67.4,79.7,5.8
PLN,2026-07-26,103,1,1,0,0,4,69,77,82,92,8,2,1,5,85,93,95,100,2,1,3.9,67,74.8,1.9,4.9,82.5,90.3,1.9
PLN,2026-07-27,118,1,0.8,0,0,21,76,96,100,107,6,3,2,22,95,107,110,113,3,2,17.8,64.4,81.4,2.5,18.6,80.5,90.7,2.5
PLN,2026-07-28,23,0,0,0,0,9,16,19,20,22,0,1,0,17,20,20,20,22,1,0,39.1,69.6,82.6,4.3,73.9,87,87,4.3
PLN,2026-07-29,5,0,0,0,0,0,2,3,3,5,0,0,0,0,4,5,5,5,0,0,0,40,60,0,0,80,100,0
PLN,2026-07-30,2,0,0,0,0,0,2,2,2,2,0,0,0,0,2,2,2,2,0,0,0,100,100,0,0,100,100,0
PLN,2026-07-31,5,0,0,0,0,4,5,5,5,5,0,0,0,4,5,5,5,5,0,0,80,100,100,0,80,100,100,0
PLN,2026-08-01,2,0,0,0,0,0,0,2,2,2,0,0,0,0,2,2,2,2,0,0,0,0,100,0,0,100,100,0
PLN,2026-08-02,12,0,0,0,0,1,9,9,9,9,0,0,3,1,9,9,9,9,0,3,8.3,75,75,0,8.3,75,75,0
PLN,2026-08-03,10,0,0,0,0,7,10,10,10,10,0,0,0,7,10,10,10,10,0,0,70,100,100,0,70,100,100,0
PLN,2026-08-04,4,0,0,0,0,0,3,3,3,4,0,0,0,0,4,4,4,4,0,0,0,75,75,0,0,100,100,0
PLN,2026-08-05,5,0,0,0,0,0,1,1,4,4,1,0,0,1,1,2,5,5,0,0,0,20,20,0,20,20,40,0
PLN,2026-08-06,5,0,0,0,0,1,2,4,4,4,1,0,0,1,4,5,5,5,0,0,20,40,80,0,20,80,100,0
PLN,2026-08-07,1,0,0,0,0,0,1,1,1,1,0,0,0,0,1,1,1,1,0,0,0,100,100,0,0,100,100,0
PLN,2026-08-08,8,0,0,0,0,0,6,7,7,7,1,0,0,0,7,8,8,8,0,0,0,75,87.5,0,0,87.5,100,0
PLN,2026-08-09,11,0,0,0,0,0,10,10,10,10,1,0,0,0,11,11,11,11,0,0,0,90.9,90.9,0,0,100,100,0
POR,2026-07-06,8,0,0,0,0,0,5,5,5,5,3,0,0,0,7,7,7,8,0,0,0,62.5,62.5,0,0,87.5,87.5,0
POR,2026-07-16,4,0,0,0,0,1,3,3,3,3,1,0,0,2,3,3,3,4,0,0,25,75,75,0,50,75,75,0
POR,2026-07-21,1,0,0,0,0,0,0,1,1,1,0,0,0,0,1,1,1,1,0,0,0,0,100,0,0,100,100,0
POR,2026-07-25,1,0,0,0,0,0,0,0,0,0,1,0,0,0,0,0,1,1,0,0,0,0,0,0,0,0,0,0
POR,2026-07-29,1,0,0,0,0,0,0,0,0,0,1,0,0,0,1,1,1,1,0,0,0,0,0,0,0,100,100,0
POR,2026-08-03,2,0,0,0,0,0,0,0,1,1,0,1,0,0,1,1,1,1,1,0,0,0,0,50,0,50,50,50
PRO,2026-06-20,8,0,0,0,0,0,0,0,0,0,2,0,6,0,1,2,2,2,0,6,0,0,0,0,0,12.5,25,0
PRO,2026-07-20,5,0,0,0,0,0,0,0,0,0,0,0,5,0,0,0,0,0,0,5,0,0,0,0,0,0,0,0
PRO,2026-07-21,5,1,20,1,20,0,0,0,0,2,1,0,2,0,0,0,0,3,0,2,0,0,0,0,0,0,0,0
PRO,2026-07-23,1,0,0,0,0,0,1,1,1,1,0,0,0,0,1,1,1,1,0,0,0,100,100,0,0,100,100,0
PTX,2026-05-08,2119,160,7.6,0,0,0,0,0,0,34,870,100,1115,0,0,0,0,904,100,1115,0,0,0,4.7,0,0,0,4.7
PTX,2026-05-14,7044,169,2.4,18,0.3,46,635,909,1047,1255,3943,1303,543,310,3910,4448,4604,5198,1303,543,0.7,9,12.9,18.5,4.4,55.5,63.1,18.5
PTX,2026-05-15,7419,148,2,0,0,18,283,421,500,627,4908,1365,519,374,4116,4594,4863,5535,1365,519,0.2,3.8,5.7,18.4,5,55.5,61.9,18.4
PTX,2026-05-18,5975,118,2,0,0,16,390,597,730,855,3537,1075,508,165,3255,3738,3957,4392,1075,508,0.3,6.5,10,18,2.8,54.5,62.6,18
PTX,2026-05-19,2407,71,2.9,0,0,9,95,148,178,203,1554,464,186,86,1300,1485,1573,1757,464,186,0.4,3.9,6.1,19.3,3.6,54,61.7,19.3
PTX,2026-05-20,9367,245,2.6,2,0,11,544,816,966,1121,5675,1736,835,237,5145,5939,6213,6796,1736,835,0.1,5.8,8.7,18.5,2.5,54.9,63.4,18.5
PTX,2026-05-21,9099,253,2.8,8,0.1,59,1010,1458,1670,1968,4687,1503,941,249,5071,5754,5988,6655,1503,941,0.6,11.1,16,16.5,2.7,55.7,63.2,16.5
PTX,2026-05-22,8107,241,3,0,0,20,913,1292,1545,1805,4109,1399,794,92,4489,5043,5325,5914,1399,794,0.2,11.3,15.9,17.3,1.1,55.4,62.2,17.3
PTX,2026-05-23,1021,48,4.7,0,0,21,158,235,263,288,460,152,121,80,565,658,699,748,152,121,2.1,15.5,23,14.9,7.8,55.3,64.4,14.9
PTX,2026-05-24,598,22,3.7,0,0,10,100,133,149,167,257,107,67,54,338,387,404,424,107,67,1.7,16.7,22.2,17.9,9,56.5,64.7,17.9
PTX,2026-05-25,3590,119,3.3,0,0,36,377,568,661,740,1821,666,363,194,1956,2257,2340,2561,666,363,1,10.5,15.8,18.6,5.4,54.5,62.9,18.6
PTX,2026-05-26,5843,197,3.4,13,0.2,37,612,840,978,1152,2962,1038,691,213,3192,3543,3690,4114,1038,691,0.6,10.5,14.4,17.8,3.6,54.6,60.6,17.8
PTX,2026-05-27,4419,150,3.4,0,0,38,390,629,778,901,2218,788,512,211,2202,2584,2752,3119,788,512,0.9,8.8,14.2,17.8,4.8,49.8,58.5,17.8
PTX,2026-05-28,8108,267,3.3,4,0,16,418,613,736,879,4882,1432,915,85,4152,4852,5068,5761,1432,915,0.2,5.2,7.6,17.7,1,51.2,59.8,17.7
PTX,2026-05-29,3158,100,3.2,0,0,26,352,491,582,678,1578,518,384,94,1655,1866,1999,2256,518,384,0.8,11.1,15.5,16.4,3,52.4,59.1,16.4
PTX,2026-05-30,1143,37,3.2,0,0,27,154,208,260,303,516,183,141,96,586,707,761,819,183,141,2.4,13.5,18.2,16,8.4,51.3,61.9,16
PTX,2026-05-31,629,21,3.3,0,0,11,104,153,176,203,257,94,75,41,340,405,425,460,94,75,1.7,16.5,24.3,14.9,6.5,54.1,64.4,14.9
PTX,2026-06-01,9258,338,3.7,1,0,24,531,809,986,1102,5412,1605,1139,110,4909,5652,5936,6514,1605,1139,0.3,5.7,8.7,17.3,1.2,53,61,17.3
PTX,2026-06-02,1142,53,4.6,0,0,21,201,283,311,345,473,181,143,79,651,746,779,818,181,143,1.8,17.6,24.8,15.8,6.9,57,65.3,15.8
PTX,2026-06-03,1476,78,5.3,0,0,44,236,325,365,397,648,216,215,234,826,923,972,1045,216,215,3,16,22,14.6,15.9,56,62.5,14.6
PTX,2026-06-04,693,27,3.9,0,0,27,119,170,190,204,286,125,78,92,379,438,456,490,125,78,3.9,17.2,24.5,18,13.3,54.7,63.2,18
PTX,2026-06-05,851,48,5.6,2,0.2,1,107,151,180,202,382,139,128,15,454,518,544,584,139,128,0.1,12.6,17.7,16.3,1.8,53.3,60.9,16.3
PTX,2026-06-06,1408,81,5.8,0,0,47,214,301,361,394,600,190,224,146,754,900,938,994,190,224,3.3,15.2,21.4,13.5,10.4,53.6,63.9,13.5
PTX,2026-06-07,647,24,3.7,0,0,15,91,136,169,198,260,117,72,55,362,405,418,458,117,72,2.3,14.1,21,18.1,8.5,56,62.6,18.1
PTX,2026-06-08,1237,75,6.1,0,0,20,196,272,304,337,540,185,175,62,665,774,820,877,185,175,1.6,15.8,22,15,5,53.8,62.6,15
PTX,2026-06-09,1424,67,4.7,21,1.5,26,218,291,326,369,625,227,203,81,780,889,917,994,227,203,1.8,15.3,20.4,15.9,5.7,54.8,62.4,15.9
PTX,2026-06-10,1500,76,5.1,1,0.1,22,246,334,379,421,643,213,223,89,841,950,985,1064,213,223,1.5,16.4,22.3,14.2,5.9,56.1,63.3,14.2
PTX,2026-06-11,1175,52,4.4,0,0,27,201,256,280,313,540,173,149,88,667,742,779,853,173,149,2.3,17.1,21.8,14.7,7.5,56.8,63.1,14.7
PTX,2026-06-12,1098,68,6.2,0,0,16,170,230,265,285,500,157,156,59,616,693,734,785,157,156,1.5,15.5,20.9,14.3,5.4,56.1,63.1,14.3
PTX,2026-06-13,1369,95,6.9,0,0,30,199,280,315,328,660,197,184,121,754,887,929,988,197,184,2.2,14.5,20.5,14.4,8.8,55.1,64.8,14.4
PTX,2026-06-14,474,38,8,28,5.9,8,66,101,104,110,238,62,64,36,270,311,327,348,62,64,1.7,13.9,21.3,13.1,7.6,57,65.6,13.1
PTX,2026-06-15,531,66,12.4,44,8.3,9,90,99,107,112,296,59,64,48,318,367,381,408,59,64,1.7,16.9,18.6,11.1,9,59.9,69.1,11.1
PTX,2026-06-16,156,15,9.6,10,6.4,1,23,33,33,34,79,21,22,5,88,105,108,113,21,22,0.6,14.7,21.2,13.5,3.2,56.4,67.3,13.5
PTX,2026-06-17,302,31,10.3,21,7,18,51,56,60,65,153,33,51,64,171,192,202,218,33,51,6,16.9,18.5,10.9,21.2,56.6,63.6,10.9
PTX,2026-06-18,338,21,6.2,10,3,24,47,64,68,77,167,43,51,86,202,222,231,244,43,51,7.1,13.9,18.9,12.7,25.4,59.8,65.7,12.7
PTX,2026-06-19,376,3,0.8,0,0,9,65,91,106,122,144,59,51,39,206,232,243,266,59,51,2.4,17.3,24.2,15.7,10.4,54.8,61.7,15.7
PTX,2026-06-20,669,5,0.7,4,0.6,37,92,122,139,156,301,89,123,164,343,385,410,457,89,123,5.5,13.8,18.2,13.3,24.5,51.3,57.5,13.3
PTX,2026-06-22,3844,191,5,11,0.3,4,232,366,466,555,2286,558,445,14,2021,2364,2523,2841,558,445,0.1,6,9.5,14.5,0.4,52.6,61.5,14.5
PTX,2026-06-23,30,0,0,0,0,0,6,6,8,10,15,4,1,0,14,19,21,25,4,1,0,20,20,13.3,0,46.7,63.3,13.3
PTX,2026-06-24,12615,731,5.8,32,0.3,4,1042,1502,1823,2050,7007,1850,1708,40,6628,7541,8010,9057,1850,1708,0,8.3,11.9,14.7,0.3,52.5,59.8,14.7
PTX,2026-06-27,79,5,6.3,1,1.3,4,9,11,12,14,38,7,20,31,41,43,45,52,7,20,5.1,11.4,13.9,8.9,39.2,51.9,54.4,8.9
PTX,2026-06-29,5812,430,7.4,0,0,28,365,555,671,715,3502,799,796,124,2970,3473,3683,4217,799,796,0.5,6.3,9.5,13.7,2.1,51.1,59.8,13.7
PTX,2026-06-30,30,3,10,2,6.7,4,7,8,8,8,12,4,6,9,16,16,16,20,4,6,13.3,23.3,26.7,13.3,30,53.3,53.3,13.3
QHI,2026-05-08,98,0,0,0,0,0,0,0,0,3,15,4,76,0,0,0,0,18,4,76,0,0,0,4.1,0,0,0,4.1
QHI,2026-05-09,129,0,0,0,0,0,0,0,0,6,27,2,94,0,0,0,0,33,2,94,0,0,0,1.6,0,0,0,1.6
QHI,2026-05-10,84,1,1.2,0,0,0,0,0,0,9,21,1,53,0,0,0,0,30,1,53,0,0,0,1.2,0,0,0,1.2
QHI,2026-05-11,128,1,0.8,0,0,0,0,0,9,18,33,7,70,0,0,0,34,51,7,70,0,0,0,5.5,0,0,0,5.5
QHI,2026-05-12,194,0,0,0,0,0,0,17,24,36,63,11,84,0,0,53,79,99,11,84,0,0,8.8,5.7,0,0,27.3,5.7
QHI,2026-05-13,239,1,0.4,0,0,0,44,65,75,91,71,37,40,0,114,131,135,162,37,40,0,18.4,27.2,15.5,0,47.7,54.8,15.5
QHI,2026-05-14,304,4,1.3,0,0,11,73,94,106,129,102,43,30,30,166,188,197,231,43,30,3.6,24,30.9,14.1,9.9,54.6,61.8,14.1
QHI,2026-05-15,62,1,1.6,0,0,10,16,20,21,22,25,9,6,21,35,43,43,47,9,6,16.1,25.8,32.3,14.5,33.9,56.5,69.4,14.5
QHI,2026-05-16,95,0,0,0,0,13,27,36,39,45,28,13,9,25,58,69,69,73,13,9,13.7,28.4,37.9,13.7,26.3,61.1,72.6,13.7
QHI,2026-05-17,43,0,0,0,0,5,19,22,25,30,10,3,0,14,34,36,38,40,3,0,11.6,44.2,51.2,7,32.6,79.1,83.7,7
QHI,2026-05-18,240,1,0.4,1,0.4,6,63,78,88,104,74,39,23,17,136,152,163,178,39,23,2.5,26.3,32.5,16.3,7.1,56.7,63.3,16.3
QHI,2026-05-19,162,0,0,0,0,11,45,58,67,77,57,14,14,33,103,113,121,134,14,14,6.8,27.8,35.8,8.6,20.4,63.6,69.8,8.6
QHI,2026-05-20,142,0,0,0,0,10,33,44,50,54,52,15,21,27,80,89,94,106,15,21,7,23.2,31,10.6,19,56.3,62.7,10.6
QHI,2026-05-21,135,3,2.2,0,0,12,40,48,57,61,41,15,18,29,78,88,93,102,15,18,8.9,29.6,35.6,11.1,21.5,57.8,65.2,11.1
QHI,2026-05-22,150,2,1.3,0,0,12,38,51,56,65,46,21,18,16,81,91,97,111,21,18,8,25.3,34,14,10.7,54,60.7,14
QHI,2026-05-23,108,2,1.9,0,0,9,25,31,36,45,31,18,14,32,59,69,70,76,18,14,8.3,23.1,28.7,16.7,29.6,54.6,63.9,16.7
QHI,2026-05-24,238,5,2.1,0,0,4,55,71,90,96,76,37,29,14,130,148,156,172,37,29,1.7,23.1,29.8,15.5,5.9,54.6,62.2,15.5
QHI,2026-05-25,116,0,0,0,0,3,22,33,40,48,38,13,17,13,63,72,79,86,13,17,2.6,19,28.4,11.2,11.2,54.3,62.1,11.2
QHI,2026-05-26,228,1,0.4,0,0,11,77,97,106,118,60,23,27,26,144,160,167,178,23,27,4.8,33.8,42.5,10.1,11.4,63.2,70.2,10.1
QHI,2026-05-27,226,6,2.7,0,0,15,56,71,80,95,71,30,30,38,131,143,153,166,30,30,6.6,24.8,31.4,13.3,16.8,58,63.3,13.3
QHI,2026-05-28,267,5,1.9,0,0,6,58,79,92,108,90,30,39,23,130,155,165,198,30,39,2.2,21.7,29.6,11.2,8.6,48.7,58.1,11.2
QHI,2026-05-29,266,6,2.3,0,0,5,65,83,97,115,91,30,30,15,143,164,179,206,30,30,1.9,24.4,31.2,11.3,5.6,53.8,61.7,11.3
QHI,2026-05-30,315,12,3.8,0,0,14,70,98,111,128,97,41,49,25,153,183,196,225,41,49,4.4,22.2,31.1,13,7.9,48.6,58.1,13
QHI,2026-05-31,225,10,4.4,0,0,10,55,76,88,100,73,29,23,22,121,145,153,173,29,23,4.4,24.4,33.8,12.9,9.8,53.8,64.4,12.9
QHI,2026-06-01,338,9,2.7,0,0,15,87,119,133,148,104,35,51,30,199,221,230,252,35,51,4.4,25.7,35.2,10.4,8.9,58.9,65.4,10.4
QHI,2026-06-02,354,23,6.5,0,0,14,95,120,137,153,111,38,52,40,204,230,241,264,38,52,4,26.8,33.9,10.7,11.3,57.6,65,10.7
QHI,2026-06-03,306,11,3.6,0,0,10,81,104,117,128,92,29,57,24,178,197,205,220,29,57,3.3,26.5,34,9.5,7.8,58.2,64.4,9.5
QHI,2026-06-04,272,14,5.1,0,0,15,72,90,100,113,88,29,42,32,150,175,182,201,29,42,5.5,26.5,33.1,10.7,11.8,55.1,64.3,10.7
QHI,2026-06-05,320,15,4.7,0,0,13,87,113,126,134,95,34,57,27,183,205,214,229,34,57,4.1,27.2,35.3,10.6,8.4,57.2,64.1,10.6
QHI,2026-06-06,317,16,5,0,0,12,66,93,114,122,100,40,55,31,167,198,211,222,40,55,3.8,20.8,29.3,12.6,9.8,52.7,62.5,12.6
QHI,2026-06-07,222,4,1.8,0,0,10,57,72,83,100,67,20,35,25,122,137,145,167,20,35,4.5,25.7,32.4,9,11.3,55,61.7,9
QHI,2026-06-08,311,3,1,0,0,10,72,93,107,131,93,38,49,29,161,182,193,224,38,49,3.2,23.2,29.9,12.2,9.3,51.8,58.5,12.2
QHI,2026-06-09,286,5,1.7,0,0,6,66,92,103,128,86,30,42,14,148,178,188,214,30,42,2.1,23.1,32.2,10.5,4.9,51.7,62.2,10.5
QHI,2026-06-10,296,5,1.7,0,0,11,82,104,110,134,86,37,39,32,164,191,200,220,37,39,3.7,27.7,35.1,12.5,10.8,55.4,64.5,12.5
QHI,2026-06-11,230,5,2.2,0,0,6,57,76,85,98,70,27,35,22,123,142,148,168,27,35,2.6,24.8,33,11.7,9.6,53.5,61.7,11.7
QHI,2026-06-12,280,6,2.1,0,0,11,64,83,95,124,72,44,40,25,147,160,167,196,44,40,3.9,22.9,29.6,15.7,8.9,52.5,57.1,15.7
QHI,2026-06-13,610,22,3.6,4,0.7,8,120,165,186,224,230,69,87,29,319,375,407,454,69,87,1.3,19.7,27,11.3,4.8,52.3,61.5,11.3
QHI,2026-06-14,229,6,2.6,0,0,5,49,65,79,94,84,27,24,18,125,146,161,178,27,24,2.2,21.4,28.4,11.8,7.9,54.6,63.8,11.8
QHI,2026-06-15,257,3,1.2,0,0,11,72,83,91,106,79,27,45,23,141,158,169,185,27,45,4.3,28,32.3,10.5,8.9,54.9,61.5,10.5
QHI,2026-06-16,242,2,0.8,0,0,9,63,83,96,106,92,18,26,26,153,171,178,198,18,26,3.7,26,34.3,7.4,10.7,63.2,70.7,7.4
QHI,2026-06-17,242,3,1.2,0,0,6,48,70,85,101,75,29,37,22,132,154,159,176,29,37,2.5,19.8,28.9,12,9.1,54.5,63.6,12
QHI,2026-06-18,262,7,2.7,2,0.8,10,64,80,86,100,90,38,34,17,138,158,163,190,38,34,3.8,24.4,30.5,14.5,6.5,52.7,60.3,14.5
QHI,2026-06-19,349,9,2.6,1,0.3,8,78,101,118,142,113,34,60,19,202,221,235,255,34,60,2.3,22.3,28.9,9.7,5.4,57.9,63.3,9.7
QHI,2026-06-20,297,15,5.1,1,0.3,10,52,75,86,98,108,33,58,26,152,180,192,206,33,58,3.4,17.5,25.3,11.1,8.8,51.2,60.6,11.1
QHI,2026-06-21,184,8,4.3,1,0.5,1,46,65,74,83,42,24,35,13,102,116,119,125,24,35,0.5,25,35.3,13,7.1,55.4,63,13
QHI,2026-06-22,277,14,5.1,4,1.4,7,62,83,92,105,92,29,51,16,163,177,186,197,29,51,2.5,22.4,30,10.5,5.8,58.8,63.9,10.5
QHI,2026-06-23,345,12,3.5,2,0.6,11,83,111,119,136,116,29,64,25,194,224,235,252,29,64,3.2,24.1,32.2,8.4,7.2,56.2,64.9,8.4
QHI,2026-06-24,318,12,3.8,1,0.3,4,73,90,101,113,92,34,79,13,159,186,193,205,34,79,1.3,23,28.3,10.7,4.1,50,58.5,10.7
QHI,2026-06-25,387,8,2.1,0,0,12,73,104,115,130,115,64,78,33,195,226,233,245,64,78,3.1,18.9,26.9,16.5,8.5,50.4,58.4,16.5
QHI,2026-06-26,338,10,3,0,0,4,81,98,109,120,113,39,66,20,180,202,214,233,39,66,1.2,24,29,11.5,5.9,53.3,59.8,11.5
QHI,2026-06-27,390,13,3.3,2,0.5,14,75,101,121,138,131,47,74,35,192,228,242,269,47,74,3.6,19.2,25.9,12.1,9,49.2,58.5,12.1
QHI,2026-06-28,221,8,3.6,3,1.4,15,67,84,91,102,62,17,40,26,138,145,155,164,17,40,6.8,30.3,38,7.7,11.8,62.4,65.6,7.7
QHI,2026-06-29,313,14,4.5,0,0,7,78,110,125,135,96,38,44,25,187,207,216,231,38,44,2.2,24.9,35.1,12.1,8,59.7,66.1,12.1
QHI,2026-06-30,305,29,9.5,0,0,10,72,98,107,125,88,28,64,32,165,186,194,213,28,64,3.3,23.6,32.1,9.2,10.5,54.1,61,9.2
QHI,2026-07-01,350,23,6.6,0,0,13,90,116,126,142,109,38,61,26,201,222,231,251,38,61,3.7,25.7,33.1,10.9,7.4,57.4,63.4,10.9
QHI,2026-07-02,393,16,4.1,0,0,29,109,133,147,161,111,52,69,49,232,253,260,272,52,69,7.4,27.7,33.8,13.2,12.5,59,64.4,13.2
QHI,2026-07-03,381,17,4.5,0,0,9,86,103,121,139,129,39,74,23,196,224,239,268,39,74,2.4,22.6,27,10.2,6,51.4,58.8,10.2
QHI,2026-07-04,329,14,4.3,0,0,12,54,74,87,104,128,40,57,30,167,190,206,232,40,57,3.6,16.4,22.5,12.2,9.1,50.8,57.8,12.2
QHI,2026-07-05,217,17,7.8,0,0,8,50,70,74,75,84,22,36,18,117,135,148,159,22,36,3.7,23,32.3,10.1,8.3,53.9,62.2,10.1
QHI,2026-07-06,318,17,5.3,0,0,5,76,97,103,108,132,31,47,28,191,210,217,240,31,47,1.6,23.9,30.5,9.7,8.8,60.1,66,9.7
QHI,2026-07-07,309,27,8.7,15,4.9,13,76,89,94,98,123,28,60,28,166,187,199,221,28,60,4.2,24.6,28.8,9.1,9.1,53.7,60.5,9.1
QHI,2026-07-08,271,24,8.9,17,6.3,6,77,83,86,89,111,23,48,25,165,178,186,200,23,48,2.2,28.4,30.6,8.5,9.2,60.9,65.7,8.5
QHI,2026-07-09,297,31,10.4,25,8.4,7,66,93,95,97,123,24,53,19,179,200,204,220,24,53,2.4,22.2,31.3,8.1,6.4,60.3,67.3,8.1
QHI,2026-07-10,255,26,10.2,16,6.3,10,66,73,75,83,114,22,36,22,153,170,176,197,22,36,3.9,25.9,28.6,8.6,8.6,60,66.7,8.6
QHI,2026-07-11,211,15,7.1,14,6.6,10,49,72,74,75,88,21,27,23,130,146,154,163,21,27,4.7,23.2,34.1,10,10.9,61.6,69.2,10
QHI,2026-07-12,137,16,11.7,12,8.8,12,38,44,46,53,59,10,15,22,86,95,102,112,10,15,8.8,27.7,32.1,7.3,16.1,62.8,69.3,7.3
QHI,2026-07-13,160,18,11.3,8,5,5,43,51,52,57,68,10,25,13,99,112,115,125,10,25,3.1,26.9,31.9,6.3,8.1,61.9,70,6.3
QHI,2026-07-14,186,15,8.1,1,0.5,11,57,77,78,79,67,14,26,20,126,137,141,146,14,26,5.9,30.6,41.4,7.5,10.8,67.7,73.7,7.5
QHI,2026-07-15,197,15,7.6,7,3.6,12,52,59,61,62,83,24,28,23,119,132,135,145,24,28,6.1,26.4,29.9,12.2,11.7,60.4,67,12.2
QHI,2026-07-16,350,44,12.6,31,8.9,9,80,113,117,126,131,36,57,19,200,222,233,257,36,57,2.6,22.9,32.3,10.3,5.4,57.1,63.4,10.3
QHI,2026-07-17,409,28,6.8,6,1.5,11,102,123,135,146,159,35,69,34,232,257,274,305,35,69,2.7,24.9,30.1,8.6,8.3,56.7,62.8,8.6
QHI,2026-07-18,352,33,9.4,20,5.7,9,59,88,94,103,141,43,65,23,172,203,216,244,43,65,2.6,16.8,25,12.2,6.5,48.9,57.7,12.2
QHI,2026-07-19,206,13,6.3,12,5.8,7,48,59,65,74,83,16,33,14,114,134,143,157,16,33,3.4,23.3,28.6,7.8,6.8,55.3,65,7.8
QHI,2026-07-20,316,15,4.7,6,1.9,6,67,89,99,107,121,26,62,14,171,194,201,228,26,62,1.9,21.2,28.2,8.2,4.4,54.1,61.4,8.2
QHI,2026-07-21,320,28,8.8,20,6.3,10,76,100,104,110,128,22,60,18,174,201,212,238,22,60,3.1,23.8,31.3,6.9,5.6,54.4,62.8,6.9
QHI,2026-07-22,370,12,3.2,9,2.4,7,97,125,129,138,164,35,33,16,240,266,273,302,35,33,1.9,26.2,33.8,9.5,4.3,64.9,71.9,9.5
QHI,2026-07-23,295,11,3.7,6,2,11,76,92,98,108,120,26,41,21,174,198,202,228,26,41,3.7,25.8,31.2,8.8,7.1,59,67.1,8.8
QHI,2026-07-24,340,19,5.6,1,0.3,11,84,109,127,131,133,21,55,21,194,220,239,264,21,55,3.2,24.7,32.1,6.2,6.2,57.1,64.7,6.2
QHI,2026-07-25,296,15,5.1,9,3,6,72,107,113,122,110,32,32,17,182,208,216,232,32,32,2,24.3,36.1,10.8,5.7,61.5,70.3,10.8
QHI,2026-07-26,194,10,5.2,4,2.1,6,52,66,68,73,75,21,25,16,119,134,139,148,21,25,3.1,26.8,34,10.8,8.2,61.3,69.1,10.8
QHI,2026-07-27,592,18,3,3,0.5,9,176,229,252,265,180,54,93,19,363,402,422,445,54,93,1.5,29.7,38.7,9.1,3.2,61.3,67.9,9.1
QHI,2026-07-28,650,30,4.6,7,1.1,9,202,268,281,305,211,49,85,31,394,465,481,516,49,85,1.4,31.1,41.2,7.5,4.8,60.6,71.5,7.5
QHI,2026-07-29,400,15,3.8,5,1.3,17,120,152,159,166,144,33,57,37,259,288,294,310,33,57,4.3,30,38,8.3,9.3,64.8,72,8.3
QHI,2026-07-30,383,28,7.3,21,5.5,15,119,151,156,167,122,32,62,30,245,266,271,289,32,62,3.9,31.1,39.4,8.4,7.8,64,69.5,8.4
QHI,2026-07-31,357,20,5.6,9,2.5,16,108,126,133,146,116,33,62,35,218,243,254,262,33,62,4.5,30.3,35.3,9.2,9.8,61.1,68.1,9.2
QHI,2026-08-01,479,25,5.2,1,0.2,27,132,179,205,233,131,45,70,55,301,337,344,364,45,70,5.6,27.6,37.4,9.4,11.5,62.8,70.4,9.4
QHI,2026-08-02,235,0,0,0,0,14,71,88,107,115,66,20,34,21,143,161,170,181,20,34,6,30.2,37.4,8.5,8.9,60.9,68.5,8.5
QHI,2026-08-03,347,7,2,0,0,8,93,138,149,157,108,33,49,19,221,246,252,265,33,49,2.3,26.8,39.8,9.5,5.5,63.7,70.9,9.5
QHI,2026-08-04,340,7,2.1,2,0.6,9,106,132,144,151,94,33,62,14,217,232,240,245,33,62,2.6,31.2,38.8,9.7,4.1,63.8,68.2,9.7
QHI,2026-08-05,352,5,1.4,4,1.1,7,100,128,147,153,116,24,59,19,229,247,261,269,24,59,2,28.4,36.4,6.8,5.4,65.1,70.2,6.8
QHI,2026-08-06,378,6,1.6,3,0.8,11,83,117,124,128,135,37,78,26,217,245,254,263,37,78,2.9,22,31,9.8,6.9,57.4,64.8,9.8
QHI,2026-08-07,360,2,0.6,0,0,9,106,131,143,143,110,33,74,24,217,240,253,253,33,74,2.5,29.4,36.4,9.2,6.7,60.3,66.7,9.2
QHI,2026-08-08,381,3,0.8,3,0.8,9,85,114,114,114,139,23,105,23,221,253,253,253,23,105,2.4,22.3,29.9,6,6,58,66.4,6
QHI,2026-08-09,193,0,0,0,0,5,52,52,52,52,70,16,55,16,122,122,122,122,16,55,2.6,26.9,26.9,8.3,8.3,63.2,63.2,8.3
QHI,2026-08-10,370,0,0,0,0,13,13,13,13,13,9,0,348,22,22,22,22,22,0,348,3.5,3.5,3.5,0,5.9,5.9,5.9,0
QIA,2026-05-08,1923,36,1.9,0,0,0,0,0,0,29,738,82,1074,0,0,0,0,765,82,1076,0,0,0,4.3,0,0,0,4.3
QIA,2026-05-09,1996,71,3.6,0,0,0,0,0,0,45,799,111,1041,0,0,0,0,844,111,1041,0,0,0,5.6,0,0,0,5.6
QIA,2026-05-10,2368,83,3.5,0,0,0,0,0,0,64,1117,133,1054,0,0,0,0,1180,133,1055,0,0,0,5.6,0,0,0,5.6
QIA,2026-05-11,3993,124,3.1,0,0,0,0,0,68,131,2262,274,1326,0,0,0,1704,2392,274,1327,0,0,0,6.9,0,0,0,6.9
QIA,2026-05-12,4550,152,3.3,3,0.1,0,0,112,182,254,2628,483,1185,0,0,2116,2423,2881,483,1186,0,0,2.5,10.6,0,0,46.5,10.6
QIA,2026-05-13,5215,164,3.1,20,0.4,0,280,406,488,562,2967,1012,674,0,2635,3050,3226,3529,1012,674,0,5.4,7.8,19.4,0,50.5,58.5,19.4
QIA,2026-05-14,5170,252,4.9,14,0.3,45,265,378,432,513,3028,843,786,400,2583,2992,3127,3541,843,786,0.9,5.1,7.3,16.3,7.7,50,57.9,16.3
QIA,2026-05-15,5447,268,4.9,10,0.2,55,225,309,371,421,3103,888,1035,613,2542,2884,3088,3524,888,1035,1,4.1,5.7,16.3,11.3,46.7,52.9,16.3
QIA,2026-05-16,4522,228,5,41,0.9,36,183,271,313,351,2561,752,858,460,2033,2450,2669,2912,752,858,0.8,4,6,16.6,10.2,45,54.2,16.6
QIA,2026-05-17,4314,189,4.4,96,2.2,40,169,236,274,307,2437,726,844,335,1978,2336,2461,2744,726,844,0.9,3.9,5.5,16.8,7.8,45.9,54.1,16.8
QIA,2026-05-18,5282,196,3.7,9,0.2,16,225,312,373,398,3170,857,857,298,2532,2986,3225,3568,857,857,0.3,4.3,5.9,16.2,5.6,47.9,56.5,16.2
QIA,2026-05-19,5201,264,5.1,30,0.6,32,213,300,308,340,3022,780,1059,346,2435,2849,3062,3362,780,1059,0.6,4.1,5.8,15,6.7,46.8,54.8,15
QIA,2026-05-20,5364,325,6.1,120,2.2,32,210,237,259,292,3173,756,1143,539,2666,3021,3198,3465,756,1143,0.6,3.9,4.4,14.1,10,49.7,56.3,14.1
QIA,2026-05-21,5238,276,5.3,30,0.6,47,203,279,319,384,2869,884,1101,717,2522,2829,2976,3253,884,1101,0.9,3.9,5.3,16.9,13.7,48.1,54,16.9
QIA,2026-05-22,5312,338,6.4,1,0,19,259,354,423,496,2718,1013,1085,209,2459,2794,2963,3214,1013,1085,0.4,4.9,6.7,19.1,3.9,46.3,52.6,19.1
QIA,2026-05-23,4298,291,6.8,169,3.9,46,192,265,313,366,2081,771,1080,482,1820,2164,2255,2447,771,1080,1.1,4.5,6.2,17.9,11.2,42.3,50.3,17.9
QIA,2026-05-24,3463,205,5.9,126,3.6,15,178,245,302,352,1502,729,880,188,1434,1628,1722,1854,729,880,0.4,5.1,7.1,21.1,5.4,41.4,47,21.1
QIA,2026-05-25,5389,196,3.6,23,0.4,29,231,332,381,459,2832,893,1205,424,2365,2762,2917,3291,893,1205,0.5,4.3,6.2,16.6,7.9,43.9,51.3,16.6
QIA,2026-05-26,5249,146,2.8,2,0,53,298,395,442,542,2997,943,767,403,2727,3053,3198,3539,943,767,1,5.7,7.5,18,7.7,52,58.2,18
QIA,2026-05-27,4052,97,2.4,0,0,41,234,340,406,479,2198,810,565,372,2009,2268,2432,2677,810,565,1,5.8,8.4,20,9.2,49.6,56,20
QIA,2026-05-28,3956,110,2.8,0,0,31,228,347,405,493,2082,818,563,305,1856,2164,2280,2575,818,563,0.8,5.8,8.8,20.7,7.7,46.9,54.7,20.7
QIA,2026-05-29,1488,53,3.6,0,0,33,158,209,237,275,717,274,222,196,767,844,894,992,274,222,2.2,10.6,14,18.4,13.2,51.5,56.7,18.4
QIA,2026-05-30,1645,54,3.3,1,0.1,26,153,215,253,287,815,295,248,195,810,948,1017,1102,295,248,1.6,9.3,13.1,17.9,11.9,49.2,57.6,17.9
QIA,2026-05-31,1543,54,3.5,0,0,9,138,205,236,267,694,277,305,123,730,840,888,961,277,305,0.6,8.9,13.3,18,8,47.3,54.4,18
QIA,2026-06-01,1691,70,4.1,0,0,13,152,217,240,267,803,311,310,90,799,923,977,1070,311,310,0.8,9,12.8,18.4,5.3,47.3,54.6,18.4
QIA,2026-06-02,1544,87,5.6,1,0.1,27,137,197,227,251,755,256,282,166,791,884,935,1006,256,282,1.7,8.9,12.8,16.6,10.8,51.2,57.3,16.6
QIA,2026-06-03,1714,91,5.3,1,0.1,43,190,232,265,285,833,278,318,220,906,988,1039,1118,278,318,2.5,11.1,13.5,16.2,12.8,52.9,57.6,16.2
QIA,2026-06-04,2034,133,6.5,18,0.9,33,180,271,298,322,979,334,399,246,1029,1167,1215,1301,334,399,1.6,8.8,13.3,16.4,12.1,50.6,57.4,16.4
QIA,2026-06-05,1680,124,7.4,10,0.6,36,166,211,241,259,832,256,333,226,893,981,1025,1091,256,333,2.1,9.9,12.6,15.2,13.5,53.2,58.4,15.2
QIA,2026-06-06,1519,112,7.4,0,0,46,145,185,211,229,741,227,322,289,769,877,943,970,227,322,3,9.5,12.2,14.9,19,50.6,57.7,14.9
QIA,2026-06-07,1576,66,4.2,8,0.5,14,134,198,235,276,769,264,267,68,753,876,946,1045,264,267,0.9,8.5,12.6,16.8,4.3,47.8,55.6,16.8
QIA,2026-06-08,1480,77,5.2,5,0.3,18,124,176,207,249,745,247,239,99,718,845,897,994,247,239,1.2,8.4,11.9,16.7,6.7,48.5,57.1,16.7
QIA,2026-06-09,1548,53,3.4,11,0.7,13,140,195,232,267,758,273,250,82,720,845,905,1025,273,250,0.8,9,12.6,17.6,5.3,46.5,54.6,17.6
QIA,2026-06-10,1566,76,4.9,2,0.1,10,130,185,228,272,787,259,248,59,770,884,936,1059,259,248,0.6,8.3,11.8,16.5,3.8,49.2,56.4,16.5
QIA,2026-06-11,1294,82,6.3,9,0.7,43,138,170,188,213,658,184,239,228,670,734,768,871,184,239,3.3,10.7,13.1,14.2,17.6,51.8,56.7,14.2
QIA,2026-06-12,1260,85,6.7,1,0.1,15,113,156,174,195,679,180,206,120,650,727,772,874,180,206,1.2,9,12.4,14.3,9.5,51.6,57.7,14.3
QIA,2026-06-13,1329,107,8.1,8,0.6,41,135,178,206,215,689,206,219,175,660,764,815,904,206,219,3.1,10.2,13.4,15.5,13.2,49.7,57.5,15.5
QIA,2026-06-14,1247,133,10.7,93,7.5,19,116,156,166,177,672,160,238,129,622,723,763,849,160,238,1.5,9.3,12.5,12.8,10.3,49.9,58,12.8
QIA,2026-06-15,1305,166,12.7,123,9.4,31,128,141,153,161,727,165,252,220,692,785,826,888,165,252,2.4,9.8,10.8,12.6,16.9,53,60.2,12.6
QIA,2026-06-16,1328,128,9.6,116,8.7,28,157,209,214,226,697,173,232,211,739,813,843,923,173,232,2.1,11.8,15.7,13,15.9,55.6,61.2,13
QIA,2026-06-17,1249,132,10.6,110,8.8,19,140,147,156,172,718,150,209,112,706,788,829,890,150,209,1.5,11.2,11.8,12,9,56.5,63.1,12
QIA,2026-06-18,3130,210,6.7,111,3.5,31,232,292,319,361,1771,431,567,197,1899,1992,2016,2132,431,567,1,7.4,9.3,13.8,6.3,60.7,63.6,13.8
QIA,2026-06-19,1240,50,4,3,0.2,22,139,172,191,222,608,209,201,183,669,719,742,830,209,201,1.8,11.2,13.9,16.9,14.8,54,58,16.9
QIA,2026-06-20,1028,49,4.8,4,0.4,17,82,122,146,165,505,172,186,108,485,557,603,670,172,186,1.7,8,11.9,16.7,10.5,47.2,54.2,16.7
QIA,2026-06-21,1359,83,6.1,15,1.1,19,125,167,195,220,702,226,211,133,698,803,844,922,226,211,1.4,9.2,12.3,16.6,9.8,51.4,59.1,16.6
QIA,2026-06-22,1532,87,5.7,18,1.2,23,161,215,246,265,773,229,265,185,819,914,962,1038,229,265,1.5,10.5,14,14.9,12.1,53.5,59.7,14.9
QIA,2026-06-23,1575,95,6,12,0.8,39,181,247,272,298,743,236,298,239,821,938,972,1041,236,298,2.5,11.5,15.7,15,15.2,52.1,59.6,15
QIA,2026-06-24,1591,110,6.9,6,0.4,40,164,214,256,286,805,226,274,316,892,981,1019,1091,226,274,2.5,10.3,13.5,14.2,19.9,56.1,61.7,14.2
QIA,2026-06-25,1513,99,6.5,18,1.2,43,166,216,245,270,758,214,271,245,815,912,942,1028,214,271,2.8,11,14.3,14.1,16.2,53.9,60.3,14.1
QIA,2026-06-26,1464,100,6.8,4,0.3,24,160,216,249,266,735,208,255,113,790,867,918,1001,208,255,1.6,10.9,14.8,14.2,7.7,54,59.2,14.2
QIA,2026-06-27,1553,148,9.5,124,8,18,139,199,207,227,843,216,267,126,799,936,993,1070,216,267,1.2,9,12.8,13.9,8.1,51.4,60.3,13.9
QIA,2026-06-28,1398,176,12.6,125,8.9,14,138,158,174,186,792,139,281,75,770,869,906,978,139,281,1,9.9,11.3,9.9,5.4,55.1,62.2,9.9
QIA,2026-06-29,1399,128,9.1,39,2.8,29,134,173,195,204,631,176,388,210,654,734,767,835,176,388,2.1,9.6,12.4,12.6,15,46.7,52.5,12.6
QIA,2026-06-30,1522,135,8.9,100,6.6,43,186,242,248,264,766,206,286,218,814,915,960,1030,206,286,2.8,12.2,15.9,13.5,14.3,53.5,60.1,13.5
QIA,2026-07-01,1342,136,10.1,118,8.8,29,155,168,176,195,738,160,249,183,754,827,857,933,160,249,2.2,11.5,12.5,11.9,13.6,56.2,61.6,11.9
QIA,2026-07-02,1552,90,5.8,43,2.8,43,161,208,221,242,773,228,309,249,811,900,930,1015,228,309,2.8,10.4,13.4,14.7,16,52.3,58,14.7
QIA,2026-07-03,1295,76,5.9,1,0.1,13,112,161,185,195,648,194,258,68,649,721,772,843,194,258,1,8.6,12.4,15,5.3,50.1,55.7,15
QIA,2026-07-04,1281,94,7.3,0,0,9,101,148,183,191,689,160,241,86,650,747,809,880,160,241,0.7,7.9,11.6,12.5,6.7,50.7,58.3,12.5
QIA,2026-07-05,1292,125,9.7,1,0.1,8,101,150,156,160,703,170,259,62,648,756,800,863,170,259,0.6,7.8,11.6,13.2,4.8,50.2,58.5,13.2
QIA,2026-07-06,1290,131,10.2,97,7.5,26,121,140,147,154,724,125,287,242,712,785,819,878,125,287,2,9.4,10.9,9.7,18.8,55.2,60.9,9.7
QIA,2026-07-07,1480,165,11.1,111,7.5,37,146,171,181,184,830,164,302,227,808,901,948,1014,164,302,2.5,9.9,11.6,11.1,15.3,54.6,60.9,11.1
QIA,2026-07-08,1497,144,9.6,96,6.4,30,138,159,168,186,855,176,280,248,824,921,972,1041,176,280,2,9.2,10.6,11.8,16.6,55,61.5,11.8
QIA,2026-07-09,1612,119,7.4,35,2.2,48,151,196,225,246,849,202,315,283,865,966,1008,1095,202,315,3,9.4,12.2,12.5,17.6,53.7,59.9,12.5
QIA,2026-07-10,1560,132,8.5,2,0.1,27,169,212,247,259,793,209,299,149,796,905,962,1052,209,299,1.7,10.8,13.6,13.4,9.6,51,58,13.4
QIA,2026-07-11,1678,187,11.1,136,8.1,45,182,248,255,264,900,200,314,250,889,1030,1084,1164,200,314,2.7,10.8,14.8,11.9,14.9,53,61.4,11.9
QIA,2026-07-12,1507,198,13.1,131,8.7,19,125,141,146,162,884,160,301,107,808,925,967,1046,160,301,1.3,8.3,9.4,10.6,7.1,53.6,61.4,10.6
QIA,2026-07-13,1547,228,14.7,195,12.6,39,132,157,167,176,894,144,333,310,898,963,1004,1070,144,333,2.5,8.5,10.1,9.3,20,58,62.2,9.3
QIA,2026-07-14,1542,191,12.4,92,6,35,151,189,196,203,790,166,383,216,809,884,926,993,166,383,2.3,9.8,12.3,10.8,14,52.5,57.3,10.8
QIA,2026-07-15,1636,155,9.5,97,5.9,30,177,200,212,226,961,171,278,223,945,1034,1088,1187,171,278,1.8,10.8,12.2,10.5,13.6,57.8,63.2,10.5
QIA,2026-07-16,1464,116,7.9,64,4.4,25,140,206,222,240,779,202,243,203,807,902,930,1019,202,243,1.7,9.6,14.1,13.8,13.9,55.1,61.6,13.8
QIA,2026-07-17,1460,128,8.8,11,0.8,13,123,173,201,217,792,190,261,83,735,834,894,1009,190,261,0.9,8.4,11.8,13,5.7,50.3,57.1,13
QIA,2026-07-18,1485,155,10.4,119,8,17,153,208,220,238,823,187,237,88,766,885,950,1061,187,237,1.1,10.3,14,12.6,5.9,51.6,59.6,12.6
QIA,2026-07-19,1455,156,10.7,108,7.4,15,129,149,168,191,860,155,249,91,781,900,938,1051,155,249,1,8.9,10.2,10.7,6.3,53.7,61.9,10.7
QIA,2026-07-20,1538,129,8.4,77,5,24,148,190,210,233,854,174,277,152,793,905,971,1087,174,277,1.6,9.6,12.4,11.3,9.9,51.6,58.8,11.3
QIA,2026-07-21,1401,117,8.4,73,5.2,34,161,210,218,232,783,185,201,237,767,880,923,1015,185,201,2.4,11.5,15,13.2,16.9,54.7,62.8,13.2
QIA,2026-07-22,1703,139,8.2,110,6.5,37,183,240,245,263,974,205,261,195,929,1070,1114,1237,205,261,2.2,10.7,14.1,12,11.5,54.6,62.8,12
QIA,2026-07-23,1597,128,8,78,4.9,33,162,186,191,211,973,173,240,289,946,1034,1069,1184,173,240,2.1,10.1,11.6,10.8,18.1,59.2,64.7,10.8
QIA,2026-07-24,1606,108,6.7,5,0.3,17,169,232,272,287,857,195,267,85,865,967,1032,1144,195,267,1.1,10.5,14.4,12.1,5.3,53.9,60.2,12.1
QIA,2026-07-25,1584,89,5.6,60,3.8,23,165,249,256,267,870,174,273,108,826,1000,1043,1137,174,273,1.5,10.4,15.7,11,6.8,52.1,63.1,11
QIA,2026-07-26,1444,104,7.2,74,5.1,22,158,194,204,220,783,186,255,109,818,899,942,1003,186,255,1.5,10.9,13.4,12.9,7.5,56.6,62.3,12.9
QIA,2026-07-27,1452,105,7.2,64,4.4,29,155,188,207,221,690,146,395,208,740,821,861,911,146,395,2,10.7,12.9,10.1,14.3,51,56.5,10.1
QIA,2026-07-28,1423,62,4.4,19,1.3,39,177,245,256,272,771,182,198,201,815,948,990,1043,182,198,2.7,12.4,17.2,12.8,14.1,57.3,66.6,12.8
QIA,2026-07-29,1374,72,5.2,24,1.7,18,177,235,251,263,764,169,178,110,856,939,971,1027,169,178,1.3,12.9,17.1,12.3,8,62.3,68.3,12.3
QIA,2026-07-30,1437,163,11.3,131,9.1,22,158,207,212,228,809,174,226,142,839,937,970,1037,174,226,1.5,11,14.4,12.1,9.9,58.4,65.2,12.1
QIA,2026-07-31,1386,186,13.4,137,9.9,31,173,184,194,207,837,151,191,215,891,947,983,1044,151,191,2.2,12.5,13.3,10.9,15.5,64.3,68.3,10.9
QIA,2026-08-01,1419,104,7.3,4,0.3,13,141,209,253,283,741,201,194,77,781,911,955,1024,201,194,0.9,9.9,14.7,14.2,5.4,55,64.2,14.2
QIA,2026-08-02,1479,38,2.6,1,0.1,14,155,230,260,291,730,200,258,64,789,900,956,1021,200,258,0.9,10.5,15.6,13.5,4.3,53.3,60.9,13.5
QIA,2026-08-03,1343,52,3.9,16,1.2,33,146,200,232,257,666,191,229,213,751,847,880,923,191,229,2.5,10.9,14.9,14.2,15.9,55.9,63.1,14.2
QIA,2026-08-04,1377,45,3.3,9,0.7,33,151,210,231,255,668,200,254,199,768,861,887,923,200,254,2.4,11,15.3,14.5,14.5,55.8,62.5,14.5
QIA,2026-08-05,1568,40,2.6,20,1.3,43,167,223,252,263,782,222,301,266,896,973,1008,1045,222,301,2.7,10.7,14.2,14.2,17,57.1,62.1,14.2
QIA,2026-08-06,1727,35,2,14,0.8,29,188,265,295,305,867,203,352,195,1002,1104,1142,1172,203,352,1.7,10.9,15.3,11.8,11.3,58,63.9,11.8
QIA,2026-08-07,1585,17,1.1,3,0.2,21,188,226,259,259,733,195,398,91,848,926,992,992,195,398,1.3,11.9,14.3,12.3,5.7,53.5,58.4,12.3
QIA,2026-08-08,1544,3,0.2,3,0.2,29,157,220,220,220,740,169,415,179,830,960,960,960,169,415,1.9,10.2,14.2,10.9,11.6,53.8,62.2,10.9
QIA,2026-08-09,1611,6,0.4,6,0.4,21,159,159,159,159,764,115,573,108,922,923,923,923,115,573,1.3,9.9,9.9,7.1,6.7,57.2,57.3,7.1
QIA,2026-08-10,1483,0,0,0,0,35,35,35,35,35,203,24,1221,238,238,238,238,238,24,1221,2.4,2.4,2.4,1.6,16,16,16,1.6
QSP,2026-05-08,24,0,0,0,0,0,0,0,0,3,3,1,17,0,0,0,0,6,1,17,0,0,0,4.2,0,0,0,4.2
QSP,2026-05-09,87,0,0,0,0,0,0,0,0,11,22,1,53,0,0,0,0,33,1,53,0,0,0,1.1,0,0,0,1.1
QSP,2026-05-10,136,0,0,0,0,0,0,0,0,10,43,5,78,0,0,0,0,53,5,78,0,0,0,3.7,0,0,0,3.7
QSP,2026-05-11,32,1,3.1,0,0,0,0,0,0,3,15,1,13,0,0,0,10,18,1,13,0,0,0,3.1,0,0,0,3.1
QSP,2026-05-12,64,0,0,0,0,0,0,6,9,13,22,3,26,0,0,27,30,35,3,26,0,0,9.4,4.7,0,0,42.2,4.7
QSP,2026-05-13,49,1,2,0,0,0,8,15,16,17,16,7,9,0,26,27,29,33,7,9,0,16.3,30.6,14.3,0,53.1,55.1,14.3
QSP,2026-05-14,40,2,5,1,2.5,2,12,12,15,18,10,1,11,3,24,26,26,28,1,11,5,30,30,2.5,7.5,60,65,2.5
QSP,2026-05-15,29,0,0,0,0,4,11,12,14,16,6,4,3,7,17,17,19,22,4,3,13.8,37.9,41.4,13.8,24.1,58.6,58.6,13.8
QSP,2026-05-16,165,3,1.8,1,0.6,3,36,43,48,63,62,23,17,17,85,102,109,125,23,17,1.8,21.8,26.1,13.9,10.3,51.5,61.8,13.9
QSP,2026-05-17,115,1,0.9,1,0.9,1,30,34,39,47,31,18,19,1,60,66,74,78,18,19,0.9,26.1,29.6,15.7,0.9,52.2,57.4,15.7
QSP,2026-05-18,13,0,0,0,0,1,3,4,5,5,6,0,2,2,6,8,8,11,0,2,7.7,23.1,30.8,0,15.4,46.2,61.5,0
QSP,2026-05-19,153,0,0,0,0,8,30,39,44,55,57,23,18,38,83,93,99,112,23,18,5.2,19.6,25.5,15,24.8,54.2,60.8,15
QSP,2026-05-20,11,0,0,0,0,1,6,6,6,6,3,1,1,2,9,9,9,9,1,1,9.1,54.5,54.5,9.1,18.2,81.8,81.8,9.1
QSP,2026-05-21,139,1,0.7,0,0,12,28,40,41,46,55,16,22,29,80,93,94,101,16,22,8.6,20.1,28.8,11.5,20.9,57.6,66.9,11.5
QSP,2026-05-22,49,0,0,0,0,4,16,18,20,22,14,6,7,7,28,30,31,36,6,7,8.2,32.7,36.7,12.2,14.3,57.1,61.2,12.2
QSP,2026-05-23,162,0,0,0,0,1,42,49,55,69,53,17,23,5,85,105,109,122,17,23,0.6,25.9,30.2,10.5,3.1,52.5,64.8,10.5
QSP,2026-05-24,132,0,0,0,0,1,28,38,43,54,38,24,16,8,66,79,85,92,24,16,0.8,21.2,28.8,18.2,6.1,50,59.8,18.2
QSP,2026-05-25,15,0,0,0,0,2,7,9,9,12,0,1,2,3,8,10,10,12,1,2,13.3,46.7,60,6.7,20,53.3,66.7,6.7
QSP,2026-05-26,28,0,0,0,0,5,8,10,11,14,10,2,2,9,20,21,22,24,2,2,17.9,28.6,35.7,7.1,32.1,71.4,75,7.1
QSP,2026-05-27,100,1,1,1,1,4,24,31,36,44,28,14,14,11,56,64,68,72,14,14,4,24,31,14,11,56,64,14
QSP,2026-05-28,90,0,0,0,0,1,24,33,36,41,25,14,10,6,54,58,60,66,14,10,1.1,26.7,36.7,15.6,6.7,60,64.4,15.6
QSP,2026-05-29,111,0,0,0,0,4,33,47,53,59,27,8,17,5,66,75,80,86,8,17,3.6,29.7,42.3,7.2,4.5,59.5,67.6,7.2
QSP,2026-05-30,112,1,0.9,0,0,6,31,40,45,50,37,14,11,11,61,76,80,87,14,11,5.4,27.7,35.7,12.5,9.8,54.5,67.9,12.5
QSP,2026-05-31,91,0,0,0,0,0,21,35,38,41,27,8,15,0,54,62,66,68,8,15,0,23.1,38.5,8.8,0,59.3,68.1,8.8
QSP,2026-06-01,103,0,0,0,0,5,27,33,40,48,27,12,16,11,58,62,66,75,12,16,4.9,26.2,32,11.7,10.7,56.3,60.2,11.7
QSP,2026-06-02,749,7,0.9,4,0.5,7,139,190,214,256,291,105,97,16,403,464,491,547,105,97,0.9,18.6,25.4,14,2.1,53.8,61.9,14
QSP,2026-06-03,86,2,2.3,0,0,3,28,34,37,39,32,8,7,8,56,60,61,71,8,7,3.5,32.6,39.5,9.3,9.3,65.1,69.8,9.3
QSP,2026-06-04,108,1,0.9,1,0.9,2,30,36,40,50,27,11,20,5,60,68,68,77,11,20,1.9,27.8,33.3,10.2,4.6,55.6,63,10.2
QSP,2026-06-05,82,0,0,0,0,4,14,15,16,24,35,11,12,12,42,44,46,59,11,12,4.9,17.1,18.3,13.4,14.6,51.2,53.7,13.4
QSP,2026-06-06,119,0,0,0,0,8,30,38,42,53,31,13,22,15,59,63,68,84,13,22,6.7,25.2,31.9,10.9,12.6,49.6,52.9,10.9
QSP,2026-06-07,50,0,0,0,0,2,13,13,14,17,21,6,6,5,29,32,34,38,6,6,4,26,26,12,10,58,64,12
QSP,2026-06-08,66,2,3,0,0,5,17,23,24,29,22,6,9,7,36,45,48,51,6,9,7.6,25.8,34.8,9.1,10.6,54.5,68.2,9.1
QSP,2026-06-09,88,0,0,0,0,6,21,25,28,34,25,11,18,7,41,45,48,59,11,18,6.8,23.9,28.4,12.5,8,46.6,51.1,12.5
QSP,2026-06-10,132,1,0.8,0,0,2,27,32,38,50,48,16,18,3,62,76,80,98,16,18,1.5,20.5,24.2,12.1,2.3,47,57.6,12.1
QSP,2026-06-11,104,0,0,0,0,1,28,33,40,47,35,13,9,6,57,69,72,82,13,9,1,26.9,31.7,12.5,5.8,54.8,66.3,12.5
QSP,2026-06-12,198,1,0.5,0,0,7,47,55,60,75,64,24,35,14,106,115,124,139,24,35,3.5,23.7,27.8,12.1,7.1,53.5,58.1,12.1
QSP,2026-06-13,95,2,2.1,1,1.1,4,21,32,34,38,29,12,16,8,48,57,59,67,12,16,4.2,22.1,33.7,12.6,8.4,50.5,60,12.6
QSP,2026-06-14,94,2,2.1,0,0,7,25,30,36,47,27,9,11,14,50,59,66,74,9,11,7.4,26.6,31.9,9.6,14.9,53.2,62.8,9.6
QSP,2026-06-15,183,2,1.1,1,0.5,3,34,46,56,74,52,30,27,6,91,104,111,126,30,27,1.6,18.6,25.1,16.4,3.3,49.7,56.8,16.4
QSP,2026-06-16,167,3,1.8,1,0.6,3,36,46,54,67,60,26,14,12,89,100,109,127,26,14,1.8,21.6,27.5,15.6,7.2,53.3,59.9,15.6
QSP,2026-06-17,96,0,0,0,0,1,29,36,40,46,29,5,16,7,57,61,64,75,5,16,1,30.2,37.5,5.2,7.3,59.4,63.5,5.2
QSP,2026-06-18,272,3,1.1,2,0.7,2,45,62,73,104,91,30,47,7,144,167,173,195,30,47,0.7,16.5,22.8,11,2.6,52.9,61.4,11
QSP,2026-06-19,768,13,1.7,8,1,11,125,166,192,233,304,104,127,48,409,446,472,537,104,127,1.4,16.3,21.6,13.5,6.3,53.3,58.1,13.5
QSP,2026-06-20,227,1,0.4,0,0,7,42,52,60,75,78,38,36,10,105,126,139,153,38,36,3.1,18.5,22.9,16.7,4.4,46.3,55.5,16.7
QSP,2026-06-21,187,5,2.7,2,1.1,0,28,36,41,55,59,40,33,7,81,93,104,114,40,33,0,15,19.3,21.4,3.7,43.3,49.7,21.4
QSP,2026-06-22,134,2,1.5,2,1.5,3,30,38,43,50,44,15,25,9,66,81,83,94,15,25,2.2,22.4,28.4,11.2,6.7,49.3,60.4,11.2
QSP,2026-06-23,386,7,1.8,5,1.3,4,79,99,110,127,159,45,55,14,222,255,268,286,45,55,1,20.5,25.6,11.7,3.6,57.5,66.1,11.7
QSP,2026-06-24,123,4,3.3,1,0.8,9,35,47,51,59,32,12,20,17,70,81,85,91,12,20,7.3,28.5,38.2,9.8,13.8,56.9,65.9,9.8
QSP,2026-06-25,256,0,0,0,0,0,41,53,62,81,98,41,36,4,118,141,146,179,41,36,0,16,20.7,16,1.6,46.1,55.1,16
QSP,2026-06-26,83,0,0,0,0,5,19,23,27,32,22,10,19,10,40,45,49,54,10,19,6,22.9,27.7,12,12,48.2,54.2,12
QSP,2026-06-27,141,2,1.4,0,0,7,35,44,49,57,49,17,18,12,78,86,95,106,17,18,5,24.8,31.2,12.1,8.5,55.3,61,12.1
QSP,2026-06-28,70,0,0,0,0,2,21,27,31,35,14,10,11,4,42,44,45,49,10,11,2.9,30,38.6,14.3,5.7,60,62.9,14.3
QSP,2026-06-29,129,2,1.6,0,0,4,35,41,50,54,42,12,21,7,79,84,89,96,12,21,3.1,27.1,31.8,9.3,5.4,61.2,65.1,9.3
QSP,2026-06-30,550,9,1.6,2,0.4,10,95,131,147,173,199,68,110,29,283,315,335,372,68,110,1.8,17.3,23.8,12.4,5.3,51.5,57.3,12.4
QSP,2026-07-01,193,1,0.5,1,0.5,2,38,53,59,69,69,24,31,9,106,120,124,138,24,31,1,19.7,27.5,12.4,4.7,54.9,62.2,12.4
QSP,2026-07-02,155,1,0.6,0,0,2,34,44,50,58,48,23,26,6,78,89,91,106,23,26,1.3,21.9,28.4,14.8,3.9,50.3,57.4,14.8
QSP,2026-07-03,229,5,2.2,0,0,4,44,57,65,73,88,28,40,16,130,143,145,161,28,40,1.7,19.2,24.9,12.2,7,56.8,62.4,12.2
QSP,2026-07-04,162,4,2.5,4,2.5,2,31,39,44,52,51,28,31,7,81,93,99,103,28,31,1.2,19.1,24.1,17.3,4.3,50,57.4,17.3
QSP,2026-07-05,95,1,1.1,1,1.1,3,29,36,38,43,27,4,21,7,48,56,60,70,4,21,3.2,30.5,37.9,4.2,7.4,50.5,58.9,4.2
QSP,2026-07-06,180,4,2.2,2,1.1,2,35,43,51,61,67,19,33,4,97,109,117,128,19,33,1.1,19.4,23.9,10.6,2.2,53.9,60.6,10.6
QSP,2026-07-07,488,15,3.1,4,0.8,4,92,121,137,159,163,61,105,15,234,267,289,322,61,105,0.8,18.9,24.8,12.5,3.1,48,54.7,12.5
QSP,2026-07-08,199,7,3.5,1,0.5,5,39,50,58,66,80,16,37,17,114,124,130,146,16,37,2.5,19.6,25.1,8,8.5,57.3,62.3,8
QSP,2026-07-09,106,5,4.7,0,0,0,25,32,35,42,34,16,14,7,58,65,70,76,16,14,0,23.6,30.2,15.1,6.6,54.7,61.3,15.1
QSP,2026-07-10,86,5,5.8,0,0,2,25,28,30,36,24,12,14,4,50,52,52,60,12,14,2.3,29.1,32.6,14,4.7,58.1,60.5,14
QSP,2026-07-11,147,8,5.4,0,0,1,35,49,51,59,54,12,22,8,86,99,101,113,12,22,0.7,23.8,33.3,8.2,5.4,58.5,67.3,8.2
QSP,2026-07-12,101,2,2,0,0,5,25,33,39,42,35,8,16,7,59,69,73,77,8,16,5,24.8,32.7,7.9,6.9,58.4,68.3,7.9
QSP,2026-07-13,100,3,3,0,0,1,31,40,45,47,26,10,17,4,65,69,70,73,10,17,1,31,40,10,4,65,69,10
QSP,2026-07-14,165,6,3.6,0,0,4,44,61,66,73,48,22,22,7,92,100,106,121,22,22,2.4,26.7,37,13.3,4.2,55.8,60.6,13.3
QSP,2026-07-15,158,6,3.8,0,0,4,32,48,53,58,51,21,28,10,82,91,99,109,21,28,2.5,20.3,30.4,13.3,6.3,51.9,57.6,13.3
QSP,2026-07-16,208,15,7.2,1,0.5,1,45,57,62,70,86,21,31,6,114,128,138,156,21,31,0.5,21.6,27.4,10.1,2.9,54.8,61.5,10.1
QSP,2026-07-17,73,8,11,0,0,2,18,21,22,24,36,5,8,8,45,48,53,60,5,8,2.7,24.7,28.8,6.8,11,61.6,65.8,6.8
QSP,2026-07-18,188,18,9.6,14,7.4,4,44,61,61,68,76,13,31,8,110,125,131,144,13,31,2.1,23.4,32.4,6.9,4.3,58.5,66.5,6.9
QSP,2026-07-19,83,8,9.6,5,6,6,27,30,33,34,35,5,9,11,51,60,63,69,5,9,7.2,32.5,36.1,6,13.3,61.4,72.3,6
QSP,2026-07-20,127,9,7.1,3,2.4,2,25,31,34,37,51,10,29,8,68,79,79,88,10,29,1.6,19.7,24.4,7.9,6.3,53.5,62.2,7.9
QSP,2026-07-21,185,9,4.9,6,3.2,4,41,56,60,63,69,25,28,9,102,116,121,132,25,28,2.2,22.2,30.3,13.5,4.9,55.1,62.7,13.5
QSP,2026-07-22,176,16,9.1,9,5.1,1,42,51,53,56,74,16,30,8,97,112,115,130,16,30,0.6,23.9,29,9.1,4.5,55.1,63.6,9.1
QSP,2026-07-23,439,41,9.3,23,5.2,9,98,114,119,131,204,33,71,21,257,293,306,335,33,71,2.1,22.3,26,7.5,4.8,58.5,66.7,7.5
QSP,2026-07-24,179,5,2.8,0,0,4,36,45,52,58,68,21,32,7,92,104,114,126,21,32,2.2,20.1,25.1,11.7,3.9,51.4,58.1,11.7
QSP,2026-07-25,194,12,6.2,10,5.2,5,38,52,54,59,81,15,39,11,111,128,133,140,15,39,2.6,19.6,26.8,7.7,5.7,57.2,66,7.7
QSP,2026-07-26,59,4,6.8,2,3.4,1,15,21,22,26,18,4,11,4,35,40,41,44,4,11,1.7,25.4,35.6,6.8,6.8,59.3,67.8,6.8
QSP,2026-07-27,83,1,1.2,0,0,4,26,32,39,40,20,6,17,7,53,55,57,60,6,17,4.8,31.3,38.6,7.2,8.4,63.9,66.3,7.2
QSP,2026-07-28,197,8,4.1,4,2,2,42,57,61,70,74,21,32,6,108,126,129,144,21,32,1,21.3,28.9,10.7,3,54.8,64,10.7
QSP,2026-07-29,129,9,7,3,2.3,1,33,45,48,49,47,13,20,3,81,91,94,96,13,20,0.8,25.6,34.9,10.1,2.3,62.8,70.5,10.1
QSP,2026-07-30,160,11,6.9,7,4.4,6,43,57,57,62,55,15,28,15,92,107,108,117,15,28,3.8,26.9,35.6,9.4,9.4,57.5,66.9,9.4
QSP,2026-07-31,108,5,4.6,4,3.7,2,33,37,38,40,42,10,16,8,71,74,78,82,10,16,1.9,30.6,34.3,9.3,7.4,65.7,68.5,9.3
QSP,2026-08-01,113,4,3.5,0,0,3,37,44,49,60,34,6,13,10,68,78,84,94,6,13,2.7,32.7,38.9,5.3,8.8,60.2,69,5.3
QSP,2026-08-02,41,2,4.9,0,0,2,13,16,17,20,11,6,4,6,25,29,29,31,6,4,4.9,31.7,39,14.6,14.6,61,70.7,14.6
QSP,2026-08-03,163,2,1.2,1,0.6,7,47,64,68,80,41,14,28,16,98,104,111,121,14,28,4.3,28.8,39.3,8.6,9.8,60.1,63.8,8.6
QSP,2026-08-04,124,1,0.8,0,0,5,33,46,51,59,33,12,20,8,75,83,88,92,12,20,4,26.6,37.1,9.7,6.5,60.5,66.9,9.7
QSP,2026-08-05,104,5,4.8,3,2.9,0,36,47,50,52,33,3,16,2,75,81,83,85,3,16,0,34.6,45.2,2.9,1.9,72.1,77.9,2.9
QSP,2026-08-06,163,1,0.6,1,0.6,2,36,44,48,50,63,16,34,7,90,105,106,113,16,34,1.2,22.1,27,9.8,4.3,55.2,64.4,9.8
QSP,2026-08-07,88,1,1.1,0,0,1,20,30,36,36,29,5,18,2,51,59,65,65,5,18,1.1,22.7,34.1,5.7,2.3,58,67,5.7
QSP,2026-08-08,155,0,0,0,0,5,29,43,43,43,50,13,49,9,79,93,93,93,13,49,3.2,18.7,27.7,8.4,5.8,51,60,8.4
QSP,2026-08-09,76,0,0,0,0,3,28,28,28,28,23,4,21,4,51,51,51,51,4,21,3.9,36.8,36.8,5.3,5.3,67.1,67.1,5.3
QSP,2026-08-10,118,0,0,0,0,2,2,2,2,2,4,1,111,6,6,6,6,6,1,111,1.7,1.7,1.7,0.8,5.1,5.1,5.1,0.8
RAC,2026-05-12,3376,58,1.7,1,0,0,0,112,165,250,1771,0,1355,0,0,1313,1561,2019,0,1357,0,0,3.3,0,0,0,38.9,0
RAC,2026-05-13,3744,95,2.5,1,0,0,194,321,374,467,2145,0,1132,0,1765,2113,2247,2608,0,1136,0,5.2,8.6,0,0,47.1,56.4,0
RAC,2026-05-14,3181,71,2.2,13,0.4,202,346,432,475,559,1998,0,624,1398,2064,2237,2302,2557,0,624,6.4,10.9,13.6,0,43.9,64.9,70.3,0
RAC,2026-05-15,2602,53,2,4,0.2,219,350,430,470,540,1690,0,372,1435,1872,1965,2048,2230,0,372,8.4,13.5,16.5,0,55.1,71.9,75.5,0
RAC,2026-05-16,3831,185,4.8,87,2.3,208,366,465,514,577,1905,0,1349,1300,1874,2081,2194,2482,0,1349,5.4,9.6,12.1,0,33.9,48.9,54.3,0
RAC,2026-05-17,2507,195,7.8,190,7.6,13,20,26,33,40,421,0,2046,125,186,206,222,461,0,2046,0.5,0.8,1,0,5,7.4,8.2,0
RAC,2026-05-18,4260,269,6.3,199,4.7,56,213,298,338,406,1673,0,2181,523,1356,1517,1637,2079,0,2181,1.3,5,7,0,12.3,31.8,35.6,0
RAC,2026-05-19,3700,99,2.7,4,0.1,252,460,578,598,663,2304,0,733,1700,2256,2513,2645,2967,0,733,6.8,12.4,15.6,0,45.9,61,67.9,0
RAC,2026-05-20,4158,203,4.9,179,4.3,332,571,617,643,712,2820,0,626,2040,2888,3120,3233,3532,0,626,8,13.7,14.8,0,49.1,69.5,75,0
RAC,2026-05-21,3086,134,4.3,120,3.9,264,342,376,395,463,2201,0,422,1739,2227,2367,2430,2664,0,422,8.6,11.1,12.2,0,56.4,72.2,76.7,0
RAC,2026-05-22,3145,26,0.8,0,0,235,400,489,549,634,2148,0,363,1719,2348,2491,2569,2782,0,363,7.5,12.7,15.5,0,54.7,74.7,79.2,0
RAC,2026-05-23,4498,44,1,1,0,362,629,786,850,972,2982,0,544,2524,3168,3470,3609,3954,0,544,8,14,17.5,0,56.1,70.4,77.1,0
RAC,2026-05-24,3160,48,1.5,0,0,231,409,505,552,643,2036,0,481,1553,2155,2343,2452,2679,0,481,7.3,12.9,16,0,49.1,68.2,74.1,0
RAC,2026-05-25,3514,52,1.5,2,0.1,240,429,552,604,694,2314,0,506,1800,2450,2657,2741,3008,0,506,6.8,12.2,15.7,0,51.2,69.7,75.6,0
RAC,2026-05-26,3292,40,1.2,0,0,357,525,615,653,743,2038,0,511,1837,2345,2463,2505,2781,0,511,10.8,15.9,18.7,0,55.8,71.2,74.8,0
RAC,2026-05-27,3546,59,1.7,0,0,307,498,619,679,821,2117,0,608,1875,2341,2498,2623,2938,0,608,8.7,14,17.5,0,52.9,66,70.4,0
RAC,2026-05-28,5310,114,2.1,0,0,420,732,913,999,1214,3237,0,859,2187,3402,3767,3911,4451,0,859,7.9,13.8,17.2,0,41.2,64.1,70.9,0
RAC,2026-05-29,2941,73,2.5,0,0,209,371,474,510,606,1863,0,472,1449,1985,2114,2203,2469,0,472,7.1,12.6,16.1,0,49.3,67.5,71.9,0
RAC,2026-05-30,3657,109,3,0,0,278,451,571,626,750,2295,0,612,1833,2384,2571,2717,3045,0,612,7.6,12.3,15.6,0,50.1,65.2,70.3,0
RAC,2026-05-31,3845,136,3.5,1,0,288,475,579,650,760,2396,0,689,1645,2392,2647,2803,3156,0,689,7.5,12.4,15.1,0,42.8,62.2,68.8,0
RAC,2026-06-01,2968,133,4.5,0,0,170,307,376,413,483,1960,0,525,1353,1913,2108,2198,2443,0,525,5.7,10.3,12.7,0,45.6,64.5,71,0
RAC,2026-06-02,2395,89,3.7,0,0,202,359,450,492,545,1500,0,350,1342,1719,1823,1881,2045,0,350,8.4,15,18.8,0,56,71.8,76.1,0
RAC,2026-06-03,2040,98,4.8,0,0,124,246,302,343,401,1275,0,364,759,1301,1422,1488,1676,0,364,6.1,12.1,14.8,0,37.2,63.8,69.7,0
RAC,2026-06-04,2228,105,4.7,0,0,230,375,466,489,556,1333,0,339,1201,1605,1704,1739,1889,0,339,10.3,16.8,20.9,0,53.9,72,76.5,0
RAC,2026-06-05,3540,188,5.3,0,0,256,432,526,574,665,2104,0,771,1632,2232,2363,2475,2769,0,771,7.2,12.2,14.9,0,46.1,63.1,66.8,0
RAC,2026-06-06,1995,144,7.2,0,0,145,209,257,284,329,1212,0,454,940,1176,1289,1357,1541,0,454,7.3,10.5,12.9,0,47.1,58.9,64.6,0
RAC,2026-06-07,2237,125,5.6,2,0.1,112,186,227,251,327,1398,0,512,765,1263,1393,1481,1725,0,512,5,8.3,10.1,0,34.2,56.5,62.3,0
RAC,2026-06-08,2217,144,6.5,4,0.2,118,185,237,263,324,1345,0,548,926,1221,1342,1408,1669,0,548,5.3,8.3,10.7,0,41.8,55.1,60.5,0
RAC,2026-06-09,3864,189,4.9,10,0.3,136,262,351,395,480,2634,0,750,819,2262,2571,2704,3114,0,750,3.5,6.8,9.1,0,21.2,58.5,66.5,0
RAC,2026-06-10,4944,286,5.8,10,0.2,187,325,405,436,514,3514,0,916,2360,3239,3470,3598,4028,0,916,3.8,6.6,8.2,0,47.7,65.5,70.2,0
RAC,2026-06-11,2053,119,5.8,3,0.1,166,278,315,332,380,1274,0,399,948,1268,1363,1414,1654,0,399,8.1,13.5,15.3,0,46.2,61.8,66.4,0
RAE,2026-07-15,1,0,0,0,0,0,0,0,0,0,1,0,0,0,1,1,1,1,0,0,0,0,0,0,0,100,100,0
RAP,2026-05-08,2,0,0,0,0,0,0,0,0,0,2,0,0,0,0,0,0,2,0,0,0,0,0,0,0,0,0,0
RAP,2026-05-12,1,0,0,0,0,0,0,0,0,0,1,0,0,0,0,0,0,1,0,0,0,0,0,0,0,0,0,0
RAP,2026-05-16,3,1,33.3,1,33.3,0,0,0,0,0,1,0,2,0,0,1,1,1,0,2,0,0,0,0,0,0,33.3,0
RAP,2026-05-18,7,2,28.6,2,28.6,0,0,0,0,0,0,0,7,0,0,0,0,0,0,7,0,0,0,0,0,0,0,0
RAP,2026-05-19,3,0,0,0,0,0,0,0,0,0,0,0,3,0,0,0,0,0,0,3,0,0,0,0,0,0,0,0
RAP,2026-05-20,16,2,12.5,2,12.5,0,0,0,0,0,0,0,16,0,0,0,0,0,0,16,0,0,0,0,0,0,0,0
RAP,2026-06-04,5,1,20,1,20,0,0,0,0,0,0,0,5,0,0,0,0,0,0,5,0,0,0,0,0,0,0,0
RAP,2026-06-19,4,0,0,0,0,0,0,0,0,0,1,1,2,0,1,1,1,1,1,2,0,0,0,25,0,25,25,25
RAP,2026-06-23,2,0,0,0,0,0,0,0,0,0,1,1,0,1,1,1,1,1,1,0,0,0,0,50,50,50,50,50
RAP,2026-07-15,4,1,25,1,25,0,0,0,0,0,2,0,2,0,1,1,1,2,0,2,0,0,0,0,0,25,25,0
RAP,2026-07-22,7,0,0,0,0,0,0,0,0,0,2,0,5,0,0,0,0,2,0,5,0,0,0,0,0,0,0,0
RAP,2026-08-07,2,1,50,1,50,0,0,0,0,0,0,0,2,0,0,0,0,0,0,2,0,0,0,0,0,0,0,0
RAP,2026-08-08,2,0,0,0,0,0,0,0,0,0,0,0,2,0,0,0,0,0,0,2,0,0,0,0,0,0,0,0
RAP,2026-08-10,3,0,0,0,0,0,0,0,0,0,0,0,3,0,0,0,0,0,0,3,0,0,0,0,0,0,0,0
RDT,2026-05-08,10,0,0,0,0,0,0,0,0,0,0,0,10,0,0,0,0,0,0,10,0,0,0,0,0,0,0,0
RDT,2026-05-09,30,1,3.3,0,0,0,0,0,0,2,0,0,28,0,0,0,0,2,0,28,0,0,0,0,0,0,0,0
RDT,2026-05-11,52,0,0,0,0,0,0,0,2,10,7,0,35,0,0,0,9,17,0,35,0,0,0,0,0,0,0,0
RDT,2026-05-12,18,0,0,0,0,0,0,3,4,6,0,1,11,0,0,3,5,6,1,11,0,0,16.7,5.6,0,0,16.7,5.6
RDT,2026-05-13,36,0,0,0,0,0,16,20,22,27,4,3,2,0,23,28,28,31,3,2,0,44.4,55.6,8.3,0,63.9,77.8,8.3
RDT,2026-05-14,66,0,0,0,0,6,37,44,47,50,10,4,2,8,53,57,57,60,4,2,9.1,56.1,66.7,6.1,12.1,80.3,86.4,6.1
RDT,2026-05-15,21,0,0,0,0,4,13,16,17,20,1,0,0,5,18,19,19,21,0,0,19,61.9,76.2,0,23.8,85.7,90.5,0
RDT,2026-05-16,21,0,0,0,0,3,8,14,14,16,3,1,1,5,14,18,18,19,1,1,14.3,38.1,66.7,4.8,23.8,66.7,85.7,4.8
RDT,2026-05-18,18,1,5.6,0,0,3,13,14,14,14,3,1,0,3,14,17,17,17,1,0,16.7,72.2,77.8,5.6,16.7,77.8,94.4,5.6
RDT,2026-05-19,22,0,0,0,0,1,9,12,15,16,3,1,2,4,16,19,19,19,1,2,4.5,40.9,54.5,4.5,18.2,72.7,86.4,4.5
RDT,2026-05-20,17,0,0,0,0,0,10,11,12,13,3,0,1,0,13,14,14,16,0,1,0,58.8,64.7,0,0,76.5,82.4,0
RDT,2026-05-21,12,0,0,0,0,3,8,9,10,10,0,0,2,3,9,10,10,10,0,2,25,66.7,75,0,25,75,83.3,0
RDT,2026-05-22,13,0,0,0,0,3,10,11,11,11,1,0,1,3,11,11,11,12,0,1,23.1,76.9,84.6,0,23.1,84.6,84.6,0
RDT,2026-05-23,19,0,0,0,0,1,7,9,10,11,4,2,2,4,12,12,13,15,2,2,5.3,36.8,47.4,10.5,21.1,63.2,63.2,10.5
RDT,2026-05-25,24,0,0,0,0,5,16,18,19,20,3,1,0,7,21,22,23,23,1,0,20.8,66.7,75,4.2,29.2,87.5,91.7,4.2
RDT,2026-05-26,23,0,0,0,0,2,11,15,15,16,3,3,1,2,16,17,17,19,3,1,8.7,47.8,65.2,13,8.7,69.6,73.9,13
RDT,2026-05-27,12,0,0,0,0,0,7,8,8,9,2,1,0,0,8,8,8,11,1,0,0,58.3,66.7,8.3,0,66.7,66.7,8.3
RDT,2026-05-29,21,0,0,0,0,2,12,15,15,16,3,2,0,3,15,19,19,19,2,0,9.5,57.1,71.4,9.5,14.3,71.4,90.5,9.5
RDT,2026-05-30,6,0,0,0,0,1,4,5,5,5,0,0,1,1,5,5,5,5,0,1,16.7,66.7,83.3,0,16.7,83.3,83.3,0
RDT,2026-06-01,17,0,0,0,0,3,8,11,12,14,1,1,1,3,12,12,13,15,1,1,17.6,47.1,64.7,5.9,17.6,70.6,70.6,5.9
RDT,2026-06-02,13,0,0,0,0,2,7,9,10,11,2,0,0,4,12,13,13,13,0,0,15.4,53.8,69.2,0,30.8,92.3,100,0
RDT,2026-06-03,15,0,0,0,0,2,7,10,11,11,4,0,0,3,14,15,15,15,0,0,13.3,46.7,66.7,0,20,93.3,100,0
RDT,2026-06-04,3,0,0,0,0,1,2,2,2,3,0,0,0,1,2,3,3,3,0,0,33.3,66.7,66.7,0,33.3,66.7,100,0
RDT,2026-06-05,3,1,33.3,0,0,0,1,1,1,1,1,0,1,0,2,2,2,2,0,1,0,33.3,33.3,0,0,66.7,66.7,0
RDT,2026-06-08,1,1,100,0,0,0,0,0,0,0,1,0,0,0,1,1,1,1,0,0,0,0,0,0,0,100,100,0
RDT,2026-06-09,2,0,0,0,0,0,0,0,1,1,1,0,0,0,0,0,1,2,0,0,0,0,0,0,0,0,0,0
RDT,2026-06-10,2,0,0,0,0,0,0,1,1,1,1,0,0,0,2,2,2,2,0,0,0,0,50,0,0,100,100,0
RDT,2026-06-11,1,0,0,0,0,0,0,0,0,1,0,0,0,0,0,0,0,1,0,0,0,0,0,0,0,0,0,0
RDT,2026-06-15,3,0,0,0,0,0,2,2,2,2,1,0,0,0,2,2,3,3,0,0,0,66.7,66.7,0,0,66.7,66.7,0
RDT,2026-06-16,2,0,0,0,0,0,2,2,2,2,0,0,0,0,2,2,2,2,0,0,0,100,100,0,0,100,100,0
RDT,2026-06-22,1,0,0,0,0,0,0,0,0,0,0,0,1,0,0,0,0,0,0,1,0,0,0,0,0,0,0,0
RDT,2026-06-27,1,0,0,0,0,0,1,1,1,1,0,0,0,0,1,1,1,1,0,0,0,100,100,0,0,100,100,0
RDT,2026-06-30,1,0,0,0,0,1,1,1,1,1,0,0,0,1,1,1,1,1,0,0,100,100,100,0,100,100,100,0
RDT,2026-07-04,2,0,0,0,0,0,0,0,0,0,0,0,2,0,0,0,0,0,0,2,0,0,0,0,0,0,0,0
RDT,2026-07-05,1,0,0,0,0,0,0,0,0,0,0,1,0,0,0,0,0,0,1,0,0,0,0,100,0,0,0,100
RDT,2026-07-07,3,0,0,0,0,0,0,2,2,2,1,0,0,0,2,2,2,3,0,0,0,0,66.7,0,0,66.7,66.7,0
RDT,2026-07-09,1,0,0,0,0,0,0,0,0,1,0,0,0,0,0,0,0,1,0,0,0,0,0,0,0,0,0,0
RDT,2026-07-10,1,0,0,0,0,0,0,0,0,0,1,0,0,0,0,0,0,1,0,0,0,0,0,0,0,0,0,0
RDT,2026-07-13,1,0,0,0,0,0,1,1,1,1,0,0,0,0,1,1,1,1,0,0,0,100,100,0,0,100,100,0
RDT,2026-07-14,1,0,0,0,0,0,0,0,1,1,0,0,0,0,0,0,1,1,0,0,0,0,0,0,0,0,0,0
RDT,2026-07-15,1,0,0,0,0,0,0,0,1,1,0,0,0,0,0,0,1,1,0,0,0,0,0,0,0,0,0,0
RDT,2026-07-21,1,0,0,0,0,0,0,1,1,1,0,0,0,0,0,1,1,1,0,0,0,0,100,0,0,0,100,0
RDT,2026-07-23,2,0,0,0,0,0,0,0,0,1,1,0,0,0,1,1,1,2,0,0,0,0,0,0,0,50,50,0
RDT,2026-07-27,1,0,0,0,0,0,0,0,0,1,0,0,0,0,0,0,0,1,0,0,0,0,0,0,0,0,0,0
RDT,2026-07-28,3,0,0,0,0,0,0,1,1,2,1,0,0,0,0,2,2,3,0,0,0,0,33.3,0,0,0,66.7,0
RDT,2026-07-29,2,0,0,0,0,0,1,1,1,1,1,0,0,0,1,2,2,2,0,0,0,50,50,0,0,50,100,0
RDT,2026-07-30,3,0,0,0,0,0,2,2,2,3,0,0,0,0,2,2,2,3,0,0,0,66.7,66.7,0,0,66.7,66.7,0
RDT,2026-07-31,1,0,0,0,0,0,0,0,0,0,0,0,1,0,0,0,0,0,0,1,0,0,0,0,0,0,0,0
RDT,2026-08-03,4,0,0,0,0,0,0,0,0,0,3,0,1,0,2,2,2,3,0,1,0,0,0,0,0,50,50,0
RDT,2026-08-04,2,0,0,0,0,1,1,1,1,1,1,0,0,1,2,2,2,2,0,0,50,50,50,0,50,100,100,0
RDT,2026-08-06,1,0,0,0,0,0,0,0,0,0,0,0,1,0,0,0,0,0,0,1,0,0,0,0,0,0,0,0
RDT,2026-08-10,1,0,0,0,0,0,0,0,0,0,0,0,1,0,0,0,0,0,0,1,0,0,0,0,0,0,0,0
REF,2026-05-08,1,0,0,0,0,0,0,0,0,0,0,0,1,0,0,0,0,0,0,1,0,0,0,0,0,0,0,0
REF,2026-05-11,5,0,0,0,0,0,0,0,1,2,0,0,3,0,0,0,2,2,0,3,0,0,0,0,0,0,0,0
REF,2026-05-12,4,0,0,0,0,0,0,1,1,2,0,0,2,0,0,1,1,2,0,2,0,0,25,0,0,0,25,0
REF,2026-05-13,5,0,0,0,0,0,3,3,3,3,1,0,1,0,3,4,4,4,0,1,0,60,60,0,0,60,80,0
REF,2026-05-15,2,0,0,0,0,0,1,2,2,2,0,0,0,0,2,2,2,2,0,0,0,50,100,0,0,100,100,0
REF,2026-05-18,1,0,0,0,0,0,0,0,1,1,0,0,0,0,1,1,1,1,0,0,0,0,0,0,0,100,100,0
REF,2026-05-19,3,0,0,0,0,0,1,1,1,1,1,0,1,1,2,2,2,2,0,1,0,33.3,33.3,0,33.3,66.7,66.7,0
REF,2026-05-20,4,0,0,0,0,0,3,4,4,4,0,0,0,1,4,4,4,4,0,0,0,75,100,0,25,100,100,0
REF,2026-05-21,6,0,0,0,0,1,3,6,6,6,0,0,0,1,3,6,6,6,0,0,16.7,50,100,0,16.7,50,100,0
REF,2026-05-22,1,0,0,0,0,0,0,0,0,1,0,0,0,0,0,0,0,1,0,0,0,0,0,0,0,0,0,0
REF,2026-05-23,3,0,0,0,0,0,1,1,1,3,0,0,0,0,2,2,2,3,0,0,0,33.3,33.3,0,0,66.7,66.7,0
REF,2026-05-25,4,0,0,0,0,0,3,4,4,4,0,0,0,0,4,4,4,4,0,0,0,75,100,0,0,100,100,0
REF,2026-05-26,2,0,0,0,0,1,2,2,2,2,0,0,0,1,2,2,2,2,0,0,50,100,100,0,50,100,100,0
REF,2026-05-28,3,0,0,0,0,0,1,2,3,3,0,0,0,0,2,2,3,3,0,0,0,33.3,66.7,0,0,66.7,66.7,0
REF,2026-05-29,3,0,0,0,0,0,1,1,1,2,0,1,0,1,2,2,2,2,1,0,0,33.3,33.3,33.3,33.3,66.7,66.7,33.3
REF,2026-05-30,1,0,0,0,0,0,0,0,0,1,0,0,0,0,0,0,0,1,0,0,0,0,0,0,0,0,0,0
REF,2026-06-03,3,0,0,0,0,0,0,2,3,3,0,0,0,0,0,2,3,3,0,0,0,0,66.7,0,0,0,66.7,0
REF,2026-06-04,2,0,0,0,0,0,1,1,1,2,0,0,0,0,1,2,2,2,0,0,0,50,50,0,0,50,100,0
REF,2026-06-05,2,0,0,0,0,1,1,1,1,1,0,0,1,1,1,1,1,1,0,1,50,50,50,0,50,50,50,0
REF,2026-06-09,3,0,0,0,0,1,3,3,3,3,0,0,0,1,3,3,3,3,0,0,33.3,100,100,0,33.3,100,100,0
REF,2026-06-13,8,0,0,0,0,4,7,7,7,7,1,0,0,5,8,8,8,8,0,0,50,87.5,87.5,0,62.5,100,100,0
REF,2026-06-16,3,0,0,0,0,1,2,3,3,3,0,0,0,2,3,3,3,3,0,0,33.3,66.7,100,0,66.7,100,100,0
REF,2026-06-18,1,0,0,0,0,0,0,1,1,1,0,0,0,0,0,1,1,1,0,0,0,0,100,0,0,0,100,0
REF,2026-06-24,2,0,0,0,0,0,0,0,0,0,2,0,0,2,2,2,2,2,0,0,0,0,0,0,100,100,100,0
REF,2026-06-25,2,0,0,0,0,1,1,1,1,1,0,1,0,1,1,1,1,1,1,0,50,50,50,50,50,50,50,50
REF,2026-06-26,1,0,0,0,0,0,1,1,1,1,0,0,0,0,1,1,1,1,0,0,0,100,100,0,0,100,100,0
REF,2026-06-29,4,0,0,0,0,1,4,4,4,4,0,0,0,1,4,4,4,4,0,0,25,100,100,0,25,100,100,0
REF,2026-06-30,1,0,0,0,0,0,1,1,1,1,0,0,0,0,1,1,1,1,0,0,0,100,100,0,0,100,100,0
REF,2026-07-01,1,0,0,0,0,0,1,1,1,1,0,0,0,0,1,1,1,1,0,0,0,100,100,0,0,100,100,0
REF,2026-07-02,1,0,0,0,0,0,0,0,0,0,1,0,0,0,0,0,0,1,0,0,0,0,0,0,0,0,0,0
REF,2026-07-04,1,0,0,0,0,0,1,1,1,1,0,0,0,0,1,1,1,1,0,0,0,100,100,0,0,100,100,0
REF,2026-07-06,1,0,0,0,0,0,1,1,1,1,0,0,0,0,1,1,1,1,0,0,0,100,100,0,0,100,100,0
REF,2026-07-07,1,1,100,0,0,0,0,0,0,0,1,0,0,0,0,0,0,1,0,0,0,0,0,0,0,0,0,0
REF,2026-07-09,1,0,0,0,0,0,1,1,1,1,0,0,0,0,1,1,1,1,0,0,0,100,100,0,0,100,100,0
REF,2026-07-10,1,0,0,0,0,0,0,0,0,1,0,0,0,0,0,0,1,1,0,0,0,0,0,0,0,0,0,0
REF,2026-07-13,7,0,0,0,0,2,4,4,4,5,1,1,0,3,5,5,5,6,1,0,28.6,57.1,57.1,14.3,42.9,71.4,71.4,14.3
REF,2026-07-15,2,0,0,0,0,1,1,1,1,1,1,0,0,1,2,2,2,2,0,0,50,50,50,0,50,100,100,0
REF,2026-07-16,2,0,0,0,0,0,2,2,2,2,0,0,0,2,2,2,2,2,0,0,0,100,100,0,100,100,100,0
REF,2026-07-17,1,0,0,0,0,1,1,1,1,1,0,0,0,1,1,1,1,1,0,0,100,100,100,0,100,100,100,0
REF,2026-07-18,3,0,0,0,0,2,2,2,2,3,0,0,0,2,3,3,3,3,0,0,66.7,66.7,66.7,0,66.7,100,100,0
REF,2026-07-20,3,0,0,0,0,0,0,1,1,3,0,0,0,0,0,1,2,3,0,0,0,0,33.3,0,0,0,33.3,0
REF,2026-07-23,2,0,0,0,0,0,0,2,2,2,0,0,0,0,0,2,2,2,0,0,0,0,100,0,0,0,100,0
REF,2026-07-24,3,0,0,0,0,0,3,3,3,3,0,0,0,0,3,3,3,3,0,0,0,100,100,0,0,100,100,0
REF,2026-07-27,1,0,0,0,0,0,1,1,1,1,0,0,0,0,1,1,1,1,0,0,0,100,100,0,0,100,100,0
REF,2026-07-28,3,0,0,0,0,0,3,3,3,3,0,0,0,3,3,3,3,3,0,0,0,100,100,0,100,100,100,0
REF,2026-07-29,1,0,0,0,0,1,1,1,1,1,0,0,0,1,1,1,1,1,0,0,100,100,100,0,100,100,100,0
REF,2026-07-30,2,0,0,0,0,0,0,1,1,1,1,0,0,0,1,2,2,2,0,0,0,0,50,0,0,50,100,0
REF,2026-07-31,2,0,0,0,0,0,0,0,0,0,1,1,0,1,1,1,1,1,1,0,0,0,0,50,50,50,50,50
REF,2026-08-03,5,0,0,0,0,0,1,1,2,2,0,3,0,1,2,2,2,2,3,0,0,20,20,60,20,40,40,60
REF,2026-08-06,1,0,0,0,0,0,0,0,0,0,0,1,0,0,0,0,0,0,1,0,0,0,0,100,0,0,0,100
REF,2026-08-07,2,0,0,0,0,0,1,1,2,2,0,0,0,0,2,2,2,2,0,0,0,50,50,0,0,100,100,0
REF,2026-08-08,1,0,0,0,0,0,0,0,0,0,0,1,0,0,0,0,0,0,1,0,0,0,0,100,0,0,0,100
REF,2026-08-10,2,0,0,0,0,0,0,0,0,0,0,0,2,0,0,0,0,0,0,2,0,0,0,0,0,0,0,0
REW,2026-05-08,1,0,0,0,0,0,0,0,0,0,0,0,1,0,0,0,0,0,0,1,0,0,0,0,0,0,0,0
REW,2026-05-14,1,0,0,0,0,0,0,0,0,0,1,0,0,0,1,1,1,1,0,0,0,0,0,0,0,100,100,0
REW,2026-05-18,1,0,0,0,0,0,0,0,0,1,0,0,0,0,0,1,1,1,0,0,0,0,0,0,0,0,100,0
REW,2026-05-20,1,0,0,0,0,0,1,1,1,1,0,0,0,0,1,1,1,1,0,0,0,100,100,0,0,100,100,0
REW,2026-05-21,1,0,0,0,0,0,0,0,0,0,1,0,0,0,1,1,1,1,0,0,0,0,0,0,0,100,100,0
REW,2026-05-26,1,0,0,0,0,0,0,0,0,0,1,0,0,0,1,1,1,1,0,0,0,0,0,0,0,100,100,0
REW,2026-05-30,1,0,0,0,0,0,0,0,0,0,1,0,0,0,1,1,1,1,0,0,0,0,0,0,0,100,100,0
REW,2026-06-11,1,0,0,0,0,0,0,0,0,0,1,0,0,0,0,1,1,1,0,0,0,0,0,0,0,0,100,0
REW,2026-06-15,1,0,0,0,0,0,0,0,0,0,1,0,0,0,0,0,0,1,0,0,0,0,0,0,0,0,0,0
REW,2026-07-04,1,0,0,0,0,0,0,0,0,0,1,0,0,0,0,0,1,1,0,0,0,0,0,0,0,0,0,0
REW,2026-07-21,4,0,0,0,0,0,1,2,3,3,1,0,0,0,4,4,4,4,0,0,0,25,50,0,0,100,100,0
REW,2026-07-25,1,0,0,0,0,0,0,0,0,0,1,0,0,0,1,1,1,1,0,0,0,0,0,0,0,100,100,0
REW,2026-07-27,4,0,0,0,0,0,2,3,3,3,1,0,0,0,4,4,4,4,0,0,0,50,75,0,0,100,100,0
REW,2026-08-03,3,0,0,0,0,0,1,1,3,3,0,0,0,0,3,3,3,3,0,0,0,33.3,33.3,0,0,100,100,0
RIZ,2026-07-02,1,0,0,0,0,0,0,0,0,1,0,0,0,0,0,1,1,1,0,0,0,0,0,0,0,0,100,0
RIZ,2026-07-04,1,0,0,0,0,0,1,1,1,1,0,0,0,0,1,1,1,1,0,0,0,100,100,0,0,100,100,0
RPB,2026-05-08,54,0,0,0,0,0,0,0,0,3,22,0,29,0,0,0,0,25,0,29,0,0,0,0,0,0,0,0
RPB,2026-05-09,13,2,15.4,0,0,0,0,0,0,0,8,0,5,0,0,0,0,8,0,5,0,0,0,0,0,0,0,0
RPB,2026-05-11,21,1,4.8,0,0,0,0,0,1,2,10,0,9,0,0,0,8,12,0,9,0,0,0,0,0,0,0,0
RPB,2026-05-12,29,0,0,0,0,0,0,2,3,3,12,0,14,0,0,9,10,15,0,14,0,0,6.9,0,0,0,31,0
RPB,2026-05-13,13,0,0,0,0,0,6,8,8,11,2,0,0,0,9,12,12,13,0,0,0,46.2,61.5,0,0,69.2,92.3,0
RPB,2026-05-14,125,16,12.8,16,12.8,0,4,4,4,4,19,0,102,6,19,20,21,23,0,102,0,3.2,3.2,0,4.8,15.2,16,0
RPB,2026-05-15,6,0,0,0,0,0,0,1,1,2,1,1,2,0,2,3,3,3,1,2,0,0,16.7,16.7,0,33.3,50,16.7
RPB,2026-05-16,7,0,0,0,0,1,2,2,4,5,1,0,1,1,3,6,6,6,0,1,14.3,28.6,28.6,0,14.3,42.9,85.7,0
RPB,2026-05-17,4,0,0,0,0,0,0,0,1,3,1,0,0,0,2,4,4,4,0,0,0,0,0,0,0,50,100,0
RPB,2026-05-18,38,6,15.8,6,15.8,0,2,5,5,5,4,0,29,0,7,9,9,9,0,29,0,5.3,13.2,0,0,18.4,23.7,0
RPB,2026-05-19,56,10,17.9,10,17.9,1,8,8,8,9,0,0,47,1,8,8,8,9,0,47,1.8,14.3,14.3,0,1.8,14.3,14.3,0
RPB,2026-05-20,145,12,8.3,12,8.3,1,5,10,12,12,11,0,122,3,17,22,23,23,0,122,0.7,3.4,6.9,0,2.1,11.7,15.2,0
RPB,2026-05-21,8,0,0,0,0,0,2,2,2,3,4,0,1,0,6,6,6,7,0,1,0,25,25,0,0,75,75,0
RPB,2026-05-22,8,0,0,0,0,1,3,3,3,5,2,0,1,1,5,5,5,7,0,1,12.5,37.5,37.5,0,12.5,62.5,62.5,0
RPB,2026-05-23,6,0,0,0,0,0,2,2,2,2,2,0,2,1,3,3,3,4,0,2,0,33.3,33.3,0,16.7,50,50,0
RPB,2026-05-24,7,0,0,0,0,0,1,1,1,3,3,0,1,1,4,6,6,6,0,1,0,14.3,14.3,0,14.3,57.1,85.7,0
RPB,2026-05-25,94,14,14.9,14,14.9,0,0,0,1,2,5,0,87,1,5,6,6,7,0,87,0,0,0,0,1.1,5.3,6.4,0
RPB,2026-05-26,71,0,0,0,0,0,4,8,12,19,50,0,2,5,49,52,57,69,0,2,0,5.6,11.3,0,7,69,73.2,0
RPB,2026-05-27,34,1,2.9,1,2.9,2,2,2,3,3,10,0,21,8,10,11,13,13,0,21,5.9,5.9,5.9,0,23.5,29.4,32.4,0
RPB,2026-05-28,29,2,6.9,2,6.9,0,3,3,3,4,5,0,20,3,9,9,9,9,0,20,0,10.3,10.3,0,10.3,31,31,0
RPB,2026-05-29,59,0,0,0,0,1,21,24,26,38,15,3,3,1,39,41,48,53,3,3,1.7,35.6,40.7,5.1,1.7,66.1,69.5,5.1
RPB,2026-05-30,87,0,0,0,0,2,35,47,49,59,17,3,8,8,56,65,70,76,3,8,2.3,40.2,54,3.4,9.2,64.4,74.7,3.4
RPB,2026-05-31,47,0,0,0,0,0,16,19,21,22,19,2,4,3,31,34,39,41,2,4,0,34,40.4,4.3,6.4,66,72.3,4.3
RPB,2026-06-01,28,0,0,0,0,1,5,8,11,11,15,0,2,7,20,22,25,26,0,2,3.6,17.9,28.6,0,25,71.4,78.6,0
RPB,2026-06-02,124,2,1.6,0,0,11,67,85,89,94,20,4,6,18,92,106,108,114,4,6,8.9,54,68.5,3.2,14.5,74.2,85.5,3.2
RPB,2026-06-03,64,3,4.7,2,3.1,0,6,9,11,14,23,1,26,3,22,26,32,37,1,26,0,9.4,14.1,1.6,4.7,34.4,40.6,1.6
RPB,2026-06-04,106,4,3.8,4,3.8,2,12,14,15,16,55,0,35,23,52,62,64,71,0,35,1.9,11.3,13.2,0,21.7,49.1,58.5,0
RPB,2026-06-05,97,7,7.2,7,7.2,1,9,12,13,19,31,0,47,6,37,43,46,50,0,47,1,9.3,12.4,0,6.2,38.1,44.3,0
RPB,2026-06-06,66,4,6.1,4,6.1,1,8,15,17,20,25,4,17,8,35,41,42,45,4,17,1.5,12.1,22.7,6.1,12.1,53,62.1,6.1
RPB,2026-06-07,78,10,12.8,10,12.8,1,5,9,11,12,7,2,57,1,13,19,19,19,2,57,1.3,6.4,11.5,2.6,1.3,16.7,24.4,2.6
RPB,2026-06-08,61,6,9.8,5,8.2,1,6,12,12,12,8,4,37,1,11,18,20,20,4,37,1.6,9.8,19.7,6.6,1.6,18,29.5,6.6
RPB,2026-06-09,32,2,6.3,0,0,2,10,13,14,14,11,0,7,4,19,23,24,25,0,7,6.3,31.3,40.6,0,12.5,59.4,71.9,0
RPB,2026-06-10,24,1,4.2,0,0,2,6,8,9,10,12,1,1,8,16,19,19,22,1,1,8.3,25,33.3,4.2,33.3,66.7,79.2,4.2
RPB,2026-06-11,33,3,9.1,0,0,2,13,17,18,18,11,0,4,3,25,25,25,29,0,4,6.1,39.4,51.5,0,9.1,75.8,75.8,0
RPB,2026-06-12,57,0,0,0,0,0,14,22,29,32,22,1,2,3,37,44,48,54,1,2,0,24.6,38.6,1.8,5.3,64.9,77.2,1.8
RPB,2026-06-13,27,0,0,0,0,1,5,7,9,12,14,1,0,2,16,20,23,26,1,0,3.7,18.5,25.9,3.7,7.4,59.3,74.1,3.7
RPB,2026-06-14,35,1,2.9,0,0,0,13,17,20,25,6,2,2,0,22,24,25,31,2,2,0,37.1,48.6,5.7,0,62.9,68.6,5.7
RPB,2026-06-15,453,9,2,0,0,0,37,50,58,72,342,1,38,2,323,361,381,414,1,38,0,8.2,11,0.2,0.4,71.3,79.7,0.2
RPB,2026-06-16,63,0,0,0,0,2,15,32,33,40,14,5,4,6,34,47,50,54,5,4,3.2,23.8,50.8,7.9,9.5,54,74.6,7.9
RPB,2026-06-17,49,2,4.1,0,0,0,10,22,25,27,17,2,3,9,32,37,41,44,2,3,0,20.4,44.9,4.1,18.4,65.3,75.5,4.1
RPB,2026-06-18,48,2,4.2,0,0,2,23,26,27,29,15,1,3,6,37,42,42,44,1,3,4.2,47.9,54.2,2.1,12.5,77.1,87.5,2.1
RPB,2026-06-19,48,1,2.1,0,0,0,7,11,12,19,13,11,5,0,16,20,24,32,11,5,0,14.6,22.9,22.9,0,33.3,41.7,22.9
RPB,2026-06-20,102,0,0,0,0,2,28,40,42,49,36,10,7,8,66,72,77,85,10,7,2,27.5,39.2,9.8,7.8,64.7,70.6,9.8
RPB,2026-06-21,56,1,1.8,0,0,0,19,30,31,31,17,6,2,3,38,45,45,48,6,2,0,33.9,53.6,10.7,5.4,67.9,80.4,10.7
RPB,2026-06-22,20,1,5,1,5,0,11,13,15,16,2,0,2,1,16,17,18,18,0,2,0,55,65,0,5,80,85,0
RPB,2026-06-23,104,7,6.7,1,1,2,17,21,24,26,41,10,27,10,57,62,63,67,10,27,1.9,16.3,20.2,9.6,9.6,54.8,59.6,9.6
RPB,2026-06-24,509,29,5.7,0,0,10,31,38,46,50,412,4,43,95,373,426,439,462,4,43,2,6.1,7.5,0.8,18.7,73.3,83.7,0.8
RPB,2026-06-25,53,0,0,0,0,3,15,19,23,26,17,2,8,5,36,40,40,43,2,8,5.7,28.3,35.8,3.8,9.4,67.9,75.5,3.8
RPB,2026-06-26,39,2,5.1,1,2.6,0,4,5,8,12,19,5,3,7,26,26,27,31,5,3,0,10.3,12.8,12.8,17.9,66.7,66.7,12.8
RPB,2026-06-27,634,41,6.5,0,0,5,20,24,28,34,473,5,122,123,333,378,420,507,5,122,0.8,3.2,3.8,0.8,19.4,52.5,59.6,0.8
RPB,2026-06-28,20,0,0,0,0,0,8,14,15,15,3,2,0,0,11,17,18,18,2,0,0,40,70,10,0,55,85,10
RPB,2026-06-29,320,32,10,0,0,3,25,36,43,46,239,3,32,21,198,241,263,285,3,32,0.9,7.8,11.3,0.9,6.6,61.9,75.3,0.9
RPB,2026-06-30,224,24,10.7,20,8.9,2,23,33,34,38,171,0,15,15,166,187,192,209,0,15,0.9,10.3,14.7,0,6.7,74.1,83.5,0
RPB,2026-07-01,52,2,3.8,2,3.8,5,25,25,25,26,19,0,7,8,42,43,43,45,0,7,9.6,48.1,48.1,0,15.4,80.8,82.7,0
RPB,2026-07-02,81,3,3.7,2,2.5,7,20,27,32,36,18,10,17,9,44,49,49,54,10,17,8.6,24.7,33.3,12.3,11.1,54.3,60.5,12.3
RPB,2026-07-03,43,0,0,0,0,0,15,21,24,27,10,1,5,2,26,29,33,37,1,5,0,34.9,48.8,2.3,4.7,60.5,67.4,2.3
RPB,2026-07-04,137,7,5.1,0,0,1,6,9,15,19,103,2,13,3,89,103,110,122,2,13,0.7,4.4,6.6,1.5,2.2,65,75.2,1.5
RPB,2026-07-05,45,2,4.4,0,0,2,6,10,11,16,18,7,4,2,20,24,25,34,7,4,4.4,13.3,22.2,15.6,4.4,44.4,53.3,15.6
RPB,2026-07-06,218,12,5.5,1,0.5,2,8,15,17,19,158,0,41,8,134,147,158,177,0,41,0.9,3.7,6.9,0,3.7,61.5,67.4,0
RPB,2026-07-07,26,0,0,0,0,2,10,12,13,20,6,0,0,4,17,19,21,26,0,0,7.7,38.5,46.2,0,15.4,65.4,73.1,0
RPB,2026-07-08,33,0,0,0,0,5,17,19,20,22,6,2,3,6,22,23,24,28,2,3,15.2,51.5,57.6,6.1,18.2,66.7,69.7,6.1
RPB,2026-07-09,596,39,6.5,2,0.3,9,26,32,36,42,429,0,125,235,355,396,407,471,0,125,1.5,4.4,5.4,0,39.4,59.6,66.4,0
RPB,2026-07-10,105,10,9.5,0,0,5,22,23,25,27,65,0,13,53,77,77,81,92,0,13,4.8,21,21.9,0,50.5,73.3,73.3,0
RPB,2026-07-11,68,3,4.4,3,4.4,10,25,39,39,41,20,0,7,22,48,58,59,61,0,7,14.7,36.8,57.4,0,32.4,70.6,85.3,0
RPB,2026-07-12,3,0,0,0,0,0,1,1,1,2,0,0,1,1,1,1,1,2,0,1,0,33.3,33.3,0,33.3,33.3,33.3,0
RPB,2026-07-13,290,27,9.3,1,0.3,0,25,34,41,45,201,0,44,1,169,205,220,246,0,44,0,8.6,11.7,0,0.3,58.3,70.7,0
RPB,2026-07-14,30,2,6.7,0,0,2,9,11,11,12,13,0,5,5,21,24,24,25,0,5,6.7,30,36.7,0,16.7,70,80,0
RPB,2026-07-15,675,92,13.6,51,7.6,2,60,74,79,85,528,0,62,7,484,538,555,613,0,62,0.3,8.9,11,0,1,71.7,79.7,0
RPB,2026-07-16,20,4,20,4,20,0,6,7,7,8,4,0,8,0,10,12,12,12,0,8,0,30,35,0,0,50,60,0
RPB,2026-07-17,4,0,0,0,0,0,0,0,0,2,0,0,2,0,0,0,0,2,0,2,0,0,0,0,0,0,0,0
RPB,2026-07-18,463,82,17.7,62,13.4,1,8,15,15,16,302,0,145,1,237,265,279,318,0,145,0.2,1.7,3.2,0,0.2,51.2,57.2,0
RPB,2026-07-19,154,30,19.5,19,12.3,0,6,7,7,7,106,0,41,0,87,91,96,113,0,41,0,3.9,4.5,0,0,56.5,59.1,0
RPB,2026-07-20,204,20,9.8,2,1,0,13,15,15,16,148,0,40,0,112,141,146,164,0,40,0,6.4,7.4,0,0,54.9,69.1,0
RPB,2026-07-21,731,72,9.8,53,7.3,44,73,90,90,93,554,0,84,319,515,553,581,647,0,84,6,10,12.3,0,43.6,70.5,75.6,0
RPB,2026-07-22,24,2,8.3,2,8.3,1,3,4,4,8,6,0,10,1,8,10,11,14,0,10,4.2,12.5,16.7,0,4.2,33.3,41.7,0
RPB,2026-07-23,403,53,13.2,46,11.4,21,34,39,42,46,313,0,44,229,302,322,329,359,0,44,5.2,8.4,9.7,0,56.8,74.9,79.9,0
RPB,2026-07-24,223,13,5.8,0,0,1,18,22,27,30,156,0,37,1,135,149,162,186,0,37,0.4,8.1,9.9,0,0.4,60.5,66.8,0
RPB,2026-07-25,9,2,22.2,2,22.2,0,2,3,3,3,4,0,2,0,3,5,5,7,0,2,0,22.2,33.3,0,0,33.3,55.6,0
RPB,2026-07-26,270,14,5.2,8,3,3,23,33,35,37,182,0,51,4,170,188,199,219,0,51,1.1,8.5,12.2,0,1.5,63,69.6,0
RPB,2026-07-27,10,1,10,1,10,0,2,2,2,2,5,0,3,0,7,7,7,7,0,3,0,20,20,0,0,70,70,0
RPB,2026-07-28,162,19,11.7,13,8,4,15,18,19,19,113,0,30,43,122,127,128,132,0,30,2.5,9.3,11.1,0,26.5,75.3,78.4,0
RPB,2026-07-29,55,0,0,0,0,2,8,10,10,13,30,0,12,29,38,40,40,43,0,12,3.6,14.5,18.2,0,52.7,69.1,72.7,0
RPB,2026-07-30,473,35,7.4,34,7.2,33,56,61,61,61,349,0,63,295,372,389,396,410,0,63,7,11.8,12.9,0,62.4,78.6,82.2,0
RPB,2026-07-31,116,14,12.1,13,11.2,9,15,16,16,16,74,0,26,63,79,81,83,90,0,26,7.8,12.9,13.8,0,54.3,68.1,69.8,0
RPB,2026-08-01,160,3,1.9,3,1.9,8,19,25,25,27,109,0,24,85,110,122,127,136,0,24,5,11.9,15.6,0,53.1,68.8,76.3,0
RPB,2026-08-02,1,0,0,0,0,0,1,1,1,1,0,0,0,0,1,1,1,1,0,0,0,100,100,0,0,100,100,0
RPB,2026-08-03,136,2,1.5,0,0,0,10,16,16,17,91,0,28,1,85,102,104,108,0,28,0,7.4,11.8,0,0.7,62.5,75,0
RPB,2026-08-04,573,43,7.5,38,6.6,23,41,45,49,50,427,0,96,353,429,453,463,477,0,96,4,7.2,7.9,0,61.6,74.9,79.1,0
RPB,2026-08-05,223,8,3.6,3,1.3,4,17,24,26,27,151,0,45,30,157,168,175,178,0,45,1.8,7.6,10.8,0,13.5,70.4,75.3,0
RPB,2026-08-06,349,13,3.7,12,3.4,26,50,57,58,58,228,0,63,146,263,275,284,286,0,63,7.4,14.3,16.3,0,41.8,75.4,78.8,0
RPB,2026-08-07,628,53,8.4,33,5.3,15,39,44,48,48,442,0,138,275,452,471,490,490,0,138,2.4,6.2,7,0,43.8,72,75,0
RPB,2026-08-08,5,0,0,0,0,0,2,2,2,2,3,0,0,0,4,5,5,5,0,0,0,40,40,0,0,80,100,0
RPB,2026-08-09,1,0,0,0,0,0,1,1,1,1,0,0,0,1,1,1,1,1,0,0,0,100,100,0,100,100,100,0
RPB,2026-08-10,9,0,0,0,0,0,0,0,0,0,0,0,9,0,0,0,0,0,0,9,0,0,0,0,0,0,0,0
RPG,2026-07-03,1,0,0,0,0,0,0,0,0,0,0,0,1,0,0,0,0,0,0,1,0,0,0,0,0,0,0,0
RPP,2026-06-22,1,0,0,0,0,0,0,0,0,0,0,0,1,0,0,0,0,0,0,1,0,0,0,0,0,0,0,0
RPP,2026-06-30,8185,622,7.6,470,5.7,14,911,1313,1363,1453,4509,936,1287,27,4465,5218,5483,5962,936,1287,0.2,11.1,16,11.4,0.3,54.6,63.8,11.4
RPP,2026-07-01,6942,504,7.3,345,5,59,767,849,903,993,4148,720,1081,265,3966,4467,4696,5141,720,1081,0.8,11,12.2,10.4,3.8,57.1,64.3,10.4
RPP,2026-07-03,49,1,2,0,0,3,7,9,9,13,24,2,10,14,26,28,29,37,2,10,6.1,14.3,18.4,4.1,28.6,53.1,57.1,4.1
RPP,2026-07-04,25,1,4,0,0,0,3,7,7,7,11,1,6,1,11,16,16,18,1,6,0,12,28,4,4,44,64,4
RPP,2026-07-07,58,7,12.1,3,5.2,0,4,7,7,8,39,4,7,3,24,34,36,47,4,7,0,6.9,12.1,6.9,5.2,41.4,58.6,6.9
RPP,2026-07-08,46,6,13,4,8.7,1,7,9,10,11,22,4,9,2,21,26,30,33,4,9,2.2,15.2,19.6,8.7,4.3,45.7,56.5,8.7
RPP,2026-07-09,17,3,17.6,3,17.6,0,1,3,3,3,11,0,3,7,11,12,13,14,0,3,0,5.9,17.6,0,41.2,64.7,70.6,0
RPP,2026-07-10,27,6,22.2,6,22.2,0,4,4,4,4,17,1,5,8,17,18,20,21,1,5,0,14.8,14.8,3.7,29.6,63,66.7,3.7
RPP,2026-07-13,5,1,20,0,0,0,1,1,1,1,2,0,2,2,3,3,3,3,0,2,0,20,20,0,40,60,60,0
RPP,2026-07-14,49,5,10.2,0,0,0,10,12,12,12,31,1,5,2,32,38,40,43,1,5,0,20.4,24.5,2,4.1,65.3,77.6,2
RPP,2026-07-15,18,0,0,0,0,0,2,2,2,3,10,0,5,0,9,11,12,13,0,5,0,11.1,11.1,0,0,50,61.1,0
RPP,2026-07-16,44,3,6.8,2,4.5,3,8,9,9,10,23,4,7,14,25,27,28,33,4,7,6.8,18.2,20.5,9.1,31.8,56.8,61.4,9.1
RPP,2026-07-17,1287,69,5.4,2,0.2,2,193,268,307,331,623,130,203,7,698,777,833,954,130,203,0.2,15,20.8,10.1,0.5,54.2,60.4,10.1
RPP,2026-07-18,4504,364,8.1,207,4.6,288,670,867,902,963,2281,485,775,1065,2418,2759,2953,3244,485,775,6.4,14.9,19.2,10.8,23.6,53.7,61.3,10.8
RPP,2026-07-19,313,26,8.3,16,5.1,20,44,49,54,56,166,36,55,62,162,190,204,222,36,55,6.4,14.1,15.7,11.5,19.8,51.8,60.7,11.5
RPP,2026-07-20,498,32,6.4,9,1.8,21,74,93,102,108,261,48,81,80,269,314,332,369,48,81,4.2,14.9,18.7,9.6,16.1,54,63.1,9.6
RPP,2026-07-21,525,40,7.6,14,2.7,30,97,117,123,129,257,54,85,110,295,333,353,386,54,85,5.7,18.5,22.3,10.3,21,56.2,63.4,10.3
RPP,2026-07-22,675,66,9.8,51,7.6,25,109,144,151,154,345,58,118,103,388,437,458,499,58,118,3.7,16.1,21.3,8.6,15.3,57.5,64.7,8.6
RPP,2026-07-23,505,49,9.7,34,6.7,23,74,86,88,99,259,56,91,110,280,322,333,358,56,91,4.6,14.7,17,11.1,21.8,55.4,63.8,11.1
RPP,2026-07-24,415,16,3.9,2,0.5,9,81,102,118,126,198,44,47,15,233,263,286,324,44,47,2.2,19.5,24.6,10.6,3.6,56.1,63.4,10.6
RPP,2026-07-25,429,11,2.6,9,2.1,14,77,105,110,120,203,56,50,53,238,279,290,323,56,50,3.3,17.9,24.5,13.1,12.4,55.5,65,13.1
RPP,2026-07-26,254,7,2.8,2,0.8,6,49,62,64,67,123,24,40,28,148,165,173,190,24,40,2.4,19.3,24.4,9.4,11,58.3,65,9.4
RPP,2026-07-27,456,17,3.7,9,2,9,74,109,125,132,212,47,65,18,255,285,307,344,47,65,2,16.2,23.9,10.3,3.9,55.9,62.5,10.3
RPP,2026-07-28,316,10,3.2,6,1.9,4,49,76,79,84,161,24,47,16,183,217,229,245,24,47,1.3,15.5,24.1,7.6,5.1,57.9,68.7,7.6
RPP,2026-07-29,392,28,7.1,12,3.1,8,69,96,101,105,190,33,64,28,240,268,275,295,33,64,2,17.6,24.5,8.4,7.1,61.2,68.4,8.4
RPP,2026-07-30,346,24,6.9,21,6.1,4,46,67,69,73,179,31,63,26,196,224,230,252,31,63,1.2,13.3,19.4,9,7.5,56.6,64.7,9
RPP,2026-07-31,1202,124,10.3,92,7.7,4,102,124,136,146,695,114,247,26,648,726,764,841,114,247,0.3,8.5,10.3,9.5,2.2,53.9,60.4,9.5
RPP,2026-08-01,282,20,7.1,13,4.6,2,42,63,70,73,130,34,45,24,140,179,187,203,34,45,0.7,14.9,22.3,12.1,8.5,49.6,63.5,12.1
RPP,2026-08-02,364,13,3.6,8,2.2,30,62,75,81,83,176,56,49,124,228,247,250,259,56,49,8.2,17,20.6,15.4,34.1,62.6,67.9,15.4
RPP,2026-08-03,1889,75,4,40,2.1,6,138,212,226,236,1056,178,419,18,974,1152,1211,1292,178,419,0.3,7.3,11.2,9.4,1,51.6,61,9.4
RPP,2026-08-04,287,11,3.8,6,2.1,4,51,68,73,77,122,22,66,18,158,177,192,199,22,66,1.4,17.8,23.7,7.7,6.3,55.1,61.7,7.7
RPP,2026-08-05,221,9,4.1,4,1.8,4,35,50,55,55,99,14,53,27,121,143,149,154,14,53,1.8,15.8,22.6,6.3,12.2,54.8,64.7,6.3
RPP,2026-08-06,6,0,0,0,0,0,0,1,2,2,3,0,1,0,3,5,5,5,0,1,0,0,16.7,0,0,50,83.3,0
RTA,2026-05-11,2,0,0,0,0,0,0,0,0,0,1,0,1,0,0,0,0,1,0,1,0,0,0,0,0,0,0,0
RTA,2026-05-12,2,0,0,0,0,0,0,0,1,1,0,0,1,0,0,1,1,1,0,1,0,0,0,0,0,0,50,0
RTA,2026-05-21,5,0,0,0,0,0,2,2,2,4,1,0,0,0,3,3,3,5,0,0,0,40,40,0,0,60,60,0
RTA,2026-05-27,3,0,0,0,0,1,1,2,2,2,1,0,0,2,2,2,2,3,0,0,33.3,33.3,66.7,0,66.7,66.7,66.7,0
RTA,2026-05-29,1,0,0,0,0,1,1,1,1,1,0,0,0,1,1,1,1,1,0,0,100,100,100,0,100,100,100,0
RTA,2026-06-02,1,0,0,0,0,0,1,1,1,1,0,0,0,0,1,1,1,1,0,0,0,100,100,0,0,100,100,0
RTA,2026-06-10,1,0,0,0,0,0,1,1,1,1,0,0,0,0,1,1,1,1,0,0,0,100,100,0,0,100,100,0
RTA,2026-06-16,1,0,0,0,0,0,0,0,1,1,0,0,0,0,0,0,1,1,0,0,0,0,0,0,0,0,0,0
RTA,2026-06-22,1,0,0,0,0,0,0,0,1,1,0,0,0,0,0,0,1,1,0,0,0,0,0,0,0,0,0,0
RTA,2026-08-03,1,0,0,0,0,0,1,1,1,1,0,0,0,0,1,1,1,1,0,0,0,100,100,0,0,100,100,0
RTP,2026-05-15,2,0,0,0,0,0,0,0,0,1,1,0,0,0,1,2,2,2,0,0,0,0,0,0,0,50,100,0
RUP,2026-05-18,1,0,0,0,0,0,1,1,1,1,0,0,0,0,1,1,1,1,0,0,0,100,100,0,0,100,100,0
SCR,2026-05-08,4,0,0,0,0,0,0,0,0,0,0,0,4,0,0,0,0,0,0,4,0,0,0,0,0,0,0,0
SDL,2026-05-08,8044,25,0.3,0,0,0,0,0,0,98,195,9,7742,0,0,0,0,286,9,7749,0,0,0,0.1,0,0,0,0.1
SDL,2026-05-09,8043,46,0.6,0,0,0,0,0,0,205,245,11,7582,0,0,0,0,440,11,7592,0,0,0,0.1,0,0,0,0.1
SDL,2026-05-10,7768,41,0.5,0,0,0,0,0,0,319,333,20,7096,0,0,0,0,635,20,7113,0,0,0,0.3,0,0,0,0.3
SDL,2026-05-11,9617,63,0.7,0,0,0,0,0,420,839,630,57,8091,0,0,0,1007,1446,57,8114,0,0,0,0.6,0,0,0,0.6
SDL,2026-05-12,8876,40,0.5,1,0,0,0,1052,1436,1760,591,101,6424,0,0,1756,2096,2298,101,6477,0,0,11.9,1.1,0,0,19.8,1.1
SDL,2026-05-13,8468,52,0.6,8,0.1,0,4709,5601,5971,6254,640,245,1329,0,6053,6524,6733,6866,245,1357,0,55.6,66.1,2.9,0,71.5,77,2.9
SDL,2026-05-14,8477,72,0.8,11,0.1,1084,5685,6648,6950,7240,650,354,233,1366,7088,7619,7748,7890,354,233,12.8,67.1,78.4,4.2,16.1,83.6,89.9,4.2
SDL,2026-05-15,8768,37,0.4,6,0.1,1046,5677,6659,7051,7525,806,404,33,1361,7254,7786,8009,8331,404,33,11.9,64.7,75.9,4.6,15.5,82.7,88.8,4.6
SDL,2026-05-16,9223,46,0.5,9,0.1,1251,5934,7120,7593,8072,703,384,64,1547,7484,8216,8503,8775,384,64,13.6,64.3,77.2,4.2,16.8,81.1,89.1,4.2
SDL,2026-05-17,8968,29,0.3,6,0.1,1113,5901,7082,7485,7858,664,397,49,1363,7462,8083,8284,8522,397,49,12.4,65.8,79,4.4,15.2,83.2,90.1,4.4
SDL,2026-05-18,9721,41,0.4,12,0.1,1131,6451,7554,7988,8429,772,419,101,1458,8108,8708,8923,9201,419,101,11.6,66.4,77.7,4.3,15,83.4,89.6,4.3
SDL,2026-05-19,9930,45,0.5,9,0.1,1245,6663,7866,8277,8660,875,323,72,1550,8426,9098,9299,9535,323,72,12.5,67.1,79.2,3.3,15.6,84.9,91.6,3.3
SDL,2026-05-20,10433,80,0.8,52,0.5,1324,6919,8116,8536,8907,924,304,298,1653,8783,9398,9605,9831,304,298,12.7,66.3,77.8,2.9,15.8,84.2,90.1,2.9
SDL,2026-05-21,9067,47,0.5,11,0.1,1316,6170,7182,7513,7880,811,280,96,1698,7767,8316,8466,8691,280,96,14.5,68,79.2,3.1,18.7,85.7,91.7,3.1
SDL,2026-05-22,10120,44,0.4,5,0,1339,6903,7922,8391,8839,844,358,79,1644,8678,9159,9432,9683,358,79,13.2,68.2,78.3,3.5,16.2,85.8,90.5,3.5
SDL,2026-05-23,10078,34,0.3,5,0,1443,6411,7861,8373,8789,737,480,72,1789,8107,9038,9301,9526,480,72,14.3,63.6,78,4.8,17.8,80.4,89.7,4.8
SDL,2026-05-24,9794,37,0.4,9,0.1,1216,6498,7670,8097,8423,804,467,100,1479,8248,8877,9063,9227,467,100,12.4,66.3,78.3,4.8,15.1,84.2,90.6,4.8
SDL,2026-05-25,10812,60,0.6,22,0.2,1339,7288,8524,8892,9238,854,548,172,1737,9061,9737,9889,10092,548,172,12.4,67.4,78.8,5.1,16.1,83.8,90.1,5.1
SDL,2026-05-26,10016,71,0.7,14,0.1,1381,6640,7549,7903,8336,925,579,176,1759,8309,8781,8973,9261,579,176,13.8,66.3,75.4,5.8,17.6,83,87.7,5.8
SDL,2026-05-27,8917,47,0.5,9,0.1,1393,5524,6541,7009,7420,792,542,163,1745,7025,7681,7972,8212,542,163,15.6,61.9,73.4,6.1,19.6,78.8,86.1,6.1
SDL,2026-05-28,8186,36,0.4,11,0.1,1106,5239,6239,6515,6858,684,453,191,1366,6594,7192,7340,7542,453,191,13.5,64,76.2,5.5,16.7,80.6,87.9,5.5
SDL,2026-05-29,9442,58,0.6,17,0.2,1258,6118,7020,7465,7798,816,547,281,1667,7690,8207,8476,8614,547,281,13.3,64.8,74.3,5.8,17.7,81.4,86.9,5.8
SDL,2026-05-30,9218,39,0.4,7,0.1,1189,5721,6966,7454,7844,789,494,91,1521,7349,8140,8401,8633,494,91,12.9,62.1,75.6,5.4,16.5,79.7,88.3,5.4
SDL,2026-05-31,9340,50,0.5,7,0.1,1201,5977,7141,7555,7892,781,563,104,1599,7623,8256,8460,8673,563,104,12.9,64,76.5,6,17.1,81.6,88.4,6
SDL,2026-06-01,9097,67,0.7,18,0.2,1081,6016,7033,7390,7708,713,543,133,1403,7466,8055,8219,8421,543,133,11.9,66.1,77.3,6,15.4,82.1,88.5,6
SDL,2026-06-02,9436,68,0.7,21,0.2,1116,5931,6940,7317,7682,951,480,323,1466,7589,8219,8434,8633,480,323,11.8,62.9,73.5,5.1,15.5,80.4,87.1,5.1
SDL,2026-06-03,9026,59,0.7,6,0.1,1172,5941,6879,7245,7550,739,495,242,1498,7434,7928,8122,8289,495,242,13,65.8,76.2,5.5,16.6,82.4,87.8,5.5
SDL,2026-06-04,8453,106,1.3,19,0.2,1045,5368,6282,6546,6871,852,480,250,1291,6872,7445,7564,7723,480,250,12.4,63.5,74.3,5.7,15.3,81.3,88.1,5.7
SDL,2026-06-05,8692,101,1.2,12,0.1,914,5514,6351,6780,7168,790,443,291,1169,7166,7601,7839,7958,443,291,10.5,63.4,73.1,5.1,13.4,82.4,87.4,5.1
SDL,2026-06-06,9908,84,0.8,7,0.1,1096,5793,7182,7765,8300,849,545,214,1470,7736,8615,8919,9149,545,214,11.1,58.5,72.5,5.5,14.8,78.1,86.9,5.5
SDL,2026-06-07,9509,95,1,12,0.1,960,5801,6997,7505,7951,772,485,301,1294,7499,8255,8569,8723,485,301,10.1,61,73.6,5.1,13.6,78.9,86.8,5.1
SDL,2026-06-08,11004,116,1.1,6,0.1,1114,6904,8254,8802,9152,830,549,473,1453,8778,9591,9937,9982,549,473,10.1,62.7,75,5,13.2,79.8,87.2,5
SDL,2026-06-09,11349,91,0.8,7,0.1,1313,7274,8601,9111,9411,822,503,613,1665,9135,9932,10200,10233,503,613,11.6,64.1,75.8,4.4,14.7,80.5,87.5,4.4
SDL,2026-06-10,10771,103,1,10,0.1,1424,7101,8299,8736,9159,803,564,245,1783,8849,9503,9720,9962,564,245,13.2,65.9,77,5.2,16.6,82.2,88.2,5.2
SDL,2026-06-11,9472,100,1.1,6,0.1,1404,6371,7381,7711,8184,688,303,297,1693,7870,8464,8624,8872,303,297,14.8,67.3,77.9,3.2,17.9,83.1,89.4,3.2
SDL,2026-06-12,10076,104,1,6,0.1,1454,6836,7802,8294,8716,719,316,325,1808,8476,8991,9274,9435,316,325,14.4,67.8,77.4,3.1,17.9,84.1,89.2,3.1
SDL,2026-06-13,9473,147,1.6,3,0,1331,5900,7257,7820,8072,645,312,444,1651,7524,8404,8682,8717,312,444,14.1,62.3,76.6,3.3,17.4,79.4,88.7,3.3
SDL,2026-06-14,9002,112,1.2,13,0.1,1187,5835,7024,7455,7706,639,301,356,1455,7395,8105,8321,8345,301,356,13.2,64.8,78,3.3,16.2,82.1,90,3.3
SDL,2026-06-15,11976,389,3.2,314,2.6,1269,6769,7962,8391,8730,904,680,1662,1557,8502,9199,9441,9634,680,1662,10.6,56.5,66.5,5.7,13,71,76.8,5.7
SDL,2026-06-16,10432,82,0.8,22,0.2,1409,6820,8056,8481,8832,839,536,225,1748,8609,9274,9467,9671,536,225,13.5,65.4,77.2,5.1,16.8,82.5,88.9,5.1
SDL,2026-06-17,11099,169,1.5,93,0.8,1458,6987,8125,8522,8800,1006,759,534,1950,8868,9454,9665,9806,759,534,13.1,63,73.2,6.8,17.6,79.9,85.2,6.8
SDL,2026-06-18,8893,74,0.8,21,0.2,1328,5863,6738,6982,7263,782,537,311,1690,7373,7853,7944,8045,537,311,14.9,65.9,75.8,6,19,82.9,88.3,6
SDL,2026-06-19,11050,110,1,12,0.1,1472,7357,8317,8832,9104,877,617,452,1845,9199,9710,9948,9981,617,452,13.3,66.6,75.3,5.6,16.7,83.2,87.9,5.6
SDL,2026-06-20,10121,85,0.8,9,0.1,1347,6153,7520,8064,8330,780,653,358,1689,7905,8777,9075,9108,653,360,13.3,60.8,74.3,6.5,16.7,78.1,86.7,6.5
SDL,2026-06-21,9403,114,1.2,21,0.2,1157,5835,6977,7378,7615,778,639,371,1419,7502,8178,8365,8393,639,371,12.3,62.1,74.2,6.8,15.1,79.8,87,6.8
SDL,2026-06-22,10892,153,1.4,18,0.2,1351,7002,8137,8626,8891,956,582,463,1716,8931,9561,9835,9846,582,464,12.4,64.3,74.7,5.3,15.8,82,87.8,5.3
SDL,2026-06-23,9963,89,0.9,9,0.1,1470,6556,7728,8082,8403,862,512,186,1845,8318,8985,9142,9265,512,186,14.8,65.8,77.6,5.1,18.5,83.5,90.2,5.1
SDL,2026-06-24,9767,81,0.8,8,0.1,1368,6363,7329,7701,7975,848,668,276,1678,8054,8578,8743,8823,668,276,14,65.1,75,6.8,17.2,82.5,87.8,6.8
SDL,2026-06-25,8971,128,1.4,14,0.2,1198,5668,6713,6999,7224,813,539,395,1543,7228,7867,8006,8037,539,395,13.4,63.2,74.8,6,17.2,80.6,87.7,6
SDL,2026-06-26,10200,176,1.7,14,0.1,1239,6510,7485,7963,8242,897,507,554,1587,8330,8811,9100,9139,507,554,12.1,63.8,73.4,5,15.6,81.7,86.4,5
SDL,2026-06-27,9635,88,0.9,13,0.1,1299,5807,7178,7668,7992,798,526,319,1608,7509,8419,8659,8789,526,320,13.5,60.3,74.5,5.5,16.7,77.9,87.4,5.5
SDL,2026-06-28,9613,122,1.3,18,0.2,1246,6064,7277,7713,7946,767,448,452,1547,7829,8472,8685,8713,448,452,13,63.1,75.7,4.7,16.1,81.4,88.1,4.7
SDL,2026-06-29,10651,140,1.3,13,0.1,1333,6768,7875,8339,8580,924,657,490,1636,8640,9229,9478,9504,657,490,12.5,63.5,73.9,6.2,15.4,81.1,86.6,6.2
SDL,2026-06-30,9544,96,1,8,0.1,1333,6156,7237,7617,7921,839,539,245,1710,7860,8425,8608,8760,539,245,14,64.5,75.8,5.6,17.9,82.4,88.3,5.6
SDL,2026-07-01,8951,73,0.8,5,0.1,1201,5976,7023,7369,7620,716,307,308,1500,7523,8071,8239,8336,307,308,13.4,66.8,78.5,3.4,16.8,84,90.2,3.4
SDL,2026-07-02,9192,111,1.2,10,0.1,1088,5731,6707,7012,7270,879,564,479,1371,7409,7912,8052,8149,564,479,11.8,62.3,73,6.1,14.9,80.6,86.1,6.1
SDL,2026-07-03,8751,100,1.1,8,0.1,1072,5576,6372,6767,7009,841,470,431,1395,7180,7597,7807,7850,470,431,12.3,63.7,72.8,5.4,15.9,82,86.8,5.4
SDL,2026-07-04,8588,118,1.4,11,0.1,1017,5003,6177,6605,6878,808,478,424,1339,6657,7416,7646,7685,478,425,11.8,58.3,71.9,5.6,15.6,77.5,86.4,5.6
SDL,2026-07-05,8740,146,1.7,9,0.1,1116,5411,6334,6705,6943,794,610,393,1523,6915,7527,7714,7737,610,393,12.8,61.9,72.5,7,17.4,79.1,86.1,7
SDL,2026-07-06,9327,120,1.3,15,0.2,1038,5440,6437,6839,7067,987,557,716,1300,7215,7802,8027,8054,557,716,11.1,58.3,69,6,13.9,77.4,83.6,6
SDL,2026-07-07,9746,107,1.1,13,0.1,1301,6058,7176,7566,7926,924,528,368,1721,7891,8505,8681,8850,528,368,13.3,62.2,73.6,5.4,17.7,81,87.3,5.4
SDL,2026-07-08,9580,110,1.1,10,0.1,1143,5985,7085,7552,7838,765,553,424,1456,7540,8233,8502,8603,553,424,11.9,62.5,74,5.8,15.2,78.7,85.9,5.8
SDL,2026-07-09,10221,144,1.4,34,0.3,1334,6400,7616,7930,8143,975,590,513,1699,8261,8950,9091,9118,590,513,13.1,62.6,74.5,5.8,16.6,80.8,87.6,5.8
SDL,2026-07-10,10842,305,2.8,121,1.1,1342,6623,7378,7679,7840,1268,635,1099,1736,8506,9044,9076,9108,635,1099,12.4,61.1,68.1,5.9,16,78.5,83.4,5.9
SDL,2026-07-11,11063,219,2,83,0.8,1259,5923,7377,7911,8274,1169,917,703,1564,8022,8977,9268,9443,917,703,11.4,53.5,66.7,8.3,14.1,72.5,81.1,8.3
SDL,2026-07-12,9199,131,1.4,9,0.1,1082,5896,7093,7523,7719,721,342,417,1364,7457,8156,8400,8440,342,417,11.8,64.1,77.1,3.7,14.8,81.1,88.7,3.7
SDL,2026-07-13,15326,606,4,20,0.1,1849,8085,9736,10384,10690,1695,1114,1827,2565,10649,11810,12297,12385,1114,1827,12.1,52.8,63.5,7.3,16.7,69.5,77.1,7.3
SDL,2026-07-14,12176,143,1.2,18,0.1,1415,7596,8920,9428,9660,1121,809,586,1757,9696,10483,10745,10781,809,586,11.6,62.4,73.3,6.6,14.4,79.6,86.1,6.6
SDL,2026-07-15,12448,201,1.6,7,0.1,1399,7487,8906,9458,9715,1224,892,617,1734,9769,10604,10912,10939,892,617,11.2,60.1,71.5,7.2,13.9,78.5,85.2,7.2
SDL,2026-07-16,10554,236,2.2,14,0.1,1227,6502,7670,7967,8150,962,643,799,1549,8379,9054,9075,9112,643,799,11.6,61.6,72.7,6.1,14.7,79.4,85.8,6.1
SDL,2026-07-17,9911,190,1.9,9,0.1,1192,6051,6975,7388,7615,938,788,570,1508,7734,8263,8515,8553,788,570,12,61.1,70.4,8,15.2,78,83.4,8
SDL,2026-07-18,10570,127,1.2,12,0.1,1266,5830,7138,7715,7990,1076,859,645,1636,7780,8683,9020,9066,859,645,12,55.2,67.5,8.1,15.5,73.6,82.1,8.1
SDL,2026-07-19,10477,144,1.4,10,0.1,1093,5593,6760,7251,7488,1112,830,1047,1490,7472,8218,8540,8600,830,1047,10.4,53.4,64.5,7.9,14.2,71.3,78.4,7.9
SDL,2026-07-20,9577,133,1.4,6,0.1,1116,5657,6824,7266,7454,911,678,534,1411,7317,8020,8315,8365,678,534,11.7,59.1,71.3,7.1,14.7,76.4,83.7,7.1
SDL,2026-07-21,9317,131,1.4,19,0.2,1149,5599,6634,7033,7221,943,650,503,1489,7220,7890,8132,8164,650,503,12.3,60.1,71.2,7,16,77.5,84.7,7
SDL,2026-07-22,10812,251,2.3,95,0.9,1140,5903,6864,7271,7446,1501,1059,806,1529,7829,8592,8911,8947,1059,806,10.5,54.6,63.5,9.8,14.1,72.4,79.5,9.8
SDL,2026-07-23,10413,180,1.7,86,0.8,1062,5989,7056,7415,7718,1507,693,495,1371,8036,8781,9027,9225,693,495,10.2,57.5,67.8,6.7,13.2,77.2,84.3,6.7
SDL,2026-07-24,11316,259,2.3,100,0.9,1090,6407,7268,7778,8017,1677,929,693,1344,8558,9232,9648,9694,929,693,9.6,56.6,64.2,8.2,11.9,75.6,81.6,8.2
SDL,2026-07-25,10301,284,2.8,137,1.3,1306,5904,7089,7518,7753,1526,532,490,1640,7909,8909,9247,9279,532,490,12.7,57.3,68.8,5.2,15.9,76.8,86.5,5.2
SDL,2026-07-26,10442,224,2.1,90,0.9,949,5910,6864,7232,7429,1618,855,540,1237,7968,8696,8960,9047,855,540,9.1,56.6,65.7,8.2,11.8,76.3,83.3,8.2
SDL,2026-07-27,11399,159,1.4,67,0.6,992,6379,7471,7952,8199,1866,746,588,1285,8821,9633,10027,10065,746,588,8.7,56,65.5,6.5,11.3,77.4,84.5,6.5
SDL,2026-07-28,11333,317,2.8,244,2.2,1004,5987,6986,7317,7506,1542,592,1693,1287,7985,8786,9024,9048,592,1693,8.9,52.8,61.6,5.2,11.4,70.5,77.5,5.2
SDL,2026-07-29,13655,512,3.7,393,2.9,1132,7217,8277,8611,8853,1912,784,2106,1481,9721,10399,10625,10765,784,2106,8.3,52.9,60.6,5.7,10.8,71.2,76.2,5.7
SDL,2026-07-30,12364,227,1.8,73,0.6,1373,7694,8795,9189,9430,1656,543,735,1734,10035,10763,11046,11086,543,735,11.1,62.2,71.1,4.4,14,81.2,87.1,4.4
SDL,2026-07-31,12601,212,1.7,66,0.5,1417,7704,8643,9105,9371,1898,681,651,1885,10241,10899,11232,11269,681,651,11.2,61.1,68.6,5.4,15,81.3,86.5,5.4
SDL,2026-08-01,11645,241,2.1,100,0.9,1297,6742,8034,8514,8746,1824,524,551,1653,9065,10225,10540,10570,524,551,11.1,57.9,69,4.5,14.2,77.8,87.8,4.5
SDL,2026-08-02,10672,194,1.8,126,1.2,1168,6478,7551,7925,8114,1618,520,420,1480,8669,9460,9699,9732,520,420,10.9,60.7,70.8,4.9,13.9,81.2,88.6,4.9
SDL,2026-08-03,11116,177,1.6,80,0.7,1090,6428,7437,7805,7952,1842,556,766,1442,8716,9490,9765,9794,556,766,9.8,57.8,66.9,5,13,78.4,85.4,5
SDL,2026-08-04,11516,250,2.2,78,0.7,1154,6914,7971,8335,8579,1909,532,496,1510,9324,10085,10346,10488,532,496,10,60,69.2,4.6,13.1,81,87.6,4.6
SDL,2026-08-05,10804,295,2.7,125,1.2,1043,6428,7321,7686,7834,1856,467,647,1379,8715,9408,9676,9690,467,647,9.7,59.5,67.8,4.3,12.8,80.7,87.1,4.3
SDL,2026-08-06,12784,499,3.9,331,2.6,1064,6394,7443,7770,7946,2070,535,2233,1399,8910,9641,9878,10016,535,2233,8.3,50,58.2,4.2,10.9,69.7,75.4,4.2
SDL,2026-08-07,11177,329,2.9,144,1.3,993,6314,7139,7569,7570,2242,421,944,1331,8857,9452,9812,9812,421,944,8.9,56.5,63.9,3.8,11.9,79.2,84.6,3.8
SDL,2026-08-08,12492,155,1.2,155,1.2,1067,6595,8026,8028,8028,2540,458,1466,1390,9221,10568,10568,10568,458,1466,8.5,52.8,64.2,3.7,11.1,73.8,84.6,3.7
SDL,2026-08-09,13239,149,1.1,149,1.1,1126,7081,7085,7085,7085,2931,401,2822,1499,10013,10016,10016,10016,401,2822,8.5,53.5,53.5,3,11.3,75.6,75.7,3
SDL,2026-08-10,14603,25,0.2,25,0.2,1021,1027,1027,1027,1027,382,18,13176,1397,1409,1409,1409,1409,18,13176,7,7,7,0.1,9.6,9.6,9.6,0.1
SFR,2026-05-08,5,0,0,0,0,0,0,0,0,0,1,0,4,0,0,0,0,1,0,4,0,0,0,0,0,0,0,0
SFR,2026-05-09,6,0,0,0,0,0,0,0,0,1,0,0,5,0,0,0,0,1,0,5,0,0,0,0,0,0,0,0
SFR,2026-05-11,8,0,0,0,0,0,0,0,0,0,2,0,6,0,0,0,1,2,0,6,0,0,0,0,0,0,0,0
SFR,2026-05-12,14,0,0,0,0,0,0,2,4,5,0,0,9,0,0,2,4,5,0,9,0,0,14.3,0,0,0,14.3,0
SFR,2026-05-13,8,0,0,0,0,0,4,4,5,6,0,0,2,0,4,4,6,6,0,2,0,50,50,0,0,50,50,0
SFR,2026-05-14,7,0,0,0,0,0,6,7,7,7,0,0,0,0,7,7,7,7,0,0,0,85.7,100,0,0,100,100,0
SFR,2026-05-15,17,0,0,0,0,2,10,10,11,13,3,0,1,4,12,13,14,16,0,1,11.8,58.8,58.8,0,23.5,70.6,76.5,0
SFR,2026-05-16,11,0,0,0,0,5,7,10,10,10,1,0,0,6,9,11,11,11,0,0,45.5,63.6,90.9,0,54.5,81.8,100,0
SFR,2026-05-18,14,0,0,0,0,1,8,11,11,12,2,0,0,1,12,12,13,14,0,0,7.1,57.1,78.6,0,7.1,85.7,85.7,0
SFR,2026-05-19,11,0,0,0,0,1,5,8,10,10,1,0,0,1,7,10,11,11,0,0,9.1,45.5,72.7,0,9.1,63.6,90.9,0
SFR,2026-05-20,9,1,11.1,0,0,0,3,5,6,6,2,0,1,1,6,6,8,8,0,1,0,33.3,55.6,0,11.1,66.7,66.7,0
SFR,2026-05-21,10,0,0,0,0,0,7,8,8,9,0,0,1,0,8,9,9,9,0,1,0,70,80,0,0,80,90,0
SFR,2026-05-22,10,0,0,0,0,0,5,8,9,9,0,0,1,0,8,9,9,9,0,1,0,50,80,0,0,80,90,0
SFR,2026-05-23,6,0,0,0,0,0,2,5,5,5,0,1,0,1,5,5,5,5,1,0,0,33.3,83.3,16.7,16.7,83.3,83.3,16.7
SFR,2026-05-25,10,1,10,0,0,2,6,7,8,8,1,0,1,2,6,8,9,9,0,1,20,60,70,0,20,60,80,0
SFR,2026-05-26,12,0,0,0,0,3,8,9,9,10,2,0,0,4,11,11,11,12,0,0,25,66.7,75,0,33.3,91.7,91.7,0
SFR,2026-05-27,14,0,0,0,0,2,8,11,11,14,0,0,0,3,9,12,12,14,0,0,14.3,57.1,78.6,0,21.4,64.3,85.7,0
SFR,2026-05-28,10,0,0,0,0,0,3,5,7,9,0,0,1,1,8,9,9,9,0,1,0,30,50,0,10,80,90,0
SFR,2026-05-29,7,0,0,0,0,0,1,3,4,4,3,0,0,2,3,6,7,7,0,0,0,14.3,42.9,0,28.6,42.9,85.7,0
SFR,2026-05-30,12,0,0,0,0,1,5,7,8,10,1,0,1,3,7,10,10,11,0,1,8.3,41.7,58.3,0,25,58.3,83.3,0
SFR,2026-06-01,12,0,0,0,0,3,10,10,10,11,1,0,0,3,10,12,12,12,0,0,25,83.3,83.3,0,25,83.3,100,0
SFR,2026-06-02,8,0,0,0,0,1,6,7,7,8,0,0,0,2,8,8,8,8,0,0,12.5,75,87.5,0,25,100,100,0
SFR,2026-06-03,8,0,0,0,0,1,6,6,7,8,0,0,0,1,6,7,7,8,0,0,12.5,75,75,0,12.5,75,87.5,0
SFR,2026-06-04,4,0,0,0,0,0,2,3,3,3,0,1,0,0,2,3,3,3,1,0,0,50,75,25,0,50,75,25
SFR,2026-06-05,10,0,0,0,0,0,6,8,8,8,0,1,1,0,7,8,8,8,1,1,0,60,80,10,0,70,80,10
SFR,2026-06-06,8,0,0,0,0,1,2,2,3,4,3,0,1,1,5,6,6,7,0,1,12.5,25,25,0,12.5,62.5,75,0
SFR,2026-06-08,12,0,0,0,0,0,3,4,5,8,2,1,1,0,6,6,9,10,1,1,0,25,33.3,8.3,0,50,50,8.3
SFR,2026-06-09,6,1,16.7,1,16.7,0,3,3,3,5,1,0,0,1,4,5,5,6,0,0,0,50,50,0,16.7,66.7,83.3,0
SFR,2026-06-10,6,1,16.7,1,16.7,1,3,3,3,5,0,0,1,2,5,5,5,5,0,1,16.7,50,50,0,33.3,83.3,83.3,0
SFR,2026-06-11,6,0,0,0,0,2,3,5,5,6,0,0,0,2,4,5,6,6,0,0,33.3,50,83.3,0,33.3,66.7,83.3,0
SFR,2026-06-12,2,1,50,1,50,0,1,1,1,1,0,0,1,0,1,1,1,1,0,1,0,50,50,0,0,50,50,0
SFR,2026-06-13,11,0,0,0,0,0,5,8,8,8,1,0,2,1,7,9,9,9,0,2,0,45.5,72.7,0,9.1,63.6,81.8,0
SFR,2026-06-15,17,0,0,0,0,0,8,11,13,13,2,1,1,0,12,14,15,15,1,1,0,47.1,64.7,5.9,0,70.6,82.4,5.9
SFR,2026-06-16,4,0,0,0,0,0,3,4,4,4,0,0,0,0,3,4,4,4,0,0,0,75,100,0,0,75,100,0
SFR,2026-06-17,2,0,0,0,0,0,0,0,1,1,0,0,1,1,1,1,1,1,0,1,0,0,0,0,50,50,50,0
SFR,2026-06-18,4,0,0,0,0,1,3,3,3,3,0,0,1,1,3,3,3,3,0,1,25,75,75,0,25,75,75,0
SFR,2026-06-19,12,0,0,0,0,2,11,11,11,12,0,0,0,2,11,11,11,12,0,0,16.7,91.7,91.7,0,16.7,91.7,91.7,0
SFR,2026-06-20,7,0,0,0,0,2,5,5,6,6,0,1,0,2,6,6,6,6,1,0,28.6,71.4,71.4,14.3,28.6,85.7,85.7,14.3
SFR,2026-06-22,9,0,0,0,0,1,4,5,6,7,2,0,0,1,5,6,7,9,0,0,11.1,44.4,55.6,0,11.1,55.6,66.7,0
SFR,2026-06-23,18,0,0,0,0,0,6,10,11,15,2,1,0,2,11,15,15,17,1,0,0,33.3,55.6,5.6,11.1,61.1,83.3,5.6
SFR,2026-06-24,13,0,0,0,0,1,7,8,9,10,1,1,1,1,11,11,11,11,1,1,7.7,53.8,61.5,7.7,7.7,84.6,84.6,7.7
SFR,2026-06-25,16,0,0,0,0,3,8,12,12,14,1,1,0,3,11,13,13,15,1,0,18.8,50,75,6.3,18.8,68.8,81.3,6.3
SFR,2026-06-26,10,0,0,0,0,0,6,6,6,8,1,1,0,1,6,7,7,9,1,0,0,60,60,10,10,60,70,10
SFR,2026-06-27,16,0,0,0,0,1,10,14,14,14,1,0,1,1,14,15,15,15,0,1,6.3,62.5,87.5,0,6.3,87.5,93.8,0
SFR,2026-06-29,9,0,0,0,0,1,4,5,7,8,0,0,1,1,6,6,8,8,0,1,11.1,44.4,55.6,0,11.1,66.7,66.7,0
SFR,2026-06-30,13,0,0,0,0,2,10,12,13,13,0,0,0,4,12,13,13,13,0,0,15.4,76.9,92.3,0,30.8,92.3,100,0
SFR,2026-07-01,10,0,0,0,0,0,6,6,7,8,1,0,1,1,8,9,9,9,0,1,0,60,60,0,10,80,90,0
SFR,2026-07-02,1,0,0,0,0,0,1,1,1,1,0,0,0,0,1,1,1,1,0,0,0,100,100,0,0,100,100,0
SFR,2026-07-03,1,0,0,0,0,0,0,1,1,1,0,0,0,0,1,1,1,1,0,0,0,0,100,0,0,100,100,0
SFR,2026-07-06,6,1,16.7,0,0,0,3,4,4,5,1,0,0,0,4,5,5,6,0,0,0,50,66.7,0,0,66.7,83.3,0
SFR,2026-07-07,3,0,0,0,0,0,2,2,3,3,0,0,0,1,3,3,3,3,0,0,0,66.7,66.7,0,33.3,100,100,0
SFR,2026-07-08,1,0,0,0,0,0,1,1,1,1,0,0,0,0,1,1,1,1,0,0,0,100,100,0,0,100,100,0
SFR,2026-07-09,4,0,0,0,0,0,1,2,3,3,1,0,0,0,1,3,4,4,0,0,0,25,50,0,0,25,75,0
SFR,2026-07-11,1,0,0,0,0,0,1,1,1,1,0,0,0,0,1,1,1,1,0,0,0,100,100,0,0,100,100,0
SFR,2026-07-13,4,0,0,0,0,0,3,4,4,4,0,0,0,0,4,4,4,4,0,0,0,75,100,0,0,100,100,0
SFR,2026-07-14,9,0,0,0,0,0,5,6,7,8,1,0,0,0,7,7,7,9,0,0,0,55.6,66.7,0,0,77.8,77.8,0
SFR,2026-07-15,1,0,0,0,0,0,1,1,1,1,0,0,0,0,1,1,1,1,0,0,0,100,100,0,0,100,100,0
SHD,2026-06-08,3,0,0,0,0,0,0,0,0,0,3,0,0,0,0,0,3,3,0,0,0,0,0,0,0,0,0,0
SHD,2026-07-07,1,0,0,0,0,0,0,0,0,0,1,0,0,0,1,1,1,1,0,0,0,0,0,0,0,100,100,0
SHD,2026-07-08,1,0,0,0,0,0,0,1,1,1,0,0,0,0,0,1,1,1,0,0,0,0,100,0,0,0,100,0
SHD,2026-07-10,3,0,0,0,0,0,0,0,0,3,0,0,0,0,0,0,3,3,0,0,0,0,0,0,0,0,0,0
SHD,2026-07-11,1,0,0,0,0,0,1,1,1,1,0,0,0,0,1,1,1,1,0,0,0,100,100,0,0,100,100,0
SHD,2026-07-13,2,0,0,0,0,0,0,0,0,2,0,0,0,0,2,2,2,2,0,0,0,0,0,0,0,100,100,0
SHD,2026-07-17,1,0,0,0,0,0,0,0,0,1,0,0,0,0,0,1,1,1,0,0,0,0,0,0,0,0,100,0
SHD,2026-07-18,1,0,0,0,0,0,1,1,1,1,0,0,0,0,1,1,1,1,0,0,0,100,100,0,0,100,100,0
SHD,2026-07-21,2,0,0,0,0,0,1,1,1,2,0,0,0,0,2,2,2,2,0,0,0,50,50,0,0,100,100,0
SHD,2026-07-28,1,0,0,0,0,0,1,1,1,1,0,0,0,0,1,1,1,1,0,0,0,100,100,0,0,100,100,0
SHD,2026-08-02,1,0,0,0,0,0,1,1,1,1,0,0,0,0,1,1,1,1,0,0,0,100,100,0,0,100,100,0
SLD,2026-05-08,1,0,0,0,0,0,0,0,0,0,0,0,1,0,0,0,0,0,0,1,0,0,0,0,0,0,0,0
SLD,2026-05-09,1,0,0,0,0,0,0,0,0,0,0,0,1,0,0,0,0,0,0,1,0,0,0,0,0,0,0,0
SLD,2026-05-10,1,0,0,0,0,0,0,0,0,0,0,0,1,0,0,0,0,0,0,1,0,0,0,0,0,0,0,0
SLD,2026-05-11,1,0,0,0,0,0,0,0,0,0,0,0,1,0,0,0,0,0,0,1,0,0,0,0,0,0,0,0
SLD,2026-05-14,1,0,0,0,0,0,0,0,0,0,1,0,0,1,1,1,1,1,0,0,0,0,0,0,100,100,100,0
SLD,2026-05-16,2,0,0,0,0,0,1,1,1,1,1,0,0,0,1,2,2,2,0,0,0,50,50,0,0,50,100,0
SLD,2026-05-17,1,0,0,0,0,0,1,1,1,1,0,0,0,0,1,1,1,1,0,0,0,100,100,0,0,100,100,0
SLD,2026-05-20,1,0,0,0,0,0,0,1,1,1,0,0,0,0,0,1,1,1,0,0,0,0,100,0,0,0,100,0
SLD,2026-05-21,1,0,0,0,0,0,0,0,1,1,0,0,0,0,0,1,1,1,0,0,0,0,0,0,0,0,100,0
SLD,2026-05-30,2,0,0,0,0,0,1,1,2,2,0,0,0,0,1,2,2,2,0,0,0,50,50,0,0,50,100,0
SLD,2026-05-31,3,0,0,0,0,0,3,3,3,3,0,0,0,0,3,3,3,3,0,0,0,100,100,0,0,100,100,0
SLD,2026-06-01,2,0,0,0,0,0,2,2,2,2,0,0,0,0,2,2,2,2,0,0,0,100,100,0,0,100,100,0
SLD,2026-06-02,1,0,0,0,0,0,0,1,1,1,0,0,0,0,1,1,1,1,0,0,0,0,100,0,0,100,100,0
SLD,2026-06-06,1,0,0,0,0,0,0,0,0,0,0,1,0,0,0,0,0,0,1,0,0,0,0,100,0,0,0,100
SLD,2026-06-09,1,0,0,0,0,0,0,0,1,1,0,0,0,0,0,1,1,1,0,0,0,0,0,0,0,0,100,0
SLD,2026-06-13,1,0,0,0,0,0,1,1,1,1,0,0,0,0,1,1,1,1,0,0,0,100,100,0,0,100,100,0
SLD,2026-06-14,1,0,0,0,0,0,0,1,1,1,0,0,0,0,1,1,1,1,0,0,0,0,100,0,0,100,100,0
SLD,2026-06-16,1,0,0,0,0,0,1,1,1,1,0,0,0,0,1,1,1,1,0,0,0,100,100,0,0,100,100,0
SLD,2026-06-26,1,0,0,0,0,0,0,0,0,0,1,0,0,0,1,1,1,1,0,0,0,0,0,0,0,100,100,0
SLD,2026-06-27,1,0,0,0,0,0,1,1,1,1,0,0,0,0,1,1,1,1,0,0,0,100,100,0,0,100,100,0
SLD,2026-06-28,1,0,0,0,0,0,0,0,0,0,1,0,0,0,0,1,1,1,0,0,0,0,0,0,0,0,100,0
SLD,2026-07-03,1,0,0,0,0,0,0,0,0,0,1,0,0,0,1,1,1,1,0,0,0,0,0,0,0,100,100,0
SLD,2026-07-08,1,0,0,0,0,0,0,0,0,0,1,0,0,0,1,1,1,1,0,0,0,0,0,0,0,100,100,0
SLD,2026-07-09,1,0,0,0,0,0,0,0,0,1,0,0,0,0,0,1,1,1,0,0,0,0,0,0,0,0,100,0
SLD,2026-07-10,2,0,0,0,0,1,1,1,1,2,0,0,0,1,1,1,1,2,0,0,50,50,50,0,50,50,50,0
SLD,2026-07-11,1,0,0,0,0,0,0,0,0,1,0,0,0,0,0,0,0,1,0,0,0,0,0,0,0,0,0,0
SLD,2026-07-12,2,0,0,0,0,0,2,2,2,2,0,0,0,0,2,2,2,2,0,0,0,100,100,0,0,100,100,0
SLD,2026-07-13,2,0,0,0,0,0,0,1,2,2,0,0,0,0,1,2,2,2,0,0,0,0,50,0,0,50,100,0
SLD,2026-07-14,2,0,0,0,0,0,1,1,1,1,1,0,0,0,2,2,2,2,0,0,0,50,50,0,0,100,100,0
SLD,2026-07-16,1,0,0,0,0,0,1,1,1,1,0,0,0,0,1,1,1,1,0,0,0,100,100,0,0,100,100,0
SLD,2026-07-23,1,0,0,0,0,0,0,0,0,1,0,0,0,0,0,1,1,1,0,0,0,0,0,0,0,0,100,0
SLD,2026-08-01,1,0,0,0,0,0,0,0,0,1,0,0,0,0,0,1,1,1,0,0,0,0,0,0,0,0,100,0
SLD,2026-08-02,1,0,0,0,0,0,1,1,1,1,0,0,0,0,1,1,1,1,0,0,0,100,100,0,0,100,100,0
SLD,2026-08-03,1,0,0,0,0,0,1,1,1,1,0,0,0,0,1,1,1,1,0,0,0,100,100,0,0,100,100,0
SLD,2026-08-04,1,0,0,0,0,0,0,0,1,1,0,0,0,0,1,1,1,1,0,0,0,0,0,0,0,100,100,0
SLD,2026-08-05,1,0,0,0,0,0,0,1,1,1,0,0,0,0,0,1,1,1,0,0,0,0,100,0,0,0,100,0
SLD,2026-08-07,1,0,0,0,0,0,1,1,1,1,0,0,0,0,1,1,1,1,0,0,0,100,100,0,0,100,100,0
SLE,2026-06-11,1,0,0,0,0,0,0,1,1,1,0,0,0,0,0,1,1,1,0,0,0,0,100,0,0,0,100,0
SLE,2026-06-18,2,0,0,0,0,0,1,1,1,2,0,0,0,0,1,2,2,2,0,0,0,50,50,0,0,50,100,0
SLE,2026-06-26,2,0,0,0,0,0,2,2,2,2,0,0,0,0,2,2,2,2,0,0,0,100,100,0,0,100,100,0
SLE,2026-07-01,2,0,0,0,0,0,2,2,2,2,0,0,0,0,2,2,2,2,0,0,0,100,100,0,0,100,100,0
SLE,2026-07-10,1,0,0,0,0,0,1,1,1,1,0,0,0,0,1,1,1,1,0,0,0,100,100,0,0,100,100,0
SLS,2026-05-25,1,0,0,0,0,0,0,0,0,0,1,0,0,0,0,0,0,1,0,0,0,0,0,0,0,0,0,0
SLT,2026-05-08,2,0,0,0,0,0,0,0,0,0,0,0,2,0,0,0,0,0,0,2,0,0,0,0,0,0,0,0
SLT,2026-05-10,3,0,0,0,0,0,0,0,0,0,0,0,3,0,0,0,0,0,0,3,0,0,0,0,0,0,0,0
SLT,2026-05-11,7,0,0,0,0,0,0,0,1,1,0,0,6,0,0,0,1,1,0,6,0,0,0,0,0,0,0,0
SLT,2026-05-12,3,0,0,0,0,0,0,0,0,0,0,0,3,0,0,0,0,0,0,3,0,0,0,0,0,0,0,0
SLT,2026-05-13,5,0,0,0,0,0,2,4,4,4,1,0,0,0,5,5,5,5,0,0,0,40,80,0,0,100,100,0
SLT,2026-05-16,9,0,0,0,0,0,7,8,8,8,1,0,0,0,9,9,9,9,0,0,0,77.8,88.9,0,0,100,100,0
SLT,2026-05-19,3,0,0,0,0,0,3,3,3,3,0,0,0,0,3,3,3,3,0,0,0,100,100,0,0,100,100,0
SLT,2026-05-20,2,0,0,0,0,0,2,2,2,2,0,0,0,0,2,2,2,2,0,0,0,100,100,0,0,100,100,0
SLT,2026-05-22,1,0,0,0,0,0,1,1,1,1,0,0,0,0,1,1,1,1,0,0,0,100,100,0,0,100,100,0
SLT,2026-05-23,7,0,0,0,0,0,4,4,4,4,3,0,0,0,6,7,7,7,0,0,0,57.1,57.1,0,0,85.7,100,0
SLT,2026-05-25,6,0,0,0,0,2,4,5,5,5,1,0,0,2,5,6,6,6,0,0,33.3,66.7,83.3,0,33.3,83.3,100,0
SLT,2026-05-26,5,0,0,0,0,2,4,4,4,4,1,0,0,2,4,4,4,5,0,0,40,80,80,0,40,80,80,0
SLT,2026-05-27,2,0,0,0,0,0,0,1,1,1,1,0,0,0,2,2,2,2,0,0,0,0,50,0,0,100,100,0
SLT,2026-05-28,7,0,0,0,0,0,5,5,5,5,1,1,0,0,6,6,6,6,1,0,0,71.4,71.4,14.3,0,85.7,85.7,14.3
SLT,2026-05-29,3,0,0,0,0,1,1,1,1,1,1,1,0,1,2,2,2,2,1,0,33.3,33.3,33.3,33.3,33.3,66.7,66.7,33.3
SLT,2026-05-30,2,0,0,0,0,0,1,2,2,2,0,0,0,0,1,2,2,2,0,0,0,50,100,0,0,50,100,0
SLT,2026-05-31,13,0,0,0,0,0,8,11,11,11,1,1,0,0,11,12,12,12,1,0,0,61.5,84.6,7.7,0,84.6,92.3,7.7
SLT,2026-06-03,1,0,0,0,0,0,0,0,0,0,0,0,1,0,0,0,0,0,0,1,0,0,0,0,0,0,0,0
SLT,2026-06-04,7,0,0,0,0,0,2,3,3,3,3,1,0,0,6,6,6,6,1,0,0,28.6,42.9,14.3,0,85.7,85.7,14.3
SLT,2026-06-05,1,0,0,0,0,0,1,1,1,1,0,0,0,0,1,1,1,1,0,0,0,100,100,0,0,100,100,0
SLT,2026-06-06,2,0,0,0,0,0,1,1,1,1,1,0,0,0,2,2,2,2,0,0,0,50,50,0,0,100,100,0
SLT,2026-06-07,4,0,0,0,0,2,3,3,3,3,1,0,0,3,4,4,4,4,0,0,50,75,75,0,75,100,100,0
SLT,2026-06-09,6,0,0,0,0,0,5,5,5,5,1,0,0,0,6,6,6,6,0,0,0,83.3,83.3,0,0,100,100,0
SLT,2026-06-12,13,0,0,0,0,0,9,9,10,11,2,0,0,0,13,13,13,13,0,0,0,69.2,69.2,0,0,100,100,0
SLT,2026-06-14,7,0,0,0,0,0,6,6,6,6,1,0,0,0,6,7,7,7,0,0,0,85.7,85.7,0,0,85.7,100,0
SLT,2026-06-15,3,0,0,0,0,0,3,3,3,3,0,0,0,0,3,3,3,3,0,0,0,100,100,0,0,100,100,0
SLT,2026-06-17,4,0,0,0,0,0,3,3,3,4,0,0,0,0,4,4,4,4,0,0,0,75,75,0,0,100,100,0
SLT,2026-06-18,7,0,0,0,0,0,6,6,6,6,0,1,0,0,6,6,6,6,1,0,0,85.7,85.7,14.3,0,85.7,85.7,14.3
SLT,2026-06-19,4,0,0,0,0,0,0,1,2,2,2,0,0,0,2,4,4,4,0,0,0,0,25,0,0,50,100,0
SLT,2026-06-20,4,0,0,0,0,0,1,1,1,1,3,0,0,0,3,3,4,4,0,0,0,25,25,0,0,75,75,0
SLT,2026-06-22,3,0,0,0,0,0,1,1,1,1,2,0,0,1,3,3,3,3,0,0,0,33.3,33.3,0,33.3,100,100,0
SLT,2026-06-23,6,0,0,0,0,0,4,5,5,5,1,0,0,0,5,6,6,6,0,0,0,66.7,83.3,0,0,83.3,100,0
SLT,2026-06-24,3,0,0,0,0,0,0,1,1,2,0,1,0,0,2,2,2,2,1,0,0,0,33.3,33.3,0,66.7,66.7,33.3
SLT,2026-06-25,1,0,0,0,0,0,1,1,1,1,0,0,0,0,1,1,1,1,0,0,0,100,100,0,0,100,100,0
SLT,2026-06-26,6,0,0,0,0,0,3,4,4,4,2,0,0,0,5,6,6,6,0,0,0,50,66.7,0,0,83.3,100,0
SLT,2026-06-27,2,0,0,0,0,0,1,1,2,2,0,0,0,0,1,1,2,2,0,0,0,50,50,0,0,50,50,0
SLT,2026-06-29,1,0,0,0,0,0,0,0,0,0,1,0,0,0,1,1,1,1,0,0,0,0,0,0,0,100,100,0
SLT,2026-06-30,4,0,0,0,0,0,1,1,1,2,1,1,0,0,2,2,2,3,1,0,0,25,25,25,0,50,50,25
SLT,2026-07-01,6,0,0,0,0,0,4,4,4,4,1,0,1,0,5,5,5,5,0,1,0,66.7,66.7,0,0,83.3,83.3,0
SLT,2026-07-02,5,0,0,0,0,0,3,3,3,3,1,1,0,0,4,4,4,4,1,0,0,60,60,20,0,80,80,20
SLT,2026-07-03,4,0,0,0,0,0,4,4,4,4,0,0,0,0,4,4,4,4,0,0,0,100,100,0,0,100,100,0
SLT,2026-07-04,1,0,0,0,0,0,1,1,1,1,0,0,0,0,1,1,1,1,0,0,0,100,100,0,0,100,100,0
SLT,2026-07-07,11,0,0,0,0,0,4,6,7,10,0,1,0,0,6,9,9,10,1,0,0,36.4,54.5,9.1,0,54.5,81.8,9.1
SLT,2026-07-09,11,0,0,0,0,0,6,7,7,8,2,1,0,0,7,9,9,10,1,0,0,54.5,63.6,9.1,0,63.6,81.8,9.1
SLT,2026-07-11,8,0,0,0,0,0,5,6,7,7,1,0,0,0,8,8,8,8,0,0,0,62.5,75,0,0,100,100,0
SLT,2026-07-13,9,0,0,0,0,0,6,7,9,9,0,0,0,0,8,9,9,9,0,0,0,66.7,77.8,0,0,88.9,100,0
SLT,2026-07-15,6,0,0,0,0,0,4,5,5,5,0,1,0,0,5,5,5,5,1,0,0,66.7,83.3,16.7,0,83.3,83.3,16.7
SLT,2026-07-16,1,0,0,0,0,0,1,1,1,1,0,0,0,0,1,1,1,1,0,0,0,100,100,0,0,100,100,0
SLT,2026-07-17,9,1,11.1,1,11.1,0,4,4,4,6,0,1,2,0,5,5,6,6,1,2,0,44.4,44.4,11.1,0,55.6,55.6,11.1
SLT,2026-07-18,5,0,0,0,0,0,2,2,2,3,1,0,1,0,3,4,4,4,0,1,0,40,40,0,0,60,80,0
SLT,2026-07-20,15,0,0,0,0,0,9,13,14,14,0,0,1,0,10,14,14,14,0,1,0,60,86.7,0,0,66.7,93.3,0
SLT,2026-07-21,2,0,0,0,0,0,2,2,2,2,0,0,0,0,2,2,2,2,0,0,0,100,100,0,0,100,100,0
SLT,2026-07-23,8,0,0,0,0,0,6,6,6,7,0,1,0,0,7,7,7,7,1,0,0,75,75,12.5,0,87.5,87.5,12.5
SLT,2026-07-26,11,0,0,0,0,2,9,9,9,9,2,0,0,2,11,11,11,11,0,0,18.2,81.8,81.8,0,18.2,100,100,0
SLT,2026-07-27,8,0,0,0,0,0,7,7,7,7,0,1,0,0,7,7,7,7,1,0,0,87.5,87.5,12.5,0,87.5,87.5,12.5
SLT,2026-07-28,8,0,0,0,0,0,3,7,7,7,0,1,0,0,3,7,7,7,1,0,0,37.5,87.5,12.5,0,37.5,87.5,12.5
SLT,2026-07-29,5,0,0,0,0,0,5,5,5,5,0,0,0,0,5,5,5,5,0,0,0,100,100,0,0,100,100,0
SLT,2026-07-31,5,0,0,0,0,0,4,4,4,4,1,0,0,0,5,5,5,5,0,0,0,80,80,0,0,100,100,0
SLT,2026-08-03,2,0,0,0,0,0,2,2,2,2,0,0,0,0,2,2,2,2,0,0,0,100,100,0,0,100,100,0
SLT,2026-08-04,2,0,0,0,0,0,1,1,1,1,1,0,0,0,2,2,2,2,0,0,0,50,50,0,0,100,100,0
SLT,2026-08-05,6,1,16.7,1,16.7,2,3,3,3,3,0,0,3,2,3,3,3,3,0,3,33.3,50,50,0,33.3,50,50,0
SLT,2026-08-06,16,0,0,0,0,4,10,11,11,11,2,1,2,4,13,13,13,13,1,2,25,62.5,68.8,6.3,25,81.3,81.3,6.3
SLT,2026-08-07,9,0,0,0,0,0,8,9,9,9,0,0,0,0,9,9,9,9,0,0,0,88.9,100,0,0,100,100,0
SLT,2026-08-08,12,0,0,0,0,0,8,11,11,11,0,0,1,0,9,11,11,11,0,1,0,66.7,91.7,0,0,75,91.7,0
SLT,2026-08-09,1,0,0,0,0,0,1,1,1,1,0,0,0,0,1,1,1,1,0,0,0,100,100,0,0,100,100,0
SLT,2026-08-10,6,0,0,0,0,0,0,0,0,0,0,0,6,0,0,0,0,0,0,6,0,0,0,0,0,0,0,0
SNI,2026-05-08,287,0,0,0,0,0,0,0,0,3,11,1,272,0,0,0,0,14,1,272,0,0,0,0.3,0,0,0,0.3
SNI,2026-05-09,360,4,1.1,0,0,0,0,0,0,19,19,2,320,0,0,0,0,35,2,323,0,0,0,0.6,0,0,0,0.6
SNI,2026-05-10,283,0,0,0,0,0,0,0,0,15,9,1,258,0,0,0,0,23,1,259,0,0,0,0.4,0,0,0,0.4
SNI,2026-05-11,438,1,0.2,0,0,0,0,0,33,70,38,5,325,0,0,0,82,107,5,326,0,0,0,1.1,0,0,0,1.1
SNI,2026-05-12,377,2,0.5,1,0.3,0,0,61,80,103,28,4,242,0,0,90,115,129,4,244,0,0,16.2,1.1,0,0,23.9,1.1
SNI,2026-05-13,345,4,1.2,1,0.3,0,180,226,242,261,38,6,40,0,248,272,285,298,6,41,0,52.2,65.5,1.7,0,71.9,78.8,1.7
SNI,2026-05-14,319,1,0.3,1,0.3,33,191,226,237,257,35,8,19,52,264,273,280,292,8,19,10.3,59.9,70.8,2.5,16.3,82.8,85.6,2.5
SNI,2026-05-15,279,4,1.4,0,0,24,163,195,211,234,26,10,9,36,221,240,248,260,10,9,8.6,58.4,69.9,3.6,12.9,79.2,86,3.6
SNI,2026-05-16,259,4,1.5,0,0,39,155,189,210,230,19,4,6,50,202,225,238,249,4,6,15.1,59.8,73,1.5,19.3,78,86.9,1.5
SNI,2026-05-17,126,0,0,0,0,12,76,91,103,111,12,2,1,15,94,112,116,123,2,1,9.5,60.3,72.2,1.6,11.9,74.6,88.9,1.6
SNI,2026-05-18,190,3,1.6,0,0,16,123,138,146,159,20,4,7,21,153,165,173,179,4,7,8.4,64.7,72.6,2.1,11.1,80.5,86.8,2.1
SNI,2026-05-19,222,2,0.9,0,0,27,133,150,161,180,29,7,6,41,186,194,200,209,7,6,12.2,59.9,67.6,3.2,18.5,83.8,87.4,3.2
SNI,2026-05-20,225,2,0.9,1,0.4,33,131,158,170,185,27,6,7,42,183,199,204,212,6,7,14.7,58.2,70.2,2.7,18.7,81.3,88.4,2.7
SNI,2026-05-21,291,2,0.7,0,0,36,178,209,219,239,38,7,7,43,249,262,270,277,7,7,12.4,61.2,71.8,2.4,14.8,85.6,90,2.4
SNI,2026-05-22,275,5,1.8,2,0.7,25,158,183,199,223,30,7,15,38,211,224,242,253,7,15,9.1,57.5,66.5,2.5,13.8,76.7,81.5,2.5
SNI,2026-05-23,560,5,0.9,0,0,41,302,393,435,469,51,12,28,52,420,486,502,520,12,28,7.3,53.9,70.2,2.1,9.3,75,86.8,2.1
SNI,2026-05-24,336,7,2.1,2,0.6,25,178,227,245,280,27,9,20,36,257,286,299,307,9,20,7.4,53,67.6,2.7,10.7,76.5,85.1,2.7
SNI,2026-05-25,349,4,1.1,0,0,32,222,269,284,309,25,6,9,46,288,321,323,334,6,9,9.2,63.6,77.1,1.7,13.2,82.5,92,1.7
SNI,2026-05-26,418,7,1.7,0,0,58,271,317,343,359,44,7,8,78,374,389,397,403,7,8,13.9,64.8,75.8,1.7,18.7,89.5,93.1,1.7
SNI,2026-05-27,341,5,1.5,0,0,57,200,241,259,284,37,6,14,79,267,293,298,321,6,14,16.7,58.7,70.7,1.8,23.2,78.3,85.9,1.8
SNI,2026-05-28,368,1,0.3,1,0.3,42,226,269,288,321,27,5,15,63,304,319,327,348,5,15,11.4,61.4,73.1,1.4,17.1,82.6,86.7,1.4
SNI,2026-05-29,368,4,1.1,0,0,36,227,258,274,307,49,5,7,51,295,315,330,356,5,7,9.8,61.7,70.1,1.4,13.9,80.2,85.6,1.4
SNI,2026-05-30,393,8,2,2,0.5,29,208,265,294,320,45,7,21,57,287,329,352,365,7,21,7.4,52.9,67.4,1.8,14.5,73,83.7,1.8
SNI,2026-05-31,333,3,0.9,1,0.3,28,197,229,252,280,33,5,15,48,252,276,298,313,5,15,8.4,59.2,68.8,1.5,14.4,75.7,82.9,1.5
SNI,2026-06-01,399,3,0.8,0,0,34,225,283,293,316,54,10,19,47,298,336,349,370,10,19,8.5,56.4,70.9,2.5,11.8,74.7,84.2,2.5
SNI,2026-06-02,346,6,1.7,1,0.3,38,187,226,252,278,45,6,17,50,266,295,309,323,6,17,11,54,65.3,1.7,14.5,76.9,85.3,1.7
SNI,2026-06-03,362,8,2.2,2,0.6,42,211,240,257,272,51,6,33,61,285,298,307,323,6,33,11.6,58.3,66.3,1.7,16.9,78.7,82.3,1.7
SNI,2026-06-04,400,11,2.8,7,1.8,51,230,276,288,313,55,8,24,67,325,348,353,368,8,24,12.8,57.5,69,2,16.8,81.3,87,2
SNI,2026-06-05,319,7,2.2,1,0.3,40,169,208,229,246,49,8,16,52,253,271,284,295,8,16,12.5,53,65.2,2.5,16.3,79.3,85,2.5
SNI,2026-06-06,319,7,2.2,1,0.3,25,154,197,224,241,51,6,21,38,228,258,275,292,6,21,7.8,48.3,61.8,1.9,11.9,71.5,80.9,1.9
SNI,2026-06-07,405,10,2.5,4,1,25,171,224,252,296,68,9,32,47,275,315,337,364,9,32,6.2,42.2,55.3,2.2,11.6,67.9,77.8,2.2
SNI,2026-06-08,336,8,2.4,1,0.3,22,176,220,239,268,43,6,19,36,245,277,291,311,6,19,6.5,52.4,65.5,1.8,10.7,72.9,82.4,1.8
SNI,2026-06-09,367,6,1.6,3,0.8,24,168,213,241,281,49,7,30,46,270,293,311,330,7,30,6.5,45.8,58,1.9,12.5,73.6,79.8,1.9
SNI,2026-06-10,408,8,2,3,0.7,38,213,264,284,324,37,9,38,53,287,327,338,361,9,38,9.3,52.2,64.7,2.2,13,70.3,80.1,2.2
SNI,2026-06-11,353,8,2.3,2,0.6,23,193,235,247,271,49,8,25,42,267,293,305,320,8,25,6.5,54.7,66.6,2.3,11.9,75.6,83,2.3
SNI,2026-06-12,381,6,1.6,1,0.3,45,185,218,252,287,59,11,24,62,268,294,315,346,11,24,11.8,48.6,57.2,2.9,16.3,70.3,77.2,2.9
SNI,2026-06-13,398,11,2.8,3,0.8,38,194,243,268,310,55,4,29,58,270,316,341,365,4,29,9.5,48.7,61.1,1,14.6,67.8,79.4,1
SNI,2026-06-14,396,11,2.8,4,1,31,196,250,284,314,48,10,24,48,285,329,344,362,10,24,7.8,49.5,63.1,2.5,12.1,72,83.1,2.5
SNI,2026-06-15,394,9,2.3,1,0.3,18,187,245,272,302,52,8,32,37,275,318,328,354,8,32,4.6,47.5,62.2,2,9.4,69.8,80.7,2
SNI,2026-06-16,403,6,1.5,4,1,46,221,273,290,311,53,12,27,67,308,346,354,364,12,27,11.4,54.8,67.7,3,16.6,76.4,85.9,3
SNI,2026-06-17,495,11,2.2,5,1,72,285,337,360,381,49,11,54,107,372,404,415,430,11,54,14.5,57.6,68.1,2.2,21.6,75.2,81.6,2.2
SNI,2026-06-18,379,4,1.1,2,0.5,34,181,229,245,293,51,14,21,43,276,304,311,344,14,21,9,47.8,60.4,3.7,11.3,72.8,80.2,3.7
SNI,2026-06-19,346,11,3.2,3,0.9,43,201,227,242,271,39,6,30,61,270,288,299,310,6,30,12.4,58.1,65.6,1.7,17.6,78,83.2,1.7
SNI,2026-06-20,358,18,5,11,3.1,36,180,217,243,269,27,7,55,51,225,271,276,296,7,55,10.1,50.3,60.6,2,14.2,62.8,75.7,2
SNI,2026-06-21,324,11,3.4,5,1.5,23,164,195,214,237,39,24,24,35,228,252,266,276,24,24,7.1,50.6,60.2,7.4,10.8,70.4,77.8,7.4
SNI,2026-06-22,348,11,3.2,5,1.4,24,158,210,239,267,43,15,23,41,252,286,299,310,15,23,6.9,45.4,60.3,4.3,11.8,72.4,82.2,4.3
SNI,2026-06-23,402,8,2,3,0.7,52,228,281,295,309,55,16,22,89,323,345,353,364,16,22,12.9,56.7,69.9,4,22.1,80.3,85.8,4
SNI,2026-06-24,269,2,0.7,1,0.4,29,158,187,200,219,31,7,12,36,210,229,236,250,7,12,10.8,58.7,69.5,2.6,13.4,78.1,85.1,2.6
SNI,2026-06-25,367,2,0.5,1,0.3,35,197,250,268,289,41,15,22,58,286,312,316,330,15,22,9.5,53.7,68.1,4.1,15.8,77.9,85,4.1
SNI,2026-06-26,350,5,1.4,1,0.3,28,194,222,248,270,32,25,23,46,263,275,287,302,25,23,8,55.4,63.4,7.1,13.1,75.1,78.6,7.1
SNI,2026-06-27,541,8,1.5,4,0.7,40,279,355,389,406,68,37,30,55,373,459,470,474,37,30,7.4,51.6,65.6,6.8,10.2,68.9,84.8,6.8
SNI,2026-06-28,570,5,0.9,2,0.4,41,315,409,438,467,54,34,15,53,430,500,504,521,34,15,7.2,55.3,71.8,6,9.3,75.4,87.7,6
SNI,2026-06-29,746,15,2,3,0.4,53,429,536,579,628,72,22,24,84,580,659,678,700,22,24,7.1,57.5,71.8,2.9,11.3,77.7,88.3,2.9
SNI,2026-06-30,1303,24,1.8,5,0.4,188,791,973,1032,1078,145,29,51,264,1079,1165,1196,1223,29,51,14.4,60.7,74.7,2.2,20.3,82.8,89.4,2.2
SNI,2026-07-01,2064,18,0.9,3,0.1,305,1240,1464,1582,1716,222,66,60,438,1684,1814,1882,1938,66,60,14.8,60.1,70.9,3.2,21.2,81.6,87.9,3.2
SNI,2026-07-02,2450,35,1.4,6,0.2,458,1491,1764,1875,2055,239,55,101,630,1940,2116,2175,2294,55,101,18.7,60.9,72,2.2,25.7,79.2,86.4,2.2
SNI,2026-07-03,2399,53,2.2,4,0.2,416,1407,1625,1760,1946,290,55,108,586,1905,2025,2104,2236,55,108,17.3,58.6,67.7,2.3,24.4,79.4,84.4,2.3
SNI,2026-07-04,2237,41,1.8,4,0.2,389,1202,1506,1640,1823,241,49,124,548,1667,1876,1956,2064,49,124,17.4,53.7,67.3,2.2,24.5,74.5,83.9,2.2
SNI,2026-07-05,2028,45,2.2,3,0.1,266,1071,1348,1461,1627,218,51,132,383,1508,1704,1750,1845,51,132,13.1,52.8,66.5,2.5,18.9,74.4,84,2.5
SNI,2026-07-06,1316,22,1.7,4,0.3,151,731,898,965,1076,151,31,58,247,1017,1125,1158,1227,31,58,11.5,55.5,68.2,2.4,18.8,77.3,85.5,2.4
SNI,2026-07-07,1439,26,1.8,5,0.3,135,760,932,1011,1131,188,44,76,211,1066,1175,1237,1319,44,76,9.4,52.8,64.8,3.1,14.7,74.1,81.7,3.1
SNI,2026-07-08,1430,48,3.4,4,0.3,148,754,925,1003,1123,180,37,90,227,1038,1163,1222,1303,37,90,10.3,52.7,64.7,2.6,15.9,72.6,81.3,2.6
SNI,2026-07-09,1164,18,1.5,1,0.1,159,657,810,863,949,128,24,63,242,926,1002,1023,1077,24,63,13.7,56.4,69.6,2.1,20.8,79.6,86.1,2.1
SNI,2026-07-10,1211,25,2.1,1,0.1,184,686,820,883,987,149,37,38,253,942,1020,1060,1136,37,38,15.2,56.6,67.7,3.1,20.9,77.8,84.2,3.1
SNI,2026-07-11,1326,20,1.5,3,0.2,187,717,893,987,1128,132,29,37,263,993,1121,1175,1260,29,37,14.1,54.1,67.3,2.2,19.8,74.9,84.5,2.2
SNI,2026-07-12,1231,19,1.5,1,0.1,127,694,877,951,1037,127,28,39,185,924,1065,1116,1164,28,39,10.3,56.4,71.2,2.3,15,75.1,86.5,2.3
SNI,2026-07-13,1217,28,2.3,6,0.5,106,622,779,867,934,162,56,65,157,876,969,1050,1096,56,65,8.7,51.1,64,4.6,12.9,72,79.6,4.6
SNI,2026-07-14,965,25,2.6,2,0.2,104,560,662,711,779,108,38,40,156,760,827,844,887,38,40,10.8,58,68.6,3.9,16.2,78.8,85.7,3.9
SNI,2026-07-15,1069,23,2.2,3,0.3,186,616,757,806,868,111,36,54,242,826,902,919,979,36,54,17.4,57.6,70.8,3.4,22.6,77.3,84.4,3.4
SNI,2026-07-16,960,25,2.6,4,0.4,127,542,649,678,730,133,49,48,175,739,808,824,863,49,48,13.2,56.5,67.6,5.1,18.2,77,84.2,5.1
SNI,2026-07-17,790,10,1.3,2,0.3,64,393,473,548,626,94,32,38,103,575,624,663,720,32,38,8.1,49.7,59.9,4.1,13,72.8,79,4.1
SNI,2026-07-18,678,9,1.3,0,0,77,389,490,527,569,77,14,18,108,544,601,623,646,14,18,11.4,57.4,72.3,2.1,15.9,80.2,88.6,2.1
SNI,2026-07-19,615,7,1.1,2,0.3,69,332,424,467,509,79,13,14,96,479,539,561,588,13,14,11.2,54,68.9,2.1,15.6,77.9,87.6,2.1
SNI,2026-07-20,687,7,1,0,0,55,406,490,514,581,77,14,15,87,556,606,622,658,14,15,8,59.1,71.3,2,12.7,80.9,88.2,2
SNI,2026-07-21,788,12,1.5,4,0.5,64,376,487,524,594,117,42,35,99,566,625,652,711,42,35,8.1,47.7,61.8,5.3,12.6,71.8,79.3,5.3
SNI,2026-07-22,554,4,0.7,1,0.2,53,309,385,415,457,58,18,21,71,429,465,483,515,18,21,9.6,55.8,69.5,3.2,12.8,77.4,83.9,3.2
SNI,2026-07-23,533,6,1.1,0,0,64,297,370,392,437,54,18,24,96,396,439,458,491,18,24,12,55.7,69.4,3.4,18,74.3,82.4,3.4
SNI,2026-07-24,438,4,0.9,2,0.5,49,247,302,336,368,48,12,10,71,346,372,391,416,12,10,11.2,56.4,68.9,2.7,16.2,79,84.9,2.7
SNI,2026-07-25,363,7,1.9,1,0.3,38,198,264,287,304,39,8,12,57,280,319,327,343,8,12,10.5,54.5,72.7,2.2,15.7,77.1,87.9,2.2
SNI,2026-07-26,307,2,0.7,1,0.3,36,153,202,222,239,35,14,19,46,230,252,263,274,14,19,11.7,49.8,65.8,4.6,15,74.9,82.1,4.6
SNI,2026-07-27,382,2,0.5,0,0,22,182,234,255,283,59,14,26,37,275,302,317,342,14,26,5.8,47.6,61.3,3.7,9.7,72,79.1,3.7
SNI,2026-07-28,259,3,1.2,0,0,26,139,173,179,188,39,15,17,35,189,212,218,227,15,17,10,53.7,66.8,5.8,13.5,73,81.9,5.8
SNI,2026-07-29,250,2,0.8,0,0,32,155,180,198,211,22,6,11,42,215,224,227,233,6,11,12.8,62,72,2.4,16.8,86,89.6,2.4
SNI,2026-07-30,235,8,3.4,1,0.4,26,136,165,174,179,26,8,22,35,188,201,204,205,8,22,11.1,57.9,70.2,3.4,14.9,80,85.5,3.4
SNI,2026-07-31,234,1,0.4,0,0,17,135,160,183,192,20,8,14,29,188,198,207,212,8,14,7.3,57.7,68.4,3.4,12.4,80.3,84.6,3.4
SNI,2026-08-01,192,4,2.1,1,0.5,18,101,125,140,148,27,7,10,28,146,162,166,175,7,10,9.4,52.6,65.1,3.6,14.6,76,84.4,3.6
SNI,2026-08-02,248,6,2.4,4,1.6,27,121,152,162,176,37,8,27,48,188,198,204,213,8,27,10.9,48.8,61.3,3.2,19.4,75.8,79.8,3.2
SNI,2026-08-03,223,1,0.4,1,0.4,25,126,155,165,175,31,5,12,38,175,194,202,206,5,12,11.2,56.5,69.5,2.2,17,78.5,87,2.2
SNI,2026-08-04,281,1,0.4,0,0,39,183,211,218,225,29,12,15,54,233,245,249,254,12,15,13.9,65.1,75.1,4.3,19.2,82.9,87.2,4.3
SNI,2026-08-05,208,1,0.5,1,0.5,27,110,137,148,156,24,10,18,39,158,171,174,180,10,18,13,52.9,65.9,4.8,18.8,76,82.2,4.8
SNI,2026-08-06,245,0,0,0,0,35,145,170,182,188,27,10,20,41,194,208,213,215,10,20,14.3,59.2,69.4,4.1,16.7,79.2,84.9,4.1
SNI,2026-08-07,205,2,1,1,0.5,18,104,128,140,140,34,3,28,33,160,168,174,174,3,28,8.8,50.7,62.4,1.5,16.1,78,82,1.5
SNI,2026-08-08,228,1,0.4,0,0,28,117,152,152,152,43,4,29,39,174,195,195,195,4,29,12.3,51.3,66.7,1.8,17.1,76.3,85.5,1.8
SNI,2026-08-09,205,1,0.5,1,0.5,23,124,124,124,124,44,0,37,32,168,168,168,168,0,37,11.2,60.5,60.5,0,15.6,82,82,0
SNI,2026-08-10,263,1,0.4,1,0.4,24,24,24,24,24,22,1,216,46,46,46,46,46,1,216,9.1,9.1,9.1,0.4,17.5,17.5,17.5,0.4
SPO,2026-05-12,14,0,0,0,0,0,0,1,2,3,5,0,6,0,0,5,5,7,0,7,0,0,7.1,0,0,0,35.7,0
SPO,2026-05-13,7,0,0,0,0,0,2,4,4,4,3,0,0,0,7,7,7,7,0,0,0,28.6,57.1,0,0,100,100,0
SPO,2026-05-14,8,1,12.5,1,12.5,0,0,2,2,3,3,0,2,0,2,5,5,6,0,2,0,0,25,0,0,25,62.5,0
SPO,2026-06-01,14,0,0,0,0,0,1,2,3,3,10,0,1,2,9,11,11,13,0,1,0,7.1,14.3,0,14.3,64.3,78.6,0
SPO,2026-06-02,12,0,0,0,0,2,5,6,7,7,5,0,0,3,10,12,12,12,0,0,16.7,41.7,50,0,25,83.3,100,0
SPO,2026-06-03,5,0,0,0,0,0,2,2,3,3,2,0,0,2,2,3,4,5,0,0,0,40,40,0,40,40,60,0
SPO,2026-06-04,3,0,0,0,0,0,0,1,1,1,2,0,0,0,1,3,3,3,0,0,0,0,33.3,0,0,33.3,100,0
SPO,2026-06-05,9,0,0,0,0,0,5,6,7,7,2,0,0,0,7,8,8,9,0,0,0,55.6,66.7,0,0,77.8,88.9,0
SPO,2026-06-06,9,0,0,0,0,0,3,3,3,6,1,0,2,0,5,6,6,7,0,2,0,33.3,33.3,0,0,55.6,66.7,0
SPO,2026-06-07,3,0,0,0,0,0,0,1,1,1,1,0,1,0,2,2,2,2,0,1,0,0,33.3,0,0,66.7,66.7,0
SPO,2026-06-08,9,0,0,0,0,0,0,3,3,4,2,0,3,1,5,5,5,6,0,3,0,0,33.3,0,11.1,55.6,55.6,0
SPO,2026-06-19,5,0,0,0,0,0,3,3,3,3,2,0,0,0,5,5,5,5,0,0,0,60,60,0,0,100,100,0
SPO,2026-06-22,4,0,0,0,0,0,1,1,1,2,1,0,1,0,2,2,3,3,0,1,0,25,25,0,0,50,50,0
SPO,2026-06-23,7,1,14.3,1,14.3,0,1,3,3,4,1,0,2,1,5,5,5,5,0,2,0,14.3,42.9,0,14.3,71.4,71.4,0
SPO,2026-06-24,4,0,0,0,0,0,1,2,2,2,2,0,0,0,4,4,4,4,0,0,0,25,50,0,0,100,100,0
SPO,2026-06-25,6,0,0,0,0,0,3,3,3,3,3,0,0,1,5,5,6,6,0,0,0,50,50,0,16.7,83.3,83.3,0
SPO,2026-06-26,3,0,0,0,0,0,2,2,2,2,1,0,0,0,3,3,3,3,0,0,0,66.7,66.7,0,0,100,100,0
SPO,2026-06-27,6,0,0,0,0,0,1,4,4,5,1,0,0,0,4,5,5,6,0,0,0,16.7,66.7,0,0,66.7,83.3,0
SPO,2026-06-28,4,0,0,0,0,0,1,1,1,1,3,0,0,0,3,3,3,4,0,0,0,25,25,0,0,75,75,0
SPO,2026-06-29,5,0,0,0,0,0,3,3,4,4,1,0,0,1,5,5,5,5,0,0,0,60,60,0,20,100,100,0
SPO,2026-06-30,10,0,0,0,0,0,1,3,4,4,5,0,1,1,8,8,8,9,0,1,0,10,30,0,10,80,80,0
SPO,2026-07-01,18,0,0,0,0,1,6,7,8,8,9,0,1,1,14,15,17,17,0,1,5.6,33.3,38.9,0,5.6,77.8,83.3,0
SPO,2026-07-02,4,0,0,0,0,0,2,3,3,3,0,0,1,0,3,3,3,3,0,1,0,50,75,0,0,75,75,0
SPO,2026-07-03,3,0,0,0,0,0,0,1,1,3,0,0,0,0,3,3,3,3,0,0,0,0,33.3,0,0,100,100,0
SPO,2026-07-04,3,0,0,0,0,1,2,2,3,3,0,0,0,2,2,3,3,3,0,0,33.3,66.7,66.7,0,66.7,66.7,100,0
SPO,2026-07-05,1,0,0,0,0,0,0,0,1,1,0,0,0,0,1,1,1,1,0,0,0,0,0,0,0,100,100,0
SPO,2026-07-06,17,1,5.9,0,0,3,4,5,5,7,9,0,1,5,13,13,13,16,0,1,17.6,23.5,29.4,0,29.4,76.5,76.5,0
SPO,2026-07-08,7,0,0,0,0,0,1,2,2,3,4,0,0,0,4,6,6,7,0,0,0,14.3,28.6,0,0,57.1,85.7,0
SPO,2026-07-09,9,0,0,0,0,1,3,4,5,7,1,0,1,1,8,8,8,8,0,1,11.1,33.3,44.4,0,11.1,88.9,88.9,0
SPO,2026-07-10,20,0,0,0,0,2,9,11,13,15,3,0,2,3,16,16,16,18,0,2,10,45,55,0,15,80,80,0
SPO,2026-07-11,16,0,0,0,0,0,5,6,8,11,4,0,1,1,11,13,14,15,0,1,0,31.3,37.5,0,6.3,68.8,81.3,0
SPO,2026-07-12,2,0,0,0,0,0,0,0,0,1,1,0,0,0,2,2,2,2,0,0,0,0,0,0,0,100,100,0
SPO,2026-07-14,11,0,0,0,0,1,3,5,6,6,5,0,0,2,10,10,11,11,0,0,9.1,27.3,45.5,0,18.2,90.9,90.9,0
SPO,2026-07-16,6,0,0,0,0,0,0,0,0,2,1,0,3,0,2,2,2,3,0,3,0,0,0,0,0,33.3,33.3,0
SPO,2026-07-17,8,0,0,0,0,0,6,7,7,7,1,0,0,0,8,8,8,8,0,0,0,75,87.5,0,0,100,100,0
SPO,2026-07-18,5,0,0,0,0,1,3,3,3,3,1,0,1,1,3,3,3,4,0,1,20,60,60,0,20,60,60,0
SPO,2026-07-19,1,0,0,0,0,0,0,0,0,0,0,0,1,0,0,0,0,0,0,1,0,0,0,0,0,0,0,0
SPO,2026-07-20,9,0,0,0,0,0,5,6,7,8,1,0,0,1,7,8,8,9,0,0,0,55.6,66.7,0,11.1,77.8,88.9,0
SPO,2026-07-21,9,1,11.1,0,0,0,0,1,1,3,6,0,0,0,2,5,5,9,0,0,0,0,11.1,0,0,22.2,55.6,0
SPO,2026-07-22,8,0,0,0,0,1,3,4,4,5,2,0,1,1,5,5,5,7,0,1,12.5,37.5,50,0,12.5,62.5,62.5,0
SPO,2026-07-23,8,0,0,0,0,0,5,5,5,5,2,0,1,1,6,7,7,7,0,1,0,62.5,62.5,0,12.5,75,87.5,0
SPO,2026-07-24,2,0,0,0,0,0,0,0,0,0,2,0,0,2,2,2,2,2,0,0,0,0,0,0,100,100,100,0
SPO,2026-07-25,12,0,0,0,0,1,6,6,6,7,3,0,2,1,7,7,8,10,0,2,8.3,50,50,0,8.3,58.3,58.3,0
SPO,2026-07-26,4,1,25,0,0,0,2,2,2,2,1,0,1,1,2,3,3,3,0,1,0,50,50,0,25,50,75,0
SPO,2026-07-27,18,0,0,0,0,1,9,13,15,15,2,0,1,3,16,17,17,17,0,1,5.6,50,72.2,0,16.7,88.9,94.4,0
SPO,2026-07-28,8,0,0,0,0,0,6,6,6,6,2,0,0,0,8,8,8,8,0,0,0,75,75,0,0,100,100,0
SPO,2026-07-29,6,0,0,0,0,0,0,1,1,3,2,0,1,1,2,4,4,5,0,1,0,0,16.7,0,16.7,33.3,66.7,0
SPO,2026-07-30,9,0,0,0,0,0,4,5,5,6,3,0,0,3,6,8,8,9,0,0,0,44.4,55.6,0,33.3,66.7,88.9,0
SPO,2026-07-31,9,0,0,0,0,0,6,7,8,8,1,0,0,0,7,9,9,9,0,0,0,66.7,77.8,0,0,77.8,100,0
SPO,2026-08-01,4,0,0,0,0,1,2,3,3,3,1,0,0,1,4,4,4,4,0,0,25,50,75,0,25,100,100,0
SPO,2026-08-02,3,0,0,0,0,0,1,2,2,2,0,0,1,0,1,2,2,2,0,1,0,33.3,66.7,0,0,33.3,66.7,0
SPO,2026-08-03,9,1,11.1,0,0,0,2,5,5,6,1,0,2,0,6,7,7,7,0,2,0,22.2,55.6,0,0,66.7,77.8,0
SPO,2026-08-04,8,0,0,0,0,0,3,4,5,5,1,0,2,0,4,5,6,6,0,2,0,37.5,50,0,0,50,62.5,0
SPO,2026-08-05,11,1,9.1,0,0,0,8,8,8,9,1,0,1,2,10,10,10,10,0,1,0,72.7,72.7,0,18.2,90.9,90.9,0
SPO,2026-08-06,11,0,0,0,0,0,5,5,5,6,4,0,1,0,6,7,8,10,0,1,0,45.5,45.5,0,0,54.5,63.6,0
SPO,2026-08-07,4,0,0,0,0,1,2,3,3,3,1,0,0,1,4,4,4,4,0,0,25,50,75,0,25,100,100,0
SPO,2026-08-08,12,0,0,0,0,0,3,4,4,4,1,0,7,0,5,5,5,5,0,7,0,25,33.3,0,0,41.7,41.7,0
SPO,2026-08-09,3,0,0,0,0,0,1,1,1,1,2,0,0,0,3,3,3,3,0,0,0,33.3,33.3,0,0,100,100,0
SPO,2026-08-10,7,0,0,0,0,0,0,0,0,0,0,0,7,0,0,0,0,0,0,7,0,0,0,0,0,0,0,0
SRS,2026-05-08,2497,13,0.5,0,0,0,0,0,0,32,69,1,2395,0,0,0,0,100,1,2396,0,0,0,0,0,0,0,0
SRS,2026-05-09,2090,7,0.3,0,0,0,0,0,0,67,82,0,1941,0,0,0,0,147,0,1943,0,0,0,0,0,0,0,0
SRS,2026-05-10,1895,0,0,0,0,0,0,0,0,120,88,4,1683,0,0,0,0,203,4,1688,0,0,0,0.2,0,0,0,0.2
SRS,2026-05-11,2279,2,0.1,0,0,0,0,0,87,229,177,10,1863,0,0,0,226,400,10,1869,0,0,0,0.4,0,0,0,0.4
SRS,2026-05-12,2136,1,0,0,0,0,0,173,238,343,198,17,1578,0,0,337,421,536,17,1583,0,0,8.1,0.8,0,0,15.8,0.8
SRS,2026-05-13,1676,6,0.4,2,0.1,0,481,602,654,758,235,20,663,0,794,879,908,987,20,669,0,28.7,35.9,1.2,0,47.4,52.4,1.2
SRS,2026-05-14,2022,6,0.3,1,0,901,1352,1505,1548,1636,285,57,44,1199,1739,1816,1846,1921,57,44,44.6,66.9,74.4,2.8,59.3,86,89.8,2.8
SRS,2026-05-15,1750,11,0.6,3,0.2,699,1133,1229,1282,1383,299,30,38,969,1512,1568,1605,1682,30,38,39.9,64.7,70.2,1.7,55.4,86.4,89.6,1.7
SRS,2026-05-16,1614,5,0.3,1,0.1,634,977,1145,1207,1299,239,44,32,865,1295,1420,1468,1538,44,32,39.3,60.5,70.9,2.7,53.6,80.2,88,2.7
SRS,2026-05-17,1117,0,0,0,0,483,806,907,950,998,89,26,4,671,976,1034,1066,1087,26,4,43.2,72.2,81.2,2.3,60.1,87.4,92.6,2.3
SRS,2026-05-18,1669,0,0,0,0,621,1106,1273,1333,1410,192,42,25,844,1426,1526,1562,1602,42,25,37.2,66.3,76.3,2.5,50.6,85.4,91.4,2.5
SRS,2026-05-19,1880,1,0.1,0,0,805,1288,1442,1512,1618,191,51,20,1073,1591,1698,1750,1809,51,20,42.8,68.5,76.7,2.7,57.1,84.6,90.3,2.7
SRS,2026-05-20,1984,2,0.1,0,0,882,1359,1494,1549,1627,245,81,31,1236,1724,1790,1821,1872,81,31,44.5,68.5,75.3,4.1,62.3,86.9,90.2,4.1
SRS,2026-05-21,2156,3,0.1,0,0,921,1404,1538,1595,1711,317,84,44,1211,1819,1914,1951,2028,84,44,42.7,65.1,71.3,3.9,56.2,84.4,88.8,3.9
SRS,2026-05-22,1922,4,0.2,0,0,837,1262,1385,1447,1556,257,62,47,1114,1631,1703,1755,1813,62,47,43.5,65.7,72.1,3.2,58,84.9,88.6,3.2
SRS,2026-05-23,1417,3,0.2,0,0,558,913,1061,1130,1195,156,44,22,776,1148,1266,1309,1351,44,22,39.4,64.4,74.9,3.1,54.8,81,89.3,3.1
SRS,2026-05-24,1128,2,0.2,0,0,489,801,892,936,981,103,30,14,663,988,1047,1064,1084,30,14,43.4,71,79.1,2.7,58.8,87.6,92.8,2.7
SRS,2026-05-25,1624,2,0.1,2,0.1,572,1016,1170,1220,1286,251,44,43,767,1372,1457,1487,1537,44,43,35.2,62.6,72,2.7,47.2,84.5,89.7,2.7
SRS,2026-05-26,1886,1,0.1,0,0,673,1174,1312,1363,1456,296,86,48,909,1569,1648,1681,1752,86,48,35.7,62.2,69.6,4.6,48.2,83.2,87.4,4.6
SRS,2026-05-27,2050,10,0.5,0,0,684,1214,1355,1422,1554,373,42,81,918,1618,1734,1795,1927,42,81,33.4,59.2,66.1,2,44.8,78.9,84.6,2
SRS,2026-05-28,2832,6,0.2,0,0,1299,1933,2125,2188,2363,351,43,75,1709,2386,2531,2575,2714,43,75,45.9,68.3,75,1.5,60.3,84.3,89.4,1.5
SRS,2026-05-29,2665,6,0.2,0,0,1187,1750,1923,2001,2171,343,80,71,1572,2240,2306,2380,2514,80,71,44.5,65.7,72.2,3,59,84.1,86.5,3
SRS,2026-05-30,2556,16,0.6,0,0,1082,1540,1749,1868,2013,398,56,89,1497,2039,2228,2309,2411,56,89,42.3,60.3,68.4,2.2,58.6,79.8,87.2,2.2
SRS,2026-05-31,1961,3,0.2,0,0,837,1322,1483,1559,1671,188,48,54,1132,1642,1742,1795,1859,48,54,42.7,67.4,75.6,2.4,57.7,83.7,88.8,2.4
SRS,2026-06-01,2600,12,0.5,1,0,937,1649,1871,1966,2104,334,61,101,1266,2105,2252,2322,2438,61,101,36,63.4,72,2.3,48.7,81,86.6,2.3
SRS,2026-06-02,2910,24,0.8,2,0.1,1041,1675,1903,1980,2123,591,94,102,1448,2332,2525,2572,2714,94,102,35.8,57.6,65.4,3.2,49.8,80.1,86.8,3.2
SRS,2026-06-03,2627,9,0.3,0,0,1053,1687,1880,1975,2135,347,66,79,1466,2220,2305,2359,2482,66,79,40.1,64.2,71.6,2.5,55.8,84.5,87.7,2.5
SRS,2026-06-04,3137,12,0.4,0,0,1259,1959,2187,2255,2445,495,100,97,1809,2610,2738,2786,2940,100,97,40.1,62.4,69.7,3.2,57.7,83.2,87.3,3.2
SRS,2026-06-05,3040,16,0.5,0,0,1335,1997,2161,2290,2463,409,73,95,1856,2554,2639,2719,2872,73,95,43.9,65.7,71.1,2.4,61.1,84,86.8,2.4
SRS,2026-06-06,3035,18,0.6,0,0,1383,1893,2142,2275,2475,388,65,107,1931,2478,2650,2718,2863,65,107,45.6,62.4,70.6,2.1,63.6,81.6,87.3,2.1
SRS,2026-06-07,2984,13,0.4,0,0,1282,1997,2241,2362,2562,267,62,93,1832,2524,2633,2715,2829,62,93,43,66.9,75.1,2.1,61.4,84.6,88.2,2.1
SRS,2026-06-08,3293,31,0.9,0,0,1338,2051,2309,2454,2653,431,91,118,1922,2671,2847,2947,3084,91,118,40.6,62.3,70.1,2.8,58.4,81.1,86.5,2.8
SRS,2026-06-09,3467,23,0.7,0,0,1395,2127,2383,2505,2706,512,137,112,1886,2739,2939,3034,3218,137,112,40.2,61.3,68.7,4,54.4,79,84.8,4
SRS,2026-06-10,3425,19,0.6,0,0,1432,2181,2431,2541,2743,527,70,85,1994,2856,3012,3103,3270,70,85,41.8,63.7,71,2,58.2,83.4,87.9,2
SRS,2026-06-11,6488,127,2,0,0,1571,2576,2965,3140,3551,2459,67,411,2162,4782,5282,5460,6010,67,411,24.2,39.7,45.7,1,33.3,73.7,81.4,1
SRS,2026-06-12,2895,21,0.7,0,0,1164,1753,1943,2063,2258,437,56,144,1611,2300,2435,2525,2695,56,144,40.2,60.6,67.1,1.9,55.6,79.4,84.1,1.9
SRS,2026-06-13,2537,16,0.6,0,0,1116,1586,1823,1914,2100,326,51,60,1544,2048,2213,2289,2426,51,60,44,62.5,71.9,2,60.9,80.7,87.2,2
SRS,2026-06-14,4019,26,0.6,0,0,2068,2897,3198,3349,3524,299,87,109,2699,3456,3636,3715,3823,87,109,51.5,72.1,79.6,2.2,67.2,86,90.5,2.2
SRS,2026-06-15,5045,27,0.5,0,0,2393,3442,3801,3956,4155,634,97,159,3197,4254,4484,4593,4789,97,159,47.4,68.2,75.3,1.9,63.4,84.3,88.9,1.9
SRS,2026-06-16,3328,17,0.5,7,0.2,1584,2349,2598,2696,2832,335,67,94,2134,2874,3011,3068,3167,67,94,47.6,70.6,78.1,2,64.1,86.4,90.5,2
SRS,2026-06-17,3296,35,1.1,11,0.3,1475,2217,2444,2527,2642,459,72,123,2056,2807,2945,3007,3101,72,123,44.8,67.3,74.2,2.2,62.4,85.2,89.4,2.2
SRS,2026-06-18,3129,30,1,5,0.2,1421,2058,2269,2318,2455,470,96,108,1887,2618,2753,2791,2925,96,108,45.4,65.8,72.5,3.1,60.3,83.7,88,3.1
SRS,2026-06-19,2335,16,0.7,0,0,1072,1555,1679,1752,1865,348,56,66,1438,2023,2084,2120,2213,56,66,45.9,66.6,71.9,2.4,61.6,86.6,89.3,2.4
SRS,2026-06-20,837,0,0,0,0,216,461,564,601,653,145,18,21,283,634,719,749,798,18,21,25.8,55.1,67.4,2.2,33.8,75.7,85.9,2.2
SRS,2026-06-21,481,0,0,0,0,171,324,370,388,416,43,10,12,225,404,431,439,459,10,12,35.6,67.4,76.9,2.1,46.8,84,89.6,2.1
SRS,2026-06-22,2444,8,0.3,1,0,207,582,700,764,877,1311,25,231,346,1592,1803,1928,2188,25,231,8.5,23.8,28.6,1,14.2,65.1,73.8,1
SRS,2026-06-23,1239,2,0.2,0,0,248,531,617,660,717,426,36,60,364,936,1027,1068,1143,36,60,20,42.9,49.8,2.9,29.4,75.5,82.9,2.9
SRS,2026-06-24,975,2,0.2,0,0,205,522,606,636,688,205,45,37,267,771,827,853,893,45,37,21,53.5,62.2,4.6,27.4,79.1,84.8,4.6
SRS,2026-06-25,926,1,0.1,0,0,44,328,418,452,507,321,38,60,115,638,729,760,828,38,60,4.8,35.4,45.1,4.1,12.4,68.9,78.7,4.1
SRS,2026-06-26,1810,5,0.3,0,0,394,836,962,1034,1190,500,44,76,584,1395,1497,1564,1690,44,76,21.8,46.2,53.1,2.4,32.3,77.1,82.7,2.4
SRS,2026-06-27,3340,0,0,0,0,1632,2177,2432,2559,2725,455,87,73,2263,2784,2981,3054,3180,87,73,48.9,65.2,72.8,2.6,67.8,83.4,89.3,2.6
SRS,2026-06-28,972,1,0.1,0,0,367,633,731,764,820,122,17,13,513,811,872,901,942,17,13,37.8,65.1,75.2,1.7,52.8,83.4,89.7,1.7
SRS,2026-06-29,1886,2,0.1,0,0,387,837,973,1040,1142,574,99,71,613,1425,1551,1610,1716,99,71,20.5,44.4,51.6,5.2,32.5,75.6,82.2,5.2
SRS,2026-06-30,1258,3,0.2,0,0,244,596,727,780,841,331,40,46,426,974,1065,1099,1172,40,46,19.4,47.4,57.8,3.2,33.9,77.4,84.7,3.2
SRS,2026-07-01,1460,5,0.3,0,0,298,713,841,896,976,364,50,70,463,1122,1217,1252,1340,50,70,20.4,48.8,57.6,3.4,31.7,76.8,83.4,3.4
SRS,2026-07-02,1101,1,0.1,0,0,249,619,696,728,825,209,35,32,367,878,931,953,1034,35,32,22.6,56.2,63.2,3.2,33.3,79.7,84.6,3.2
SRS,2026-07-03,1532,4,0.3,0,0,237,590,681,752,889,535,31,77,468,1142,1221,1285,1424,31,77,15.5,38.5,44.5,2,30.5,74.5,79.7,2
SRS,2026-07-04,1174,6,0.5,0,0,311,614,714,771,891,208,24,51,466,873,948,989,1099,24,51,26.5,52.3,60.8,2,39.7,74.4,80.7,2
SRS,2026-07-05,851,5,0.6,0,0,253,470,582,629,707,113,12,19,384,681,735,763,820,12,19,29.7,55.2,68.4,1.4,45.1,80,86.4,1.4
SRS,2026-07-06,1408,3,0.2,0,0,264,680,823,899,1034,296,33,45,411,1063,1150,1213,1330,33,45,18.8,48.3,58.5,2.3,29.2,75.5,81.7,2.3
SRS,2026-07-07,1609,11,0.7,0,0,318,707,841,936,1059,474,26,50,512,1208,1334,1391,1533,26,50,19.8,43.9,52.3,1.6,31.8,75.1,82.9,1.6
SRS,2026-07-08,1762,7,0.4,0,0,494,973,1117,1183,1320,356,43,43,760,1398,1496,1533,1676,43,43,28,55.2,63.4,2.4,43.1,79.3,84.9,2.4
SRS,2026-07-09,1363,8,0.6,0,0,400,801,926,972,1076,211,38,38,595,1097,1162,1187,1287,38,38,29.3,58.8,67.9,2.8,43.7,80.5,85.3,2.8
SRS,2026-07-10,1217,12,1,0,0,251,581,672,734,856,309,18,34,326,878,959,1005,1165,18,34,20.6,47.7,55.2,1.5,26.8,72.1,78.8,1.5
SRS,2026-07-11,1271,22,1.7,0,0,191,443,552,599,709,489,24,49,335,833,948,1013,1198,24,49,15,34.9,43.4,1.9,26.4,65.5,74.6,1.9
SRS,2026-07-12,637,2,0.3,0,0,154,360,423,468,529,78,11,19,233,458,531,552,607,11,19,24.2,56.5,66.4,1.7,36.6,71.9,83.4,1.7
SRS,2026-07-13,1845,42,2.3,0,0,185,621,760,826,981,632,128,104,280,1131,1306,1376,1613,128,104,10,33.7,41.2,6.9,15.2,61.3,70.8,6.9
SRS,2026-07-14,2315,65,2.8,0,0,267,602,715,776,910,1028,211,166,795,1464,1583,1668,1938,211,166,11.5,26,30.9,9.1,34.3,63.2,68.4,9.1
SRS,2026-07-15,1272,26,2,0,0,240,553,646,703,818,353,59,42,448,878,979,1025,1171,59,42,18.9,43.5,50.8,4.6,35.2,69,77,4.6
SRS,2026-07-16,1090,20,1.8,0,0,240,545,629,665,763,251,34,42,352,757,829,859,1014,34,42,22,50,57.7,3.1,32.3,69.4,76.1,3.1
SRS,2026-07-17,1135,18,1.6,0,0,257,500,595,632,728,319,40,48,409,863,914,950,1047,40,48,22.6,44.1,52.4,3.5,36,76,80.5,3.5
SRS,2026-07-18,615,6,1,0,0,234,366,408,428,476,102,23,14,347,488,515,537,578,23,14,38,59.5,66.3,3.7,56.4,79.3,83.7,3.7
SRS,2026-07-19,398,5,1.3,0,0,155,267,299,308,321,62,13,2,226,349,362,363,383,13,2,38.9,67.1,75.1,3.3,56.8,87.7,91,3.3
SRS,2026-07-20,536,10,1.9,0,0,145,299,336,354,379,118,34,5,204,437,464,471,497,34,5,27.1,55.8,62.7,6.3,38.1,81.5,86.6,6.3
SRS,2026-07-21,2580,187,7.2,7,0.3,306,579,722,780,856,1316,308,100,836,1676,1809,1885,2172,308,100,11.9,22.4,28,11.9,32.4,65,70.1,11.9
SRS,2026-07-22,786,43,5.5,4,0.5,87,214,257,273,301,373,75,37,123,502,560,584,674,75,37,11.1,27.2,32.7,9.5,15.6,63.9,71.2,9.5
SRS,2026-07-23,1152,67,5.8,9,0.8,132,283,341,371,407,591,104,50,294,786,871,894,998,104,50,11.5,24.6,29.6,9,25.5,68.2,75.6,9
SRS,2026-07-24,552,42,7.6,3,0.5,70,184,219,241,274,236,23,19,136,395,429,459,510,23,19,12.7,33.3,39.7,4.2,24.6,71.6,77.7,4.2
SRS,2026-07-25,281,4,1.4,3,1.1,79,148,181,202,214,60,4,3,121,220,251,261,274,4,3,28.1,52.7,64.4,1.4,43.1,78.3,89.3,1.4
SRS,2026-07-26,282,7,2.5,2,0.7,78,147,166,173,187,77,13,5,144,233,246,248,264,13,5,27.7,52.1,58.9,4.6,51.1,82.6,87.2,4.6
SRS,2026-07-27,765,17,2.2,2,0.3,73,239,292,313,351,348,49,17,107,573,616,651,699,49,17,9.5,31.2,38.2,6.4,14,74.9,80.5,6.4
SRS,2026-07-28,681,24,3.5,0,0,101,272,330,361,391,234,43,13,132,519,567,579,625,43,13,14.8,39.9,48.5,6.3,19.4,76.2,83.3,6.3
SRS,2026-07-29,418,7,1.7,0,0,107,209,234,250,270,118,20,10,136,336,356,368,388,20,10,25.6,50,56,4.8,32.5,80.4,85.2,4.8
SRS,2026-07-30,392,6,1.5,0,0,103,205,236,248,275,85,25,7,149,314,332,337,360,25,7,26.3,52.3,60.2,6.4,38,80.1,84.7,6.4
SRS,2026-07-31,889,38,4.3,0,0,107,224,261,286,319,450,80,40,169,611,666,706,769,80,40,12,25.2,29.4,9,19,68.7,74.9,9
SRS,2026-08-01,544,3,0.6,0,0,261,363,422,437,472,60,9,3,361,463,495,502,532,9,3,48,66.7,77.6,1.7,66.4,85.1,91,1.7
SRS,2026-08-02,221,0,0,0,0,76,147,165,180,190,21,3,7,104,186,191,200,211,3,7,34.4,66.5,74.7,1.4,47.1,84.2,86.4,1.4
SRS,2026-08-03,596,17,2.9,8,1.3,110,268,321,352,369,165,28,34,172,465,501,515,534,28,34,18.5,45,53.9,4.7,28.9,78,84.1,4.7
SRS,2026-08-04,476,6,1.3,0,0,145,267,306,327,338,99,19,20,197,388,415,428,437,19,20,30.5,56.1,64.3,4,41.4,81.5,87.2,4
SRS,2026-08-05,477,16,3.4,9,1.9,65,138,157,167,177,222,11,67,79,348,374,389,399,11,67,13.6,28.9,32.9,2.3,16.6,73,78.4,2.3
SRS,2026-08-06,467,3,0.6,1,0.2,55,168,199,209,217,155,45,50,80,334,360,365,372,45,50,11.8,36,42.6,9.6,17.1,71.5,77.1,9.6
SRS,2026-08-07,569,6,1.1,0,0,77,185,221,243,243,203,35,88,161,405,434,446,446,35,88,13.5,32.5,38.8,6.2,28.3,71.2,76.3,6.2
SRS,2026-08-08,411,3,0.7,3,0.7,68,132,169,169,169,148,23,71,167,279,317,317,317,23,71,16.5,32.1,41.1,5.6,40.6,67.9,77.1,5.6
SRS,2026-08-09,180,0,0,0,0,59,113,113,113,113,26,7,34,81,139,139,139,139,7,34,32.8,62.8,62.8,3.9,45,77.2,77.2,3.9
SRS,2026-08-10,618,0,0,0,0,91,91,91,91,91,134,9,384,225,225,225,225,225,9,384,14.7,14.7,14.7,1.5,36.4,36.4,36.4,1.5
SSS,2026-05-08,2,0,0,0,0,0,0,0,0,0,0,0,2,0,0,0,0,0,0,2,0,0,0,0,0,0,0,0
SSS,2026-05-09,3,0,0,0,0,0,0,0,0,0,2,0,1,0,0,0,0,2,0,1,0,0,0,0,0,0,0,0
SSS,2026-05-11,1,0,0,0,0,0,0,0,0,0,0,0,1,0,0,0,0,0,0,1,0,0,0,0,0,0,0,0
SSS,2026-05-12,3,1,33.3,0,0,0,0,0,0,0,1,0,2,0,0,0,0,1,0,2,0,0,0,0,0,0,0,0
SSS,2026-05-13,4,0,0,0,0,0,3,3,3,3,1,0,0,0,3,3,3,4,0,0,0,75,75,0,0,75,75,0
SSS,2026-05-14,6,0,0,0,0,0,5,5,5,5,0,1,0,0,5,5,5,5,1,0,0,83.3,83.3,16.7,0,83.3,83.3,16.7
SSS,2026-05-15,2,0,0,0,0,1,2,2,2,2,0,0,0,1,2,2,2,2,0,0,50,100,100,0,50,100,100,0
SSS,2026-05-18,8,0,0,0,0,0,0,1,1,1,5,0,2,1,6,6,6,6,0,2,0,0,12.5,0,12.5,75,75,0
SSS,2026-05-20,6,0,0,0,0,0,1,1,1,1,5,0,0,0,5,5,5,6,0,0,0,16.7,16.7,0,0,83.3,83.3,0
SSS,2026-05-21,1,0,0,0,0,0,0,0,0,0,0,0,1,0,0,0,0,0,0,1,0,0,0,0,0,0,0,0
SSS,2026-05-22,3,0,0,0,0,1,1,3,3,3,0,0,0,1,3,3,3,3,0,0,33.3,33.3,100,0,33.3,100,100,0
SSS,2026-05-24,2,0,0,0,0,0,1,1,1,2,0,0,0,0,2,2,2,2,0,0,0,50,50,0,0,100,100,0
SSS,2026-05-26,4,0,0,0,0,0,4,4,4,4,0,0,0,0,4,4,4,4,0,0,0,100,100,0,0,100,100,0
SSS,2026-05-27,7,0,0,0,0,2,4,4,5,5,2,0,0,2,6,7,7,7,0,0,28.6,57.1,57.1,0,28.6,85.7,100,0
SSS,2026-05-28,4,0,0,0,0,1,3,4,4,4,0,0,0,1,3,4,4,4,0,0,25,75,100,0,25,75,100,0
SSS,2026-05-29,8,0,0,0,0,0,1,1,3,4,4,0,0,1,5,6,7,8,0,0,0,12.5,12.5,0,12.5,62.5,75,0
SSS,2026-05-30,8,0,0,0,0,0,3,5,5,6,2,0,0,1,5,7,7,8,0,0,0,37.5,62.5,0,12.5,62.5,87.5,0
SSS,2026-06-01,20,0,0,0,0,5,15,16,18,18,0,2,0,6,17,18,18,18,2,0,25,75,80,10,30,85,90,10
SSS,2026-06-02,8,0,0,0,0,2,5,5,5,5,2,0,1,2,7,7,7,7,0,1,25,62.5,62.5,0,25,87.5,87.5,0
SSS,2026-06-03,4,0,0,0,0,0,3,3,3,3,1,0,0,0,4,4,4,4,0,0,0,75,75,0,0,100,100,0
SSS,2026-06-04,9,1,11.1,0,0,0,0,0,1,1,4,2,2,0,3,5,5,5,2,2,0,0,0,22.2,0,33.3,55.6,22.2
SSS,2026-06-05,6,0,0,0,0,1,2,5,6,6,0,0,0,1,6,6,6,6,0,0,16.7,33.3,83.3,0,16.7,100,100,0
SSS,2026-06-06,5,0,0,0,0,0,0,3,3,3,2,0,0,0,1,4,5,5,0,0,0,0,60,0,0,20,80,0
SSS,2026-06-07,3,0,0,0,0,0,1,1,1,3,0,0,0,0,3,3,3,3,0,0,0,33.3,33.3,0,0,100,100,0
SSS,2026-06-08,3,0,0,0,0,0,1,1,1,2,0,0,1,0,2,2,2,2,0,1,0,33.3,33.3,0,0,66.7,66.7,0
SSS,2026-06-10,9,2,22.2,1,11.1,1,1,1,1,1,6,0,2,1,7,7,7,7,0,2,11.1,11.1,11.1,0,11.1,77.8,77.8,0
SSS,2026-06-11,16,1,6.3,1,6.3,0,3,4,6,8,4,0,4,1,7,9,10,12,0,4,0,18.8,25,0,6.3,43.8,56.3,0
SSS,2026-06-12,20,0,0,0,0,5,13,13,16,17,2,1,0,5,17,17,18,19,1,0,25,65,65,5,25,85,85,5
SSS,2026-06-13,18,0,0,0,0,4,5,8,8,10,6,0,2,5,14,15,15,16,0,2,22.2,27.8,44.4,0,27.8,77.8,83.3,0
SSS,2026-06-14,2,0,0,0,0,1,2,2,2,2,0,0,0,1,2,2,2,2,0,0,50,100,100,0,50,100,100,0
SSS,2026-06-15,17,1,5.9,0,0,1,8,9,9,11,6,0,0,2,11,15,15,17,0,0,5.9,47.1,52.9,0,11.8,64.7,88.2,0
SSS,2026-06-16,4,0,0,0,0,0,0,1,2,2,2,0,0,0,3,4,4,4,0,0,0,0,25,0,0,75,100,0
SSS,2026-06-17,3,0,0,0,0,0,2,2,2,2,1,0,0,0,3,3,3,3,0,0,0,66.7,66.7,0,0,100,100,0
SSS,2026-06-18,7,0,0,0,0,0,5,6,7,7,0,0,0,1,7,7,7,7,0,0,0,71.4,85.7,0,14.3,100,100,0
SSS,2026-06-19,4,1,25,0,0,1,2,2,2,2,2,0,0,1,2,2,2,4,0,0,25,50,50,0,25,50,50,0
SSS,2026-06-20,7,1,14.3,0,0,1,1,2,3,3,4,0,0,2,6,7,7,7,0,0,14.3,14.3,28.6,0,28.6,85.7,100,0
SSS,2026-06-21,5,0,0,0,0,0,2,2,2,3,1,0,1,0,2,3,3,4,0,1,0,40,40,0,0,40,60,0
SSS,2026-06-22,3,0,0,0,0,0,0,0,0,1,1,0,1,0,0,0,1,2,0,1,0,0,0,0,0,0,0,0
SSS,2026-06-23,1,0,0,0,0,0,0,0,0,0,1,0,0,0,0,0,1,1,0,0,0,0,0,0,0,0,0,0
SSS,2026-06-24,5,1,20,0,0,0,1,1,1,1,4,0,0,0,4,5,5,5,0,0,0,20,20,0,0,80,100,0
SSS,2026-06-25,5,0,0,0,0,1,5,5,5,5,0,0,0,1,5,5,5,5,0,0,20,100,100,0,20,100,100,0
SSS,2026-06-26,3,0,0,0,0,0,2,2,3,3,0,0,0,1,3,3,3,3,0,0,0,66.7,66.7,0,33.3,100,100,0
SSS,2026-06-27,3,0,0,0,0,0,2,3,3,3,0,0,0,0,2,3,3,3,0,0,0,66.7,100,0,0,66.7,100,0
SSS,2026-06-28,4,0,0,0,0,4,4,4,4,4,0,0,0,4,4,4,4,4,0,0,100,100,100,0,100,100,100,0
SSS,2026-06-29,6,0,0,0,0,0,1,1,1,1,2,1,2,1,3,3,3,3,1,2,0,16.7,16.7,16.7,16.7,50,50,16.7
SSS,2026-06-30,1,0,0,0,0,0,0,1,1,1,0,0,0,0,0,1,1,1,0,0,0,0,100,0,0,0,100,0
SSS,2026-07-01,2,0,0,0,0,0,0,0,0,0,2,0,0,0,0,2,2,2,0,0,0,0,0,0,0,0,100,0
SSS,2026-07-03,4,0,0,0,0,1,1,1,1,1,1,2,0,1,2,2,2,2,2,0,25,25,25,50,25,50,50,50
SSS,2026-07-04,1,0,0,0,0,1,1,1,1,1,0,0,0,1,1,1,1,1,0,0,100,100,100,0,100,100,100,0
SSS,2026-07-06,1,0,0,0,0,0,0,0,0,0,0,0,1,0,0,0,0,0,0,1,0,0,0,0,0,0,0,0
SSS,2026-07-07,5,0,0,0,0,0,2,2,2,2,2,0,1,0,4,4,4,4,0,1,0,40,40,0,0,80,80,0
SSS,2026-07-08,6,0,0,0,0,1,3,5,5,6,0,0,0,1,4,5,6,6,0,0,16.7,50,83.3,0,16.7,66.7,83.3,0
SSS,2026-07-09,1,0,0,0,0,0,1,1,1,1,0,0,0,0,1,1,1,1,0,0,0,100,100,0,0,100,100,0
SSS,2026-07-10,1,0,0,0,0,0,0,1,1,1,0,0,0,0,0,1,1,1,0,0,0,0,100,0,0,0,100,0
SSS,2026-07-13,3,0,0,0,0,0,1,1,1,1,2,0,0,0,2,2,2,3,0,0,0,33.3,33.3,0,0,66.7,66.7,0
SSS,2026-07-14,2,0,0,0,0,0,2,2,2,2,0,0,0,1,2,2,2,2,0,0,0,100,100,0,50,100,100,0
SSS,2026-07-15,1,0,0,0,0,0,0,0,0,0,1,0,0,0,1,1,1,1,0,0,0,0,0,0,0,100,100,0
SSS,2026-07-16,1,0,0,0,0,0,0,1,1,1,0,0,0,0,0,1,1,1,0,0,0,0,100,0,0,0,100,0
SSS,2026-07-17,3,0,0,0,0,0,0,0,1,2,0,0,1,0,1,1,1,2,0,1,0,0,0,0,0,33.3,33.3,0
SSS,2026-07-19,2,0,0,0,0,0,1,1,2,2,0,0,0,0,1,1,2,2,0,0,0,50,50,0,0,50,50,0
SSS,2026-07-20,2,0,0,0,0,0,0,0,0,1,1,0,0,0,1,1,2,2,0,0,0,0,0,0,0,50,50,0
SSS,2026-07-24,1,0,0,0,0,0,0,0,1,1,0,0,0,0,0,0,1,1,0,0,0,0,0,0,0,0,0,0
SSS,2026-07-27,2,0,0,0,0,0,1,2,2,2,0,0,0,0,1,2,2,2,0,0,0,50,100,0,0,50,100,0
SSS,2026-07-28,8,0,0,0,0,2,5,5,5,5,3,0,0,3,6,7,8,8,0,0,25,62.5,62.5,0,37.5,75,87.5,0
SSS,2026-07-29,1,1,100,0,0,0,0,0,0,0,1,0,0,0,1,1,1,1,0,0,0,0,0,0,0,100,100,0
SSS,2026-07-31,2,0,0,0,0,2,2,2,2,2,0,0,0,2,2,2,2,2,0,0,100,100,100,0,100,100,100,0
SSS,2026-08-04,10,0,0,0,0,0,5,8,8,8,0,0,2,0,5,8,8,8,0,2,0,50,80,0,0,50,80,0
SSS,2026-08-05,1,0,0,0,0,0,1,1,1,1,0,0,0,0,1,1,1,1,0,0,0,100,100,0,0,100,100,0
SSS,2026-08-07,3,0,0,0,0,0,0,0,0,0,0,0,3,0,0,0,0,0,0,3,0,0,0,0,0,0,0,0
SSS,2026-08-08,17,0,0,0,0,0,8,12,12,12,4,0,1,1,10,16,16,16,0,1,0,47.1,70.6,0,5.9,58.8,94.1,0
STC,2026-05-12,4,0,0,0,0,0,0,0,0,0,0,0,4,0,0,0,0,0,0,4,0,0,0,0,0,0,0,0
STC,2026-05-20,4,0,0,0,0,1,2,4,4,4,0,0,0,1,4,4,4,4,0,0,25,50,100,0,25,100,100,0
STC,2026-05-21,2,0,0,0,0,0,2,2,2,2,0,0,0,0,2,2,2,2,0,0,0,100,100,0,0,100,100,0
STC,2026-05-28,2,0,0,0,0,0,1,1,1,1,1,0,0,0,1,2,2,2,0,0,0,50,50,0,0,50,100,0
STC,2026-06-01,2,0,0,0,0,0,1,1,1,2,0,0,0,0,1,1,1,2,0,0,0,50,50,0,0,50,50,0
STC,2026-06-02,1,0,0,0,0,0,1,1,1,1,0,0,0,0,1,1,1,1,0,0,0,100,100,0,0,100,100,0
STC,2026-06-08,1,0,0,0,0,0,0,1,1,1,0,0,0,0,1,1,1,1,0,0,0,0,100,0,0,100,100,0
STC,2026-06-12,1,0,0,0,0,0,0,0,0,0,1,0,0,0,1,1,1,1,0,0,0,0,0,0,0,100,100,0
STC,2026-06-17,1,0,0,0,0,0,1,1,1,1,0,0,0,0,1,1,1,1,0,0,0,100,100,0,0,100,100,0
STC,2026-06-19,1,0,0,0,0,0,1,1,1,1,0,0,0,0,1,1,1,1,0,0,0,100,100,0,0,100,100,0
STC,2026-06-23,1,0,0,0,0,0,0,0,0,0,1,0,0,0,1,1,1,1,0,0,0,0,0,0,0,100,100,0
STC,2026-06-25,1,0,0,0,0,0,0,0,0,1,0,0,0,0,1,1,1,1,0,0,0,0,0,0,0,100,100,0
STC,2026-07-06,5,0,0,0,0,0,1,1,1,3,1,0,1,0,2,3,4,4,0,1,0,20,20,0,0,40,60,0
STC,2026-07-08,6,0,0,0,0,1,3,5,5,5,1,0,0,2,5,5,6,6,0,0,16.7,50,83.3,0,33.3,83.3,83.3,0
STC,2026-07-10,6,0,0,0,0,0,4,5,5,5,1,0,0,3,6,6,6,6,0,0,0,66.7,83.3,0,50,100,100,0
STC,2026-07-13,6,0,0,0,0,1,2,5,5,5,1,0,0,2,6,6,6,6,0,0,16.7,33.3,83.3,0,33.3,100,100,0
STC,2026-07-15,1,0,0,0,0,0,1,1,1,1,0,0,0,0,1,1,1,1,0,0,0,100,100,0,0,100,100,0
STC,2026-07-17,2,0,0,0,0,0,2,2,2,2,0,0,0,0,2,2,2,2,0,0,0,100,100,0,0,100,100,0
STC,2026-07-20,2,0,0,0,0,0,2,2,2,2,0,0,0,0,2,2,2,2,0,0,0,100,100,0,0,100,100,0
STC,2026-07-24,3,0,0,0,0,0,1,3,3,3,0,0,0,0,3,3,3,3,0,0,0,33.3,100,0,0,100,100,0
STC,2026-07-27,3,0,0,0,0,0,0,1,1,3,0,0,0,0,1,1,1,3,0,0,0,0,33.3,0,0,33.3,33.3,0
STC,2026-07-28,4,0,0,0,0,0,2,2,3,3,1,0,0,0,3,4,4,4,0,0,0,50,50,0,0,75,100,0
STC,2026-07-30,1,0,0,0,0,0,0,0,0,0,1,0,0,0,1,1,1,1,0,0,0,0,0,0,0,100,100,0
STC,2026-07-31,3,0,0,0,0,1,2,2,3,3,0,0,0,1,2,2,3,3,0,0,33.3,66.7,66.7,0,33.3,66.7,66.7,0
STC,2026-08-03,2,0,0,0,0,1,1,1,1,1,1,0,0,1,2,2,2,2,0,0,50,50,50,0,50,100,100,0
STC,2026-08-10,5,0,0,0,0,0,0,0,0,0,0,0,5,0,0,0,0,0,0,5,0,0,0,0,0,0,0,0
SWR,2026-05-08,4,0,0,0,0,0,0,0,0,0,0,0,4,0,0,0,0,0,0,4,0,0,0,0,0,0,0,0
SWR,2026-05-09,5,0,0,0,0,0,0,0,0,1,0,0,4,0,0,0,0,1,0,4,0,0,0,0,0,0,0,0
SWR,2026-05-10,2,0,0,0,0,0,0,0,0,0,0,0,2,0,0,0,0,0,0,2,0,0,0,0,0,0,0,0
SWR,2026-05-11,4,0,0,0,0,0,0,0,0,0,2,0,2,0,0,0,1,2,0,2,0,0,0,0,0,0,0,0
SWR,2026-05-12,3,0,0,0,0,0,0,1,1,1,1,0,1,0,0,2,2,2,0,1,0,0,33.3,0,0,0,66.7,0
SWR,2026-05-13,5,0,0,0,0,0,5,5,5,5,0,0,0,0,4,4,4,4,0,1,0,100,100,0,0,80,80,0
SWR,2026-05-14,5,0,0,0,0,0,3,3,3,4,1,0,0,0,3,3,4,5,0,0,0,60,60,0,0,60,60,0
SWR,2026-05-15,6,0,0,0,0,0,1,1,2,4,2,0,0,1,4,4,4,6,0,0,0,16.7,16.7,0,16.7,66.7,66.7,0
SWR,2026-05-16,2,0,0,0,0,0,1,2,2,2,0,0,0,0,1,2,2,2,0,0,0,50,100,0,0,50,100,0
SWR,2026-05-18,4,0,0,0,0,0,0,0,0,1,0,0,3,0,0,0,0,1,0,3,0,0,0,0,0,0,0,0
SWR,2026-05-19,4,0,0,0,0,0,1,2,2,2,2,0,0,1,3,4,4,4,0,0,0,25,50,0,25,75,100,0
SWR,2026-05-20,5,0,0,0,0,0,3,4,4,4,0,0,1,0,3,4,4,4,0,1,0,60,80,0,0,60,80,0
SWR,2026-05-21,4,0,0,0,0,0,2,2,2,3,0,0,1,0,2,2,3,3,0,1,0,50,50,0,0,50,50,0
SWR,2026-05-22,3,0,0,0,0,0,0,1,1,1,1,0,1,0,2,2,2,2,0,1,0,0,33.3,0,0,66.7,66.7,0
SWR,2026-05-23,4,0,0,0,0,0,1,3,3,4,0,0,0,0,3,3,3,4,0,0,0,25,75,0,0,75,75,0
SWR,2026-05-24,3,0,0,0,0,0,3,3,3,3,0,0,0,0,3,3,3,3,0,0,0,100,100,0,0,100,100,0
SWR,2026-05-25,3,0,0,0,0,0,2,2,2,2,0,0,1,1,2,2,2,2,0,1,0,66.7,66.7,0,33.3,66.7,66.7,0
SWR,2026-05-26,4,0,0,0,0,0,2,2,2,2,1,0,1,0,3,3,3,3,0,1,0,50,50,0,0,75,75,0
SWR,2026-05-27,3,0,0,0,0,0,1,1,2,2,0,0,1,0,2,2,2,2,0,1,0,33.3,33.3,0,0,66.7,66.7,0
SWR,2026-05-28,4,0,0,0,0,0,2,3,3,4,0,0,0,1,4,4,4,4,0,0,0,50,75,0,25,100,100,0
SWR,2026-05-30,4,0,0,0,0,0,2,2,3,3,1,0,0,0,3,4,4,4,0,0,0,50,50,0,0,75,100,0
SWR,2026-06-01,3,0,0,0,0,0,1,3,3,3,0,0,0,0,2,3,3,3,0,0,0,33.3,100,0,0,66.7,100,0
SWR,2026-06-02,3,0,0,0,0,0,1,2,2,2,1,0,0,0,2,2,3,3,0,0,0,33.3,66.7,0,0,66.7,66.7,0
SWR,2026-06-03,5,0,0,0,0,0,3,4,4,4,1,0,0,0,5,5,5,5,0,0,0,60,80,0,0,100,100,0
SWR,2026-06-04,5,0,0,0,0,0,0,0,1,1,3,0,1,0,1,2,4,4,0,1,0,0,0,0,0,20,40,0
SWR,2026-06-05,1,0,0,0,0,0,1,1,1,1,0,0,0,0,1,1,1,1,0,0,0,100,100,0,0,100,100,0
SWR,2026-06-06,1,0,0,0,0,1,1,1,1,1,0,0,0,1,1,1,1,1,0,0,100,100,100,0,100,100,100,0
SWR,2026-06-09,1,0,0,0,0,0,0,0,1,1,0,0,0,1,1,1,1,1,0,0,0,0,0,0,100,100,100,0
SWR,2026-06-11,4,0,0,0,0,0,2,3,3,3,1,0,0,0,4,4,4,4,0,0,0,50,75,0,0,100,100,0
SWR,2026-06-12,3,0,0,0,0,0,0,0,0,0,1,0,2,0,1,1,1,1,0,2,0,0,0,0,0,33.3,33.3,0
SWR,2026-06-13,6,0,0,0,0,1,2,2,3,4,2,0,0,1,2,3,4,6,0,0,16.7,33.3,33.3,0,16.7,33.3,50,0
SWR,2026-06-15,1,0,0,0,0,0,1,1,1,1,0,0,0,0,1,1,1,1,0,0,0,100,100,0,0,100,100,0
SWR,2026-06-18,3,0,0,0,0,0,1,1,1,2,1,0,0,1,2,2,2,3,0,0,0,33.3,33.3,0,33.3,66.7,66.7,0
SWR,2026-06-19,3,0,0,0,0,0,1,1,2,2,1,0,0,0,3,3,3,3,0,0,0,33.3,33.3,0,0,100,100,0
SWR,2026-06-21,1,0,0,0,0,0,0,0,0,1,0,0,0,0,0,0,1,1,0,0,0,0,0,0,0,0,0,0
SWR,2026-06-22,2,0,0,0,0,0,0,0,0,2,0,0,0,0,1,1,1,2,0,0,0,0,0,0,0,50,50,0
SWR,2026-06-23,2,0,0,0,0,0,1,1,1,2,0,0,0,0,2,2,2,2,0,0,0,50,50,0,0,100,100,0
SWR,2026-06-24,1,0,0,0,0,1,1,1,1,1,0,0,0,1,1,1,1,1,0,0,100,100,100,0,100,100,100,0
SWR,2026-06-25,2,0,0,0,0,0,1,1,1,1,0,0,1,0,1,1,1,1,0,1,0,50,50,0,0,50,50,0
SWR,2026-06-26,2,0,0,0,0,1,2,2,2,2,0,0,0,1,2,2,2,2,0,0,50,100,100,0,50,100,100,0
SWR,2026-06-27,4,0,0,0,0,0,0,1,2,2,1,0,1,0,1,2,3,3,0,1,0,0,25,0,0,25,50,0
SWR,2026-06-29,4,0,0,0,0,0,3,3,3,3,1,0,0,0,4,4,4,4,0,0,0,75,75,0,0,100,100,0
SWR,2026-06-30,3,0,0,0,0,0,2,2,2,2,0,0,1,1,2,2,2,2,0,1,0,66.7,66.7,0,33.3,66.7,66.7,0
SWR,2026-07-02,3,0,0,0,0,0,0,0,0,1,1,0,1,0,1,2,2,2,0,1,0,0,0,0,0,33.3,66.7,0
SWR,2026-07-03,6,0,0,0,0,1,3,4,4,5,1,0,0,1,4,4,4,6,0,0,16.7,50,66.7,0,16.7,66.7,66.7,0
SWR,2026-07-04,2,0,0,0,0,0,1,1,1,1,1,0,0,0,1,2,2,2,0,0,0,50,50,0,0,50,100,0
SWR,2026-07-05,1,0,0,0,0,0,0,0,0,1,0,0,0,0,1,1,1,1,0,0,0,0,0,0,0,100,100,0
SWR,2026-07-06,3,0,0,0,0,0,0,1,1,2,1,0,0,0,1,2,2,3,0,0,0,0,33.3,0,0,33.3,66.7,0
SWR,2026-07-07,3,0,0,0,0,0,1,2,3,3,0,0,0,0,2,3,3,3,0,0,0,33.3,66.7,0,0,66.7,100,0
SWR,2026-07-08,3,0,0,0,0,0,0,0,1,1,2,0,0,0,1,1,3,3,0,0,0,0,0,0,0,33.3,33.3,0
SWR,2026-07-09,2,0,0,0,0,0,2,2,2,2,0,0,0,0,2,2,2,2,0,0,0,100,100,0,0,100,100,0
SWR,2026-07-10,2,0,0,0,0,0,0,0,0,1,1,0,0,0,1,1,1,2,0,0,0,0,0,0,0,50,50,0
SWR,2026-07-11,1,0,0,0,0,0,1,1,1,1,0,0,0,0,1,1,1,1,0,0,0,100,100,0,0,100,100,0
SWR,2026-07-12,3,0,0,0,0,0,1,1,2,2,0,0,1,0,1,1,2,2,0,1,0,33.3,33.3,0,0,33.3,33.3,0
SWR,2026-07-13,2,0,0,0,0,0,1,1,1,1,0,0,1,1,1,1,1,1,0,1,0,50,50,0,50,50,50,0
SWR,2026-07-14,1,0,0,0,0,0,1,1,1,1,0,0,0,0,1,1,1,1,0,0,0,100,100,0,0,100,100,0
SWR,2026-07-15,2,0,0,0,0,0,2,2,2,2,0,0,0,0,2,2,2,2,0,0,0,100,100,0,0,100,100,0
SWR,2026-07-16,1,0,0,0,0,0,1,1,1,1,0,0,0,0,1,1,1,1,0,0,0,100,100,0,0,100,100,0
SWR,2026-07-17,2,0,0,0,0,0,1,1,1,2,0,0,0,0,2,2,2,2,0,0,0,50,50,0,0,100,100,0
SWR,2026-07-19,1,1,100,0,0,0,0,0,0,0,1,0,0,1,1,1,1,1,0,0,0,0,0,0,100,100,100,0
SWR,2026-07-20,1,0,0,0,0,0,1,1,1,1,0,0,0,0,1,1,1,1,0,0,0,100,100,0,0,100,100,0
SWR,2026-07-21,3,0,0,0,0,0,1,2,3,3,0,0,0,0,2,2,3,3,0,0,0,33.3,66.7,0,0,66.7,66.7,0
SWR,2026-07-22,2,0,0,0,0,0,2,2,2,2,0,0,0,0,2,2,2,2,0,0,0,100,100,0,0,100,100,0
SWR,2026-07-23,4,0,0,0,0,0,2,3,3,4,0,0,0,0,3,3,3,4,0,0,0,50,75,0,0,75,75,0
SWR,2026-07-24,1,0,0,0,0,0,1,1,1,1,0,0,0,0,1,1,1,1,0,0,0,100,100,0,0,100,100,0
SWR,2026-07-25,3,0,0,0,0,0,1,1,2,2,0,0,1,0,1,1,2,2,0,1,0,33.3,33.3,0,0,33.3,33.3,0
SWR,2026-07-27,9,0,0,0,0,0,2,3,5,6,2,0,1,0,5,6,7,8,0,1,0,22.2,33.3,0,0,55.6,66.7,0
SWR,2026-07-28,11,1,9.1,1,9.1,0,1,3,3,6,3,0,2,0,2,4,4,9,0,2,0,9.1,27.3,0,0,18.2,36.4,0
SWR,2026-07-29,5,0,0,0,0,0,5,5,5,5,0,0,0,0,5,5,5,5,0,0,0,100,100,0,0,100,100,0
SWR,2026-07-31,7,1,14.3,0,0,0,1,2,2,4,3,0,0,0,5,6,6,7,0,0,0,14.3,28.6,0,0,71.4,85.7,0
SWR,2026-08-01,2,0,0,0,0,0,1,1,1,1,1,0,0,0,1,2,2,2,0,0,0,50,50,0,0,50,100,0
SWR,2026-08-03,5,0,0,0,0,1,2,3,3,4,1,0,0,1,4,4,4,5,0,0,20,40,60,0,20,80,80,0
SWR,2026-08-04,1,0,0,0,0,0,1,1,1,1,0,0,0,0,1,1,1,1,0,0,0,100,100,0,0,100,100,0
SWR,2026-08-05,2,0,0,0,0,0,2,2,2,2,0,0,0,0,2,2,2,2,0,0,0,100,100,0,0,100,100,0
SWR,2026-08-06,1,0,0,0,0,0,1,1,1,1,0,0,0,0,1,1,1,1,0,0,0,100,100,0,0,100,100,0
SWR,2026-08-08,2,0,0,0,0,1,1,1,1,1,1,0,0,1,2,2,2,2,0,0,50,50,50,0,50,100,100,0
SWR,2026-08-10,5,0,0,0,0,0,0,0,0,0,0,0,5,0,0,0,0,0,0,5,0,0,0,0,0,0,0,0
TCR,2026-07-27,1,0,0,0,0,0,1,1,1,1,0,0,0,0,1,1,1,1,0,0,0,100,100,0,0,100,100,0
TCR,2026-08-01,1,0,0,0,0,0,1,1,1,1,0,0,0,0,1,1,1,1,0,0,0,100,100,0,0,100,100,0
TCR,2026-08-03,2,0,0,0,0,0,1,1,1,1,1,0,0,0,2,2,2,2,0,0,0,50,50,0,0,100,100,0
TDA,2026-06-05,1,0,0,0,0,0,0,1,1,1,0,0,0,0,1,1,1,1,0,0,0,0,100,0,0,100,100,0
TDA,2026-06-06,1,0,0,0,0,0,0,0,1,1,0,0,0,0,1,1,1,1,0,0,0,0,0,0,0,100,100,0
TDA,2026-06-15,1,0,0,0,0,0,0,0,0,0,1,0,0,0,1,1,1,1,0,0,0,0,0,0,0,100,100,0
TDS,2026-05-09,1,0,0,0,0,0,0,0,0,0,0,0,1,0,0,0,0,0,0,1,0,0,0,0,0,0,0,0
TDS,2026-05-11,2,0,0,0,0,0,0,0,1,1,0,0,1,0,0,0,0,0,0,2,0,0,0,0,0,0,0,0
TDS,2026-05-19,1,0,0,0,0,0,0,0,0,0,1,0,0,0,0,1,1,1,0,0,0,0,0,0,0,0,100,0
TDS,2026-05-22,2,0,0,0,0,0,0,2,2,2,0,0,0,0,1,2,2,2,0,0,0,0,100,0,0,50,100,0
TDS,2026-05-23,1,0,0,0,0,0,0,0,0,0,1,0,0,0,0,0,0,1,0,0,0,0,0,0,0,0,0,0
TDS,2026-05-27,2,0,0,0,0,0,0,1,1,1,1,0,0,0,0,2,2,2,0,0,0,0,50,0,0,0,100,0
TDS,2026-05-28,1,0,0,0,0,0,0,1,1,1,0,0,0,0,1,1,1,1,0,0,0,0,100,0,0,100,100,0
TDS,2026-05-30,2,0,0,0,0,1,1,1,1,1,1,0,0,1,1,1,2,2,0,0,50,50,50,0,50,50,50,0
TDS,2026-06-02,4,0,0,0,0,1,1,1,1,3,1,0,0,1,4,4,4,4,0,0,25,25,25,0,25,100,100,0
TDS,2026-06-03,1,0,0,0,0,0,1,1,1,1,0,0,0,0,1,1,1,1,0,0,0,100,100,0,0,100,100,0
TDS,2026-06-06,2,0,0,0,0,0,1,1,1,2,0,0,0,0,1,1,2,2,0,0,0,50,50,0,0,50,50,0
TDS,2026-06-08,5,0,0,0,0,0,3,3,3,3,2,0,0,0,5,5,5,5,0,0,0,60,60,0,0,100,100,0
TDS,2026-06-15,1,0,0,0,0,0,0,1,1,1,0,0,0,0,0,1,1,1,0,0,0,0,100,0,0,0,100,0
TDS,2026-06-16,1,0,0,0,0,0,0,0,0,0,0,0,1,0,0,0,0,0,0,1,0,0,0,0,0,0,0,0
TDS,2026-06-17,2,0,0,0,0,0,0,1,2,2,0,0,0,0,2,2,2,2,0,0,0,0,50,0,0,100,100,0
TDS,2026-06-20,1,0,0,0,0,0,0,0,0,1,0,0,0,0,1,1,1,1,0,0,0,0,0,0,0,100,100,0
TDS,2026-06-24,1,0,0,0,0,0,1,1,1,1,0,0,0,0,1,1,1,1,0,0,0,100,100,0,0,100,100,0
TDS,2026-06-26,1,0,0,0,0,1,1,1,1,1,0,0,0,1,1,1,1,1,0,0,100,100,100,0,100,100,100,0
TDS,2026-07-01,1,0,0,0,0,0,0,0,0,0,0,0,1,0,0,0,0,0,0,1,0,0,0,0,0,0,0,0
TDS,2026-07-10,3,1,33.3,1,33.3,0,1,1,1,1,1,0,1,0,1,1,1,2,0,1,0,33.3,33.3,0,0,33.3,33.3,0
TDS,2026-07-14,1,0,0,0,0,0,1,1,1,1,0,0,0,0,1,1,1,1,0,0,0,100,100,0,0,100,100,0
TDS,2026-07-15,1,0,0,0,0,0,1,1,1,1,0,0,0,0,1,1,1,1,0,0,0,100,100,0,0,100,100,0
TDS,2026-07-16,1,0,0,0,0,0,1,1,1,1,0,0,0,0,1,1,1,1,0,0,0,100,100,0,0,100,100,0
TDS,2026-07-17,1,0,0,0,0,0,0,0,0,0,1,0,0,0,1,1,1,1,0,0,0,0,0,0,0,100,100,0
TDS,2026-07-27,3,0,0,0,0,0,1,1,1,1,2,0,0,0,3,3,3,3,0,0,0,33.3,33.3,0,0,100,100,0
TDS,2026-07-29,1,0,0,0,0,0,1,1,1,1,0,0,0,1,1,1,1,1,0,0,0,100,100,0,100,100,100,0
TDS,2026-07-31,1,0,0,0,0,0,1,1,1,1,0,0,0,0,1,1,1,1,0,0,0,100,100,0,0,100,100,0
TDS,2026-08-01,1,0,0,0,0,0,0,0,0,0,1,0,0,0,0,1,1,1,0,0,0,0,0,0,0,0,100,0
TDS,2026-08-03,1,0,0,0,0,0,1,1,1,1,0,0,0,0,1,1,1,1,0,0,0,100,100,0,0,100,100,0
TDS,2026-08-07,1,0,0,0,0,0,1,1,1,1,0,0,0,0,1,1,1,1,0,0,0,100,100,0,0,100,100,0
TDS,2026-08-10,1,0,0,0,0,0,0,0,0,0,0,0,1,0,0,0,0,0,0,1,0,0,0,0,0,0,0,0
TEB,2026-06-12,1268,69,5.4,0,0,94,230,301,331,362,737,0,169,518,866,929,982,1099,0,169,7.4,18.1,23.7,0,40.9,68.3,73.3,0
TEB,2026-06-13,1588,128,8.1,11,0.7,217,353,422,474,503,818,0,267,785,1063,1162,1227,1321,0,267,13.7,22.2,26.6,0,49.4,66.9,73.2,0
TEB,2026-06-14,1809,185,10.2,123,6.8,153,273,333,341,370,1080,0,359,756,1131,1247,1314,1450,0,359,8.5,15.1,18.4,0,41.8,62.5,68.9,0
TEB,2026-06-15,2369,301,12.7,202,8.5,164,265,303,323,361,1472,0,536,945,1379,1529,1612,1833,0,536,6.9,11.2,12.8,0,39.9,58.2,64.5,0
TEB,2026-06-16,2496,207,8.3,145,5.8,146,269,342,357,400,1460,0,636,925,1406,1538,1632,1860,0,636,5.8,10.8,13.7,0,37.1,56.3,61.6,0
TEB,2026-06-17,1237,92,7.4,80,6.5,192,313,335,344,369,682,0,186,634,893,950,981,1051,0,186,15.5,25.3,27.1,0,51.3,72.2,76.8,0
TEB,2026-06-18,1479,73,4.9,15,1,139,254,299,314,349,892,0,238,716,1010,1081,1106,1241,0,238,9.4,17.2,20.2,0,48.4,68.3,73.1,0
TEB,2026-06-19,1713,120,7,6,0.4,163,286,342,365,422,945,0,346,797,1107,1177,1218,1367,0,346,9.5,16.7,20,0,46.5,64.6,68.7,0
TEB,2026-06-20,1177,62,5.3,3,0.3,103,175,209,230,271,680,0,226,578,747,816,854,951,0,226,8.8,14.9,17.8,0,49.1,63.5,69.3,0
TEB,2026-06-21,1164,67,5.8,10,0.9,66,111,149,162,188,734,0,242,470,705,783,822,922,0,242,5.7,9.5,12.8,0,40.4,60.6,67.3,0
TEB,2026-06-22,2562,180,7,19,0.7,167,285,345,376,469,1388,0,705,1027,1438,1567,1660,1857,0,705,6.5,11.1,13.5,0,40.1,56.1,61.2,0
TEB,2026-06-23,1554,137,8.8,2,0.1,78,132,172,194,236,835,0,483,564,807,898,941,1071,0,483,5,8.5,11.1,0,36.3,51.9,57.8,0
TEB,2026-06-24,2752,193,7,10,0.4,392,660,768,820,896,1327,0,529,1383,1910,2024,2078,2223,0,529,14.2,24,27.9,0,50.3,69.4,73.5,0
TEB,2026-06-25,1432,92,6.4,3,0.2,159,246,289,309,342,768,0,322,720,944,995,1012,1110,0,322,11.1,17.2,20.2,0,50.3,65.9,69.5,0
TEB,2026-06-26,1082,72,6.7,2,0.2,112,193,241,255,267,606,0,209,541,770,805,826,873,0,209,10.4,17.8,22.3,0,50,71.2,74.4,0
TEB,2026-06-27,1867,184,9.9,151,8.1,163,253,313,323,352,995,0,520,816,1074,1167,1212,1347,0,520,8.7,13.6,16.8,0,43.7,57.5,62.5,0
TEB,2026-06-28,1907,217,11.4,175,9.2,141,231,244,257,281,1086,0,540,718,1104,1193,1241,1367,0,540,7.4,12.1,12.8,0,37.7,57.9,62.6,0
TEB,2026-06-29,1185,56,4.7,2,0.2,88,148,176,194,207,694,0,284,559,749,797,828,901,0,284,7.4,12.5,14.9,0,47.2,63.2,67.3,0
TEB,2026-06-30,2592,172,6.6,68,2.6,124,223,280,313,377,1392,0,823,872,1284,1421,1514,1769,0,823,4.8,8.6,10.8,0,33.6,49.5,54.8,0
TEB,2026-07-01,1009,53,5.3,18,1.8,124,230,264,283,314,532,0,163,523,729,768,783,846,0,163,12.3,22.8,26.2,0,51.8,72.2,76.1,0
TEB,2026-07-02,2674,114,4.3,0,0,339,561,656,702,787,1345,0,542,1290,1795,1908,1952,2132,0,542,12.7,21,24.5,0,48.2,67.1,71.4,0
TEB,2026-07-03,1596,71,4.4,0,0,189,293,354,388,441,835,0,320,804,1060,1118,1160,1276,0,320,11.8,18.4,22.2,0,50.4,66.4,70.1,0
TEB,2026-07-04,710,30,4.2,0,0,76,147,186,200,233,356,0,121,311,466,509,530,589,0,121,10.7,20.7,26.2,0,43.8,65.6,71.7,0
TEB,2026-07-05,743,37,5,0,0,54,108,132,140,156,435,0,152,348,476,524,545,591,0,152,7.3,14.5,17.8,0,46.8,64.1,70.5,0
TEB,2026-07-06,591,45,7.6,0,0,21,33,45,52,71,381,0,139,230,328,367,382,452,0,139,3.6,5.6,7.6,0,38.9,55.5,62.1,0
TEB,2026-07-07,542,47,8.7,0,0,18,21,27,33,42,339,0,161,195,286,321,337,381,0,161,3.3,3.9,5,0,36,52.8,59.2,0
TEB,2026-07-08,1156,78,6.7,0,0,108,195,269,305,345,559,0,252,448,677,768,808,903,0,253,9.3,16.9,23.3,0,38.8,58.6,66.4,0
TEB,2026-07-09,895,89,9.9,13,1.5,62,99,121,132,157,486,0,252,374,509,561,581,643,0,252,6.9,11.1,13.5,0,41.8,56.9,62.7,0
TEB,2026-07-10,1960,175,8.9,1,0.1,219,356,418,458,483,1056,0,421,997,1300,1361,1397,1539,0,421,11.2,18.2,21.3,0,50.9,66.3,69.4,0
TEB,2026-07-11,1134,107,9.4,0,0,108,183,220,235,246,622,0,266,510,669,728,763,868,0,266,9.5,16.1,19.4,0,45,59,64.2,0
TEB,2026-07-12,1193,112,9.4,0,0,126,210,267,277,287,659,0,247,550,762,824,853,946,0,247,10.6,17.6,22.4,0,46.1,63.9,69.1,0
TEB,2026-07-13,1134,149,13.1,110,9.7,89,180,201,209,228,638,0,268,440,693,760,793,866,0,268,7.8,15.9,17.7,0,38.8,61.1,67,0
TEB,2026-07-15,2364,223,9.4,163,6.9,29,179,209,221,260,1432,0,672,239,1251,1416,1508,1692,0,672,1.2,7.6,8.8,0,10.1,52.9,59.9,0
TEB,2026-07-16,1588,129,8.1,99,6.2,142,206,260,278,313,891,0,384,594,960,1048,1083,1204,0,384,8.9,13,16.4,0,37.4,60.5,66,0
TEB,2026-07-17,1634,120,7.3,41,2.5,33,111,147,180,226,939,0,469,408,875,953,1010,1165,0,469,2,6.8,9,0,25,53.5,58.3,0
TEB,2026-07-18,1562,107,6.9,0,0,33,91,117,139,185,1081,0,296,437,923,1033,1116,1266,0,296,2.1,5.8,7.5,0,28,59.1,66.1,0
TEB,2026-07-19,1617,59,3.6,0,0,69,120,175,194,247,964,0,406,499,830,950,1014,1211,0,406,4.3,7.4,10.8,0,30.9,51.3,58.8,0
TEB,2026-07-20,1858,98,5.3,0,0,67,175,230,258,322,1088,0,448,488,953,1082,1161,1410,0,448,3.6,9.4,12.4,0,26.3,51.3,58.2,0
TEB,2026-07-21,1789,93,5.2,0,0,46,128,187,231,295,1088,0,406,469,955,1067,1141,1383,0,406,2.6,7.2,10.5,0,26.2,53.4,59.6,0
TEB,2026-07-22,1903,92,4.8,5,0.3,60,181,256,305,374,1119,0,410,440,1042,1185,1249,1493,0,410,3.2,9.5,13.5,0,23.1,54.8,62.3,0
TEB,2026-07-23,2324,139,6,11,0.5,67,171,242,282,322,1470,0,532,694,1264,1413,1488,1792,0,532,2.9,7.4,10.4,0,29.9,54.4,60.8,0
TEB,2026-07-24,1640,95,5.8,7,0.4,16,69,97,129,154,1144,0,342,406,947,1042,1109,1298,0,342,1,4.2,5.9,0,24.8,57.7,63.5,0
TEB,2026-07-25,618,31,5,23,3.7,18,51,79,85,94,354,0,170,122,307,364,393,448,0,170,2.9,8.3,12.8,0,19.7,49.7,58.9,0
TEB,2026-07-26,666,62,9.3,39,5.9,4,31,37,39,46,380,0,240,77,284,348,373,426,0,240,0.6,4.7,5.6,0,11.6,42.6,52.3,0
TEB,2026-07-27,893,35,3.9,9,1,10,67,88,106,118,540,0,235,124,490,544,585,658,0,235,1.1,7.5,9.9,0,13.9,54.9,60.9,0
TEB,2026-07-28,3515,186,5.3,90,2.6,125,445,634,677,717,2192,0,606,798,2248,2585,2709,2909,0,606,3.6,12.7,18,0,22.7,64,73.5,0
TEB,2026-07-29,2962,174,5.9,92,3.1,110,339,426,445,487,1820,0,655,657,1829,2026,2121,2307,0,655,3.7,11.4,14.4,0,22.2,61.7,68.4,0
TEB,2026-07-30,1037,106,10.2,83,8,40,99,120,127,138,636,0,263,277,610,653,693,774,0,263,3.9,9.5,11.6,0,26.7,58.8,63,0
TEB,2026-07-31,2742,310,11.3,256,9.3,326,518,538,562,593,1602,0,547,1451,1877,1971,2040,2195,0,547,11.9,18.9,19.6,0,52.9,68.5,71.9,0
TEB,2026-08-01,2692,221,8.2,168,6.2,295,446,547,566,594,1536,0,562,1525,1785,1931,2007,2130,0,562,11,16.6,20.3,0,56.6,66.3,71.7,0
TEB,2026-08-02,1023,70,6.8,57,5.6,37,159,196,202,212,485,0,326,171,583,645,665,697,0,326,3.6,15.5,19.2,0,16.7,57,63,0
TEB,2026-08-03,522,25,4.8,19,3.6,53,90,96,101,105,260,0,157,228,301,334,348,365,0,157,10.2,17.2,18.4,0,43.7,57.7,64,0
TEB,2026-08-04,593,38,6.4,24,4,16,55,65,69,73,341,0,179,86,331,370,393,414,0,179,2.7,9.3,11,0,14.5,55.8,62.4,0
TEB,2026-08-05,526,51,9.7,34,6.5,33,90,114,117,119,274,0,133,131,345,369,383,393,0,133,6.3,17.1,21.7,0,24.9,65.6,70.2,0
TEB,2026-08-06,703,57,8.1,53,7.5,69,111,129,130,131,379,0,193,298,463,490,503,510,0,193,9.8,15.8,18.3,0,42.4,65.9,69.7,0
TEB,2026-08-07,921,92,10,53,5.8,76,183,209,228,228,448,0,245,238,598,642,676,676,0,245,8.3,19.9,22.7,0,25.8,64.9,69.7,0
TEB,2026-08-08,1998,101,5.1,101,5.1,198,387,498,498,498,953,0,547,832,1324,1451,1451,1451,0,547,9.9,19.4,24.9,0,41.6,66.3,72.6,0
TEB,2026-08-09,1023,62,6.1,62,6.1,99,170,170,170,170,515,0,338,478,685,685,685,685,0,338,9.7,16.6,16.6,0,46.7,67,67,0
TEB,2026-08-10,954,0,0,0,0,100,100,100,100,100,386,0,468,486,486,486,486,486,0,468,10.5,10.5,10.5,0,50.9,50.9,50.9,0
THE,2026-05-08,1,0,0,0,0,0,0,0,0,0,0,0,1,0,0,0,0,0,0,1,0,0,0,0,0,0,0,0
THE,2026-05-11,7,0,0,0,0,0,0,0,1,1,1,0,5,0,0,0,2,2,0,5,0,0,0,0,0,0,0,0
THE,2026-05-12,2,0,0,0,0,0,0,1,1,1,0,0,1,0,0,1,1,1,0,1,0,0,50,0,0,0,50,0
THE,2026-05-13,3,0,0,0,0,0,0,0,0,1,2,0,0,0,0,0,0,3,0,0,0,0,0,0,0,0,0,0
THE,2026-05-14,1,0,0,0,0,0,1,1,1,1,0,0,0,0,1,1,1,1,0,0,0,100,100,0,0,100,100,0
THE,2026-05-16,3,0,0,0,0,1,2,2,2,2,1,0,0,1,2,3,3,3,0,0,33.3,66.7,66.7,0,33.3,66.7,100,0
THE,2026-05-18,4,0,0,0,0,0,1,2,2,2,2,0,0,0,4,4,4,4,0,0,0,25,50,0,0,100,100,0
THE,2026-05-20,3,0,0,0,0,0,0,0,0,1,2,0,0,0,2,3,3,3,0,0,0,0,0,0,0,66.7,100,0
THE,2026-05-21,1,0,0,0,0,0,0,0,0,1,0,0,0,0,1,1,1,1,0,0,0,0,0,0,0,100,100,0
THE,2026-05-22,1,0,0,0,0,0,0,0,1,1,0,0,0,0,1,1,1,1,0,0,0,0,0,0,0,100,100,0
THE,2026-05-23,3,0,0,0,0,2,2,3,3,3,0,0,0,2,3,3,3,3,0,0,66.7,66.7,100,0,66.7,100,100,0
THE,2026-05-25,5,0,0,0,0,0,2,2,2,4,1,0,0,1,4,4,4,5,0,0,0,40,40,0,20,80,80,0
THE,2026-05-27,4,0,0,0,0,0,0,1,3,3,1,0,0,0,2,4,4,4,0,0,0,0,25,0,0,50,100,0
THE,2026-05-28,1,0,0,0,0,0,0,0,1,1,0,0,0,0,1,1,1,1,0,0,0,0,0,0,0,100,100,0
THE,2026-05-29,2,0,0,0,0,0,1,1,1,1,1,0,0,0,2,2,2,2,0,0,0,50,50,0,0,100,100,0
THE,2026-05-30,4,0,0,0,0,0,3,3,3,3,1,0,0,1,4,4,4,4,0,0,0,75,75,0,25,100,100,0
THE,2026-06-01,1,0,0,0,0,0,0,0,0,0,1,0,0,0,1,1,1,1,0,0,0,0,0,0,0,100,100,0
THE,2026-06-02,5,0,0,0,0,0,3,4,4,5,0,0,0,0,4,5,5,5,0,0,0,60,80,0,0,80,100,0
THE,2026-06-04,1,0,0,0,0,0,0,0,0,1,0,0,0,0,1,1,1,1,0,0,0,0,0,0,0,100,100,0
THE,2026-06-05,1,0,0,0,0,0,0,0,0,0,1,0,0,0,0,0,0,1,0,0,0,0,0,0,0,0,0,0
THE,2026-06-06,1,0,0,0,0,0,0,0,0,0,1,0,0,0,1,1,1,1,0,0,0,0,0,0,0,100,100,0
THE,2026-06-08,1,0,0,0,0,0,0,1,1,1,0,0,0,0,1,1,1,1,0,0,0,0,100,0,0,100,100,0
THE,2026-06-09,6,0,0,0,0,0,2,2,4,4,2,0,0,0,6,6,6,6,0,0,0,33.3,33.3,0,0,100,100,0
THE,2026-06-10,1,0,0,0,0,0,0,0,0,1,0,0,0,0,1,1,1,1,0,0,0,0,0,0,0,100,100,0
THE,2026-06-12,2,0,0,0,0,0,0,1,1,1,1,0,0,0,2,2,2,2,0,0,0,0,50,0,0,100,100,0
THE,2026-06-13,2,0,0,0,0,1,1,2,2,2,0,0,0,1,2,2,2,2,0,0,50,50,100,0,50,100,100,0
THE,2026-06-15,2,0,0,0,0,0,0,0,0,1,1,0,0,0,2,2,2,2,0,0,0,0,0,0,0,100,100,0
THE,2026-06-16,2,0,0,0,0,0,1,1,1,1,1,0,0,0,2,2,2,2,0,0,0,50,50,0,0,100,100,0
THE,2026-06-17,7,0,0,0,0,0,1,3,4,5,2,0,0,0,6,6,7,7,0,0,0,14.3,42.9,0,0,85.7,85.7,0
THE,2026-06-19,1,0,0,0,0,0,0,0,0,0,1,0,0,0,1,1,1,1,0,0,0,0,0,0,0,100,100,0
THE,2026-06-20,1,0,0,0,0,1,1,1,1,1,0,0,0,1,1,1,1,1,0,0,100,100,100,0,100,100,100,0
THE,2026-06-22,7,0,0,0,0,1,1,2,4,5,2,0,0,1,5,6,6,7,0,0,14.3,14.3,28.6,0,14.3,71.4,85.7,0
THE,2026-06-23,2,0,0,0,0,0,1,2,2,2,0,0,0,0,1,2,2,2,0,0,0,50,100,0,0,50,100,0
THE,2026-06-24,1,0,0,0,0,0,0,0,0,0,1,0,0,0,1,1,1,1,0,0,0,0,0,0,0,100,100,0
THE,2026-06-26,3,0,0,0,0,0,1,1,2,2,1,0,0,0,2,2,2,3,0,0,0,33.3,33.3,0,0,66.7,66.7,0
THE,2026-06-27,2,0,0,0,0,0,0,1,1,2,0,0,0,0,1,1,1,2,0,0,0,0,50,0,0,50,50,0
THE,2026-06-29,4,0,0,0,0,0,2,2,2,3,1,0,0,1,3,3,3,4,0,0,0,50,50,0,25,75,75,0
THE,2026-06-30,1,0,0,0,0,0,1,1,1,1,0,0,0,0,1,1,1,1,0,0,0,100,100,0,0,100,100,0
THE,2026-07-01,1,0,0,0,0,0,0,0,1,1,0,0,0,0,0,1,1,1,0,0,0,0,0,0,0,0,100,0
THE,2026-07-02,1,0,0,0,0,0,0,0,1,1,0,0,0,0,1,1,1,1,0,0,0,0,0,0,0,100,100,0
THE,2026-07-03,1,0,0,0,0,0,0,0,0,1,0,0,0,0,0,0,0,1,0,0,0,0,0,0,0,0,0,0
THE,2026-07-04,3,0,0,0,0,0,1,3,3,3,0,0,0,0,2,3,3,3,0,0,0,33.3,100,0,0,66.7,100,0
THE,2026-07-06,6,0,0,0,0,0,2,2,2,3,3,0,0,0,6,6,6,6,0,0,0,33.3,33.3,0,0,100,100,0
THE,2026-07-07,1,0,0,0,0,0,0,0,0,0,1,0,0,0,1,1,1,1,0,0,0,0,0,0,0,100,100,0
THE,2026-07-08,1,0,0,0,0,0,1,1,1,1,0,0,0,0,1,1,1,1,0,0,0,100,100,0,0,100,100,0
THE,2026-07-09,2,0,0,0,0,0,1,1,1,1,1,0,0,1,1,1,2,2,0,0,0,50,50,0,50,50,50,0
THE,2026-07-11,2,0,0,0,0,0,0,0,0,2,0,0,0,0,1,1,1,2,0,0,0,0,0,0,0,50,50,0
THE,2026-07-13,2,0,0,0,0,0,2,2,2,2,0,0,0,0,2,2,2,2,0,0,0,100,100,0,0,100,100,0
THE,2026-07-21,1,0,0,0,0,0,0,0,0,0,1,0,0,0,1,1,1,1,0,0,0,0,0,0,0,100,100,0
TTL,2026-05-21,7,0,0,0,0,2,5,5,5,5,2,0,0,2,7,7,7,7,0,0,28.6,71.4,71.4,0,28.6,100,100,0
TTL,2026-05-22,1,0,0,0,0,0,1,1,1,1,0,0,0,0,1,1,1,1,0,0,0,100,100,0,0,100,100,0
TTL,2026-05-26,1,0,0,0,0,1,1,1,1,1,0,0,0,1,1,1,1,1,0,0,100,100,100,0,100,100,100,0
TTL,2026-05-29,3,0,0,0,0,0,2,2,2,3,0,0,0,0,2,2,2,3,0,0,0,66.7,66.7,0,0,66.7,66.7,0
TTL,2026-05-30,1,0,0,0,0,0,1,1,1,1,0,0,0,0,1,1,1,1,0,0,0,100,100,0,0,100,100,0
TTN,2026-05-08,3,0,0,0,0,0,0,0,0,1,0,0,2,0,0,0,0,1,0,2,0,0,0,0,0,0,0,0
TTN,2026-05-10,1,0,0,0,0,0,0,0,0,0,0,0,1,0,0,0,0,0,0,1,0,0,0,0,0,0,0,0
TTN,2026-05-11,1,0,0,0,0,0,0,0,0,0,0,0,1,0,0,0,0,0,0,1,0,0,0,0,0,0,0,0
TTN,2026-05-12,2,0,0,0,0,0,0,1,2,2,0,0,0,0,0,2,2,2,0,0,0,0,50,0,0,0,100,0
TTN,2026-05-13,1,0,0,0,0,0,1,1,1,1,0,0,0,0,1,1,1,1,0,0,0,100,100,0,0,100,100,0
TTN,2026-05-14,20,0,0,0,0,0,7,11,12,13,6,1,0,0,17,17,18,19,1,0,0,35,55,5,0,85,85,5
TTN,2026-05-15,2,0,0,0,0,0,1,1,1,2,0,0,0,0,1,1,1,2,0,0,0,50,50,0,0,50,50,0
TTN,2026-05-16,4,0,0,0,0,1,1,1,3,4,0,0,0,1,3,3,3,4,0,0,25,25,25,0,25,75,75,0
TTN,2026-05-17,4,0,0,0,0,0,2,2,2,4,0,0,0,0,3,3,3,4,0,0,0,50,50,0,0,75,75,0
TTN,2026-05-18,1,0,0,0,0,0,0,1,1,1,0,0,0,0,1,1,1,1,0,0,0,0,100,0,0,100,100,0
TTN,2026-05-25,1,0,0,0,0,0,0,0,0,0,1,0,0,0,1,1,1,1,0,0,0,0,0,0,0,100,100,0
TTN,2026-05-26,13,0,0,0,0,3,10,10,10,11,1,1,0,3,11,12,12,12,1,0,23.1,76.9,76.9,7.7,23.1,84.6,92.3,7.7
TTN,2026-05-27,5,0,0,0,0,2,3,4,4,4,1,0,0,3,3,4,5,5,0,0,40,60,80,0,60,60,80,0
TTN,2026-05-29,3,0,0,0,0,1,1,1,2,3,0,0,0,1,1,1,2,3,0,0,33.3,33.3,33.3,0,33.3,33.3,33.3,0
TTN,2026-05-30,2,0,0,0,0,0,0,0,1,1,1,0,0,0,1,1,2,2,0,0,0,0,0,0,0,50,50,0
TTN,2026-05-31,1,0,0,0,0,0,0,0,0,1,0,0,0,0,0,0,1,1,0,0,0,0,0,0,0,0,0,0
TTN,2026-06-01,5,0,0,0,0,0,1,1,2,4,1,0,0,0,1,2,3,5,0,0,0,20,20,0,0,20,40,0
TTN,2026-06-02,6,0,0,0,0,1,3,3,3,3,3,0,0,1,6,6,6,6,0,0,16.7,50,50,0,16.7,100,100,0
TTN,2026-06-03,2,0,0,0,0,0,0,0,0,1,1,0,0,0,1,1,2,2,0,0,0,0,0,0,0,50,50,0
TTN,2026-06-04,11,0,0,0,0,2,6,8,8,9,2,0,0,5,10,10,10,11,0,0,18.2,54.5,72.7,0,45.5,90.9,90.9,0
TTN,2026-06-05,2,0,0,0,0,0,0,1,1,2,0,0,0,0,2,2,2,2,0,0,0,0,50,0,0,100,100,0
TTN,2026-06-07,2,0,0,0,0,0,1,2,2,2,0,0,0,0,2,2,2,2,0,0,0,50,100,0,0,100,100,0
TTN,2026-06-08,3,0,0,0,0,0,1,1,1,3,0,0,0,0,1,1,2,3,0,0,0,33.3,33.3,0,0,33.3,33.3,0
TTN,2026-06-09,2,0,0,0,0,0,2,2,2,2,0,0,0,0,2,2,2,2,0,0,0,100,100,0,0,100,100,0
TTN,2026-06-10,1,0,0,0,0,0,0,1,1,1,0,0,0,0,1,1,1,1,0,0,0,0,100,0,0,100,100,0
TTN,2026-06-11,4,0,0,0,0,0,2,4,4,4,0,0,0,0,2,4,4,4,0,0,0,50,100,0,0,50,100,0
TTN,2026-06-12,4,0,0,0,0,0,3,3,3,4,0,0,0,0,4,4,4,4,0,0,0,75,75,0,0,100,100,0
TTN,2026-06-13,7,0,0,0,0,5,5,5,5,6,1,0,0,6,6,6,7,7,0,0,71.4,71.4,71.4,0,85.7,85.7,85.7,0
TTN,2026-06-15,3,0,0,0,0,0,1,1,2,2,0,1,0,0,1,2,2,2,1,0,0,33.3,33.3,33.3,0,33.3,66.7,33.3
TTN,2026-06-16,1,0,0,0,0,0,1,1,1,1,0,0,0,0,1,1,1,1,0,0,0,100,100,0,0,100,100,0
TTN,2026-06-17,4,0,0,0,0,0,1,1,1,2,2,0,0,0,2,2,2,4,0,0,0,25,25,0,0,50,50,0
TTN,2026-06-20,3,0,0,0,0,0,2,3,3,3,0,0,0,0,2,3,3,3,0,0,0,66.7,100,0,0,66.7,100,0
TTN,2026-06-21,12,0,0,0,0,0,4,5,7,10,1,0,1,0,8,9,9,11,0,1,0,33.3,41.7,0,0,66.7,75,0
TTN,2026-06-22,4,0,0,0,0,0,3,3,4,4,0,0,0,0,4,4,4,4,0,0,0,75,75,0,0,100,100,0
TTN,2026-06-23,1,0,0,0,0,0,0,0,0,0,1,0,0,0,1,1,1,1,0,0,0,0,0,0,0,100,100,0
TTN,2026-06-24,8,0,0,0,0,2,5,5,5,6,2,0,0,3,8,8,8,8,0,0,25,62.5,62.5,0,37.5,100,100,0
TTN,2026-06-25,4,0,0,0,0,0,0,0,0,1,2,0,1,1,1,2,2,3,0,1,0,0,0,0,25,25,50,0
TTN,2026-06-26,2,0,0,0,0,2,2,2,2,2,0,0,0,2,2,2,2,2,0,0,100,100,100,0,100,100,100,0
TTN,2026-06-29,4,0,0,0,0,0,3,3,3,3,1,0,0,0,4,4,4,4,0,0,0,75,75,0,0,100,100,0
TTN,2026-06-30,5,0,0,0,0,0,3,4,5,5,0,0,0,0,5,5,5,5,0,0,0,60,80,0,0,100,100,0
TTN,2026-07-01,5,0,0,0,0,0,2,2,2,3,2,0,0,0,4,4,4,5,0,0,0,40,40,0,0,80,80,0
TTN,2026-07-02,7,0,0,0,0,0,3,3,5,5,1,1,0,0,5,5,6,6,1,0,0,42.9,42.9,14.3,0,71.4,71.4,14.3
TTN,2026-07-03,9,0,0,0,0,0,4,5,5,8,0,1,0,0,4,7,7,8,1,0,0,44.4,55.6,11.1,0,44.4,77.8,11.1
TTN,2026-07-04,2,0,0,0,0,0,2,2,2,2,0,0,0,0,2,2,2,2,0,0,0,100,100,0,0,100,100,0
TTN,2026-07-05,8,0,0,0,0,0,1,2,4,7,1,0,0,1,6,7,8,8,0,0,0,12.5,25,0,12.5,75,87.5,0
TTN,2026-07-06,10,0,0,0,0,0,5,5,7,7,1,0,2,0,7,8,8,8,0,2,0,50,50,0,0,70,80,0
TTN,2026-07-07,9,0,0,0,0,0,4,4,7,9,0,0,0,0,5,6,8,9,0,0,0,44.4,44.4,0,0,55.6,66.7,0
TTN,2026-07-08,5,0,0,0,0,0,2,2,2,3,1,0,1,2,4,4,4,4,0,1,0,40,40,0,40,80,80,0
TTN,2026-07-09,2,0,0,0,0,1,2,2,2,2,0,0,0,1,2,2,2,2,0,0,50,100,100,0,50,100,100,0
TTN,2026-07-10,5,0,0,0,0,0,2,2,3,3,1,1,0,2,3,3,4,4,1,0,0,40,40,20,40,60,60,20
TTN,2026-07-11,4,0,0,0,0,0,0,1,2,2,2,0,0,1,3,3,4,4,0,0,0,0,25,0,25,75,75,0
TTN,2026-07-12,5,0,0,0,0,0,4,4,4,4,0,1,0,0,4,4,4,4,1,0,0,80,80,20,0,80,80,20
TTN,2026-07-13,14,1,7.1,0,0,0,5,12,13,13,0,0,1,0,9,12,13,13,0,1,0,35.7,85.7,0,0,64.3,85.7,0
TTN,2026-07-14,14,0,0,0,0,0,4,6,8,10,4,0,0,0,12,12,12,14,0,0,0,28.6,42.9,0,0,85.7,85.7,0
TTN,2026-07-15,26,0,0,0,0,3,12,17,17,21,5,0,0,10,24,24,24,26,0,0,11.5,46.2,65.4,0,38.5,92.3,92.3,0
TTN,2026-07-16,5,0,0,0,0,0,0,2,2,4,1,0,0,0,2,3,3,5,0,0,0,0,40,0,0,40,60,0
TTN,2026-07-17,3,0,0,0,0,0,2,2,2,3,0,0,0,0,2,2,2,3,0,0,0,66.7,66.7,0,0,66.7,66.7,0
TTN,2026-07-18,2,0,0,0,0,0,2,2,2,2,0,0,0,0,2,2,2,2,0,0,0,100,100,0,0,100,100,0
TTN,2026-07-19,9,0,0,0,0,2,4,6,6,7,1,1,0,2,6,8,8,8,1,0,22.2,44.4,66.7,11.1,22.2,66.7,88.9,11.1
TTN,2026-07-20,37,2,5.4,0,0,1,14,17,19,22,12,3,0,2,25,31,32,34,3,0,2.7,37.8,45.9,8.1,5.4,67.6,83.8,8.1
TTN,2026-07-21,7,0,0,0,0,0,3,4,5,6,1,0,0,1,6,6,6,7,0,0,0,42.9,57.1,0,14.3,85.7,85.7,0
TTN,2026-07-22,6,0,0,0,0,0,4,5,5,6,0,0,0,0,5,5,5,6,0,0,0,66.7,83.3,0,0,83.3,83.3,0
TTN,2026-07-23,11,0,0,0,0,0,5,10,10,10,1,0,0,1,8,11,11,11,0,0,0,45.5,90.9,0,9.1,72.7,100,0
TTN,2026-07-24,4,0,0,0,0,0,0,1,3,3,1,0,0,0,1,4,4,4,0,0,0,0,25,0,0,25,100,0
TTN,2026-07-25,3,0,0,0,0,0,0,1,1,1,2,0,0,0,0,1,1,3,0,0,0,0,33.3,0,0,0,33.3,0
TTN,2026-07-26,6,0,0,0,0,0,6,6,6,6,0,0,0,2,6,6,6,6,0,0,0,100,100,0,33.3,100,100,0
TTN,2026-07-27,11,0,0,0,0,1,5,8,8,10,1,0,0,1,10,10,10,11,0,0,9.1,45.5,72.7,0,9.1,90.9,90.9,0
TTN,2026-07-28,22,0,0,0,0,0,10,13,14,18,3,0,1,0,18,19,19,21,0,1,0,45.5,59.1,0,0,81.8,86.4,0
TTN,2026-07-29,17,1,5.9,0,0,1,11,12,13,13,4,0,0,2,17,17,17,17,0,0,5.9,64.7,70.6,0,11.8,100,100,0
TTN,2026-07-30,8,1,12.5,0,0,0,3,3,3,6,1,1,0,1,7,7,7,7,1,0,0,37.5,37.5,12.5,12.5,87.5,87.5,12.5
TTN,2026-07-31,7,0,0,0,0,0,1,2,2,7,0,0,0,2,6,6,6,7,0,0,0,14.3,28.6,0,28.6,85.7,85.7,0
TTN,2026-08-01,4,0,0,0,0,1,2,2,3,3,0,1,0,2,3,3,3,3,1,0,25,50,50,25,50,75,75,25
TTN,2026-08-02,5,0,0,0,0,0,5,5,5,5,0,0,0,0,5,5,5,5,0,0,0,100,100,0,0,100,100,0
TTN,2026-08-03,5,0,0,0,0,1,5,5,5,5,0,0,0,1,5,5,5,5,0,0,20,100,100,0,20,100,100,0
TTN,2026-08-04,3,0,0,0,0,0,3,3,3,3,0,0,0,0,3,3,3,3,0,0,0,100,100,0,0,100,100,0
TTN,2026-08-05,6,0,0,0,0,0,2,3,3,4,2,0,0,2,6,6,6,6,0,0,0,33.3,50,0,33.3,100,100,0
TTN,2026-08-06,4,0,0,0,0,0,1,4,4,4,0,0,0,0,4,4,4,4,0,0,0,25,100,0,0,100,100,0
TTN,2026-08-07,12,0,0,0,0,0,9,9,9,9,2,0,1,1,10,11,11,11,0,1,0,75,75,0,8.3,83.3,91.7,0
TTN,2026-08-08,6,0,0,0,0,0,2,3,3,3,2,0,1,0,4,5,5,5,0,1,0,33.3,50,0,0,66.7,83.3,0
TTN,2026-08-09,3,0,0,0,0,0,3,3,3,3,0,0,0,0,3,3,3,3,0,0,0,100,100,0,0,100,100,0
TTN,2026-08-10,1,0,0,0,0,0,0,0,0,0,0,0,1,0,0,0,0,0,0,1,0,0,0,0,0,0,0,0
TVS,2026-05-08,6,0,0,0,0,0,0,0,0,0,0,0,6,0,0,0,0,0,0,6,0,0,0,0,0,0,0,0
TVS,2026-05-09,7,0,0,0,0,0,0,0,0,1,0,0,6,0,0,0,0,1,0,6,0,0,0,0,0,0,0,0
TVS,2026-05-11,14,0,0,0,0,0,0,0,1,2,2,0,10,0,0,0,3,4,0,10,0,0,0,0,0,0,0,0
TVS,2026-05-12,6,0,0,0,0,0,0,0,0,0,0,0,6,0,0,0,0,0,0,6,0,0,0,0,0,0,0,0
TVS,2026-05-13,14,0,0,0,0,0,6,8,8,8,3,0,3,0,9,10,10,11,0,3,0,42.9,57.1,0,0,64.3,71.4,0
TVS,2026-05-14,5,0,0,0,0,0,1,3,3,4,1,0,0,0,5,5,5,5,0,0,0,20,60,0,0,100,100,0
TVS,2026-05-15,9,0,0,0,0,1,5,6,6,7,2,0,0,1,7,7,8,9,0,0,11.1,55.6,66.7,0,11.1,77.8,77.8,0
TVS,2026-05-16,6,0,0,0,0,0,5,5,5,5,1,0,0,1,6,6,6,6,0,0,0,83.3,83.3,0,16.7,100,100,0
TVS,2026-05-18,18,0,0,0,0,2,10,13,13,15,2,1,0,3,13,16,16,17,1,0,11.1,55.6,72.2,5.6,16.7,72.2,88.9,5.6
TVS,2026-05-19,13,0,0,0,0,1,9,10,11,11,1,1,0,2,12,12,12,12,1,0,7.7,69.2,76.9,7.7,15.4,92.3,92.3,7.7
TVS,2026-05-20,6,0,0,0,0,0,3,3,3,5,1,0,0,0,6,6,6,6,0,0,0,50,50,0,0,100,100,0
TVS,2026-05-21,8,0,0,0,0,1,7,8,8,8,0,0,0,2,8,8,8,8,0,0,12.5,87.5,100,0,25,100,100,0
TVS,2026-05-22,9,0,0,0,0,1,7,7,7,7,1,1,0,2,7,8,8,8,1,0,11.1,77.8,77.8,11.1,22.2,77.8,88.9,11.1
TVS,2026-05-23,12,0,0,0,0,1,2,6,7,10,2,0,0,3,9,10,10,12,0,0,8.3,16.7,50,0,25,75,83.3,0
TVS,2026-05-25,12,0,0,0,0,1,7,7,9,9,2,1,0,2,9,9,11,11,1,0,8.3,58.3,58.3,8.3,16.7,75,75,8.3
TVS,2026-05-26,5,0,0,0,0,0,2,4,4,4,0,0,1,1,4,4,4,4,0,1,0,40,80,0,20,80,80,0
TVS,2026-05-27,8,0,0,0,0,2,7,7,7,8,0,0,0,3,7,8,8,8,0,0,25,87.5,87.5,0,37.5,87.5,100,0
TVS,2026-05-28,3,0,0,0,0,1,1,2,2,2,1,0,0,2,3,3,3,3,0,0,33.3,33.3,66.7,0,66.7,100,100,0
TVS,2026-05-29,6,0,0,0,0,0,1,3,3,4,2,0,0,0,6,6,6,6,0,0,0,16.7,50,0,0,100,100,0
TVS,2026-05-30,6,0,0,0,0,0,2,4,4,5,1,0,0,0,3,4,4,6,0,0,0,33.3,66.7,0,0,50,66.7,0
TVS,2026-05-31,8,0,0,0,0,2,6,7,7,7,1,0,0,2,7,8,8,8,0,0,25,75,87.5,0,25,87.5,100,0
TVS,2026-06-01,10,0,0,0,0,2,8,9,9,9,0,1,0,2,9,9,9,9,1,0,20,80,90,10,20,90,90,10
TVS,2026-06-02,9,0,0,0,0,1,4,5,5,5,3,0,1,1,6,8,8,8,0,1,11.1,44.4,55.6,0,11.1,66.7,88.9,0
TVS,2026-06-03,4,0,0,0,0,0,1,1,3,3,1,0,0,1,4,4,4,4,0,0,0,25,25,0,25,100,100,0
TVS,2026-06-04,11,0,0,0,0,1,3,4,6,6,4,0,1,1,7,9,10,10,0,1,9.1,27.3,36.4,0,9.1,63.6,81.8,0
TVS,2026-06-05,5,0,0,0,0,0,3,3,5,5,0,0,0,2,5,5,5,5,0,0,0,60,60,0,40,100,100,0
TVS,2026-06-06,13,0,0,0,0,3,8,10,10,11,1,0,1,4,11,12,12,12,0,1,23.1,61.5,76.9,0,30.8,84.6,92.3,0
TVS,2026-06-07,1,0,0,0,0,0,0,0,0,0,1,0,0,0,1,1,1,1,0,0,0,0,0,0,0,100,100,0
TVS,2026-06-08,21,0,0,0,0,4,10,11,12,16,5,0,0,7,16,19,20,21,0,0,19,47.6,52.4,0,33.3,76.2,90.5,0
TVS,2026-06-09,8,0,0,0,0,0,5,7,7,7,1,0,0,1,6,8,8,8,0,0,0,62.5,87.5,0,12.5,75,100,0
TVS,2026-06-10,10,0,0,0,0,2,5,8,9,9,1,0,0,4,8,9,9,10,0,0,20,50,80,0,40,80,90,0
TVS,2026-06-11,6,0,0,0,0,0,3,3,3,3,3,0,0,2,5,5,5,6,0,0,0,50,50,0,33.3,83.3,83.3,0
TVS,2026-06-12,3,0,0,0,0,0,1,3,3,3,0,0,0,0,2,3,3,3,0,0,0,33.3,100,0,0,66.7,100,0
TVS,2026-06-13,23,0,0,0,0,6,11,15,15,16,5,1,1,8,19,21,21,21,1,1,26.1,47.8,65.2,4.3,34.8,82.6,91.3,4.3
TVS,2026-06-15,14,0,0,0,0,0,4,5,5,7,5,2,0,1,8,8,9,12,2,0,0,28.6,35.7,14.3,7.1,57.1,57.1,14.3
TVS,2026-06-16,11,0,0,0,0,0,3,4,5,8,2,1,0,0,4,5,6,10,1,0,0,27.3,36.4,9.1,0,36.4,45.5,9.1
TVS,2026-06-17,9,0,0,0,0,1,4,5,6,6,3,0,0,2,8,8,9,9,0,0,11.1,44.4,55.6,0,22.2,88.9,88.9,0
TVS,2026-06-18,14,0,0,0,0,1,6,7,7,10,4,0,0,1,11,11,12,14,0,0,7.1,42.9,50,0,7.1,78.6,78.6,0
TVS,2026-06-19,5,0,0,0,0,1,2,2,3,4,1,0,0,1,5,5,5,5,0,0,20,40,40,0,20,100,100,0
TVS,2026-06-20,20,0,0,0,0,3,8,12,14,14,5,1,0,4,12,16,17,19,1,0,15,40,60,5,20,60,80,5
TVS,2026-06-21,1,0,0,0,0,0,1,1,1,1,0,0,0,0,1,1,1,1,0,0,0,100,100,0,0,100,100,0
TVS,2026-06-22,7,0,0,0,0,0,3,3,4,4,3,0,0,1,5,6,7,7,0,0,0,42.9,42.9,0,14.3,71.4,85.7,0
TVS,2026-06-23,21,0,0,0,0,0,3,10,11,16,2,2,1,1,8,15,16,18,2,1,0,14.3,47.6,9.5,4.8,38.1,71.4,9.5
TVS,2026-06-24,10,0,0,0,0,1,3,5,5,5,4,1,0,1,7,8,8,9,1,0,10,30,50,10,10,70,80,10
TVS,2026-06-25,6,0,0,0,0,0,2,2,2,4,1,0,1,0,4,4,5,5,0,1,0,33.3,33.3,0,0,66.7,66.7,0
TVS,2026-06-26,7,0,0,0,0,0,1,3,3,4,3,0,0,0,3,4,4,7,0,0,0,14.3,42.9,0,0,42.9,57.1,0
TVS,2026-06-27,14,0,0,0,0,0,7,10,12,13,0,0,1,0,11,13,13,13,0,1,0,50,71.4,0,0,78.6,92.9,0
TVS,2026-06-29,12,0,0,0,0,2,6,7,9,9,1,1,1,2,6,9,9,10,1,1,16.7,50,58.3,8.3,16.7,50,75,8.3
TVS,2026-06-30,16,0,0,0,0,5,11,14,14,15,0,1,0,5,14,15,15,15,1,0,31.3,68.8,87.5,6.3,31.3,87.5,93.8,6.3
TVS,2026-07-01,11,0,0,0,0,0,2,4,5,5,5,1,0,1,9,9,10,10,1,0,0,18.2,36.4,9.1,9.1,81.8,81.8,9.1
TVS,2026-07-02,20,0,0,0,0,0,10,13,13,15,2,2,1,0,16,17,17,17,2,1,0,50,65,10,0,80,85,10
TVS,2026-07-03,8,0,0,0,0,1,4,5,6,7,1,0,0,2,6,7,8,8,0,0,12.5,50,62.5,0,25,75,87.5,0
TVS,2026-07-04,22,0,0,0,0,1,12,13,15,16,5,1,0,2,16,16,19,21,1,0,4.5,54.5,59.1,4.5,9.1,72.7,72.7,4.5
TVS,2026-07-05,9,0,0,0,0,2,2,2,2,3,1,4,1,4,4,4,4,4,4,1,22.2,22.2,22.2,44.4,44.4,44.4,44.4,44.4
TVS,2026-07-06,18,0,0,0,0,0,12,15,16,17,1,0,0,0,15,17,17,18,0,0,0,66.7,83.3,0,0,83.3,94.4,0
TVS,2026-07-07,14,0,0,0,0,0,6,7,9,11,1,1,1,1,10,12,12,12,1,1,0,42.9,50,7.1,7.1,71.4,85.7,7.1
TVS,2026-07-08,12,1,8.3,0,0,1,6,6,6,6,5,1,0,1,8,11,11,11,1,0,8.3,50,50,8.3,8.3,66.7,91.7,8.3
TVS,2026-07-09,4,0,0,0,0,0,0,1,1,3,1,0,0,2,2,3,3,4,0,0,0,0,25,0,50,50,75,0
TVS,2026-07-10,4,0,0,0,0,0,2,2,2,2,2,0,0,1,3,3,3,4,0,0,0,50,50,0,25,75,75,0
TVS,2026-07-11,7,0,0,0,0,0,4,5,5,6,1,0,0,0,5,6,6,7,0,0,0,57.1,71.4,0,0,71.4,85.7,0
TVS,2026-07-13,21,0,0,0,0,2,13,15,16,19,2,0,0,4,17,18,18,21,0,0,9.5,61.9,71.4,0,19,81,85.7,0
TVS,2026-07-14,9,0,0,0,0,1,3,5,5,6,1,0,2,1,5,5,5,7,0,2,11.1,33.3,55.6,0,11.1,55.6,55.6,0
TVS,2026-07-15,15,0,0,0,0,0,5,9,13,14,0,0,1,0,9,13,14,14,0,1,0,33.3,60,0,0,60,86.7,0
TVS,2026-07-16,9,0,0,0,0,2,4,7,7,8,1,0,0,2,8,9,9,9,0,0,22.2,44.4,77.8,0,22.2,88.9,100,0
TVS,2026-07-17,6,0,0,0,0,0,2,3,4,4,2,0,0,1,3,4,5,6,0,0,0,33.3,50,0,16.7,50,66.7,0
TVS,2026-07-18,8,2,25,0,0,2,4,4,4,5,1,1,1,3,5,6,6,6,1,1,25,50,50,12.5,37.5,62.5,75,12.5
TVS,2026-07-20,17,1,5.9,0,0,1,8,10,12,14,2,1,0,2,13,13,14,16,1,0,5.9,47.1,58.8,5.9,11.8,76.5,76.5,5.9
TVS,2026-07-21,5,0,0,0,0,0,1,1,1,2,3,0,0,1,3,3,3,5,0,0,0,20,20,0,20,60,60,0
TVS,2026-07-22,8,0,0,0,0,0,4,5,5,6,1,1,0,0,5,5,5,7,1,0,0,50,62.5,12.5,0,62.5,62.5,12.5
TVS,2026-07-23,5,0,0,0,0,2,4,4,4,4,0,1,0,2,4,4,4,4,1,0,40,80,80,20,40,80,80,20
TVS,2026-07-24,3,0,0,0,0,0,0,1,1,2,1,0,0,0,1,1,1,3,0,0,0,0,33.3,0,0,33.3,33.3,0
TVS,2026-07-25,2,0,0,0,0,0,1,2,2,2,0,0,0,1,1,2,2,2,0,0,0,50,100,0,50,50,100,0
TVS,2026-07-26,3,0,0,0,0,0,1,1,1,2,0,0,1,0,1,1,1,2,0,1,0,33.3,33.3,0,0,33.3,33.3,0
TVS,2026-07-27,13,0,0,0,0,3,8,10,12,12,1,0,0,3,10,10,12,13,0,0,23.1,61.5,76.9,0,23.1,76.9,76.9,0
TVS,2026-07-28,1,0,0,0,0,0,1,1,1,1,0,0,0,0,1,1,1,1,0,0,0,100,100,0,0,100,100,0
TVS,2026-07-29,14,0,0,0,0,2,5,6,7,8,2,4,0,3,8,9,9,10,4,0,14.3,35.7,42.9,28.6,21.4,57.1,64.3,28.6
TVS,2026-07-30,4,0,0,0,0,1,2,3,3,3,0,1,0,2,3,3,3,3,1,0,25,50,75,25,50,75,75,25
TVS,2026-07-31,9,0,0,0,0,0,2,3,4,4,5,0,0,1,8,8,9,9,0,0,0,22.2,33.3,0,11.1,88.9,88.9,0
TVS,2026-08-01,7,0,0,0,0,2,4,4,4,4,3,0,0,2,4,5,6,7,0,0,28.6,57.1,57.1,0,28.6,57.1,71.4,0
TVS,2026-08-03,5,0,0,0,0,2,4,4,4,4,0,1,0,2,4,4,4,4,1,0,40,80,80,20,40,80,80,20
TVS,2026-08-04,6,0,0,0,0,0,2,3,4,4,2,0,0,0,4,4,6,6,0,0,0,33.3,50,0,0,66.7,66.7,0
TVS,2026-08-05,6,0,0,0,0,1,3,4,4,4,2,0,0,1,6,6,6,6,0,0,16.7,50,66.7,0,16.7,100,100,0
TVS,2026-08-06,7,1,14.3,0,0,1,4,4,5,6,1,0,0,1,6,6,6,7,0,0,14.3,57.1,57.1,0,14.3,85.7,85.7,0
TVS,2026-08-07,7,0,0,0,0,0,1,2,2,2,3,0,2,1,5,5,5,5,0,2,0,14.3,28.6,0,14.3,71.4,71.4,0
TVS,2026-08-08,7,0,0,0,0,0,1,1,1,1,4,0,2,0,4,5,5,5,0,2,0,14.3,14.3,0,0,57.1,71.4,0
TVS,2026-08-10,14,0,0,0,0,1,1,1,1,1,2,0,11,3,3,3,3,3,0,11,7.1,7.1,7.1,0,21.4,21.4,21.4,0
TWW,2026-05-08,16,0,0,0,0,0,0,0,0,1,3,0,12,0,0,0,0,4,0,12,0,0,0,0,0,0,0,0
TWW,2026-05-09,13,0,0,0,0,0,0,0,0,0,5,0,8,0,0,0,0,5,0,8,0,0,0,0,0,0,0,0
TWW,2026-05-11,14,0,0,0,0,0,0,0,3,7,2,0,5,0,0,0,5,9,0,5,0,0,0,0,0,0,0,0
TWW,2026-05-12,7,0,0,0,0,0,0,0,1,1,1,0,5,0,0,1,2,2,0,5,0,0,0,0,0,0,14.3,0
TWW,2026-05-13,17,0,0,0,0,0,5,6,7,10,7,0,0,0,13,14,16,17,0,0,0,29.4,35.3,0,0,76.5,82.4,0
TWW,2026-05-14,11,0,0,0,0,0,4,6,7,7,4,0,0,0,8,10,10,11,0,0,0,36.4,54.5,0,0,72.7,90.9,0
TWW,2026-05-15,12,0,0,0,0,1,4,9,9,12,0,0,0,2,10,11,12,12,0,0,8.3,33.3,75,0,16.7,83.3,91.7,0
TWW,2026-05-16,15,0,0,0,0,1,2,5,8,8,6,0,1,3,9,11,13,14,0,1,6.7,13.3,33.3,0,20,60,73.3,0
TWW,2026-05-18,26,0,0,0,0,0,7,9,10,17,8,0,1,1,12,18,21,25,0,1,0,26.9,34.6,0,3.8,46.2,69.2,0
TWW,2026-05-19,14,0,0,0,0,0,4,7,9,11,3,0,0,0,7,11,14,14,0,0,0,28.6,50,0,0,50,78.6,0
TWW,2026-05-20,9,0,0,0,0,0,5,6,6,8,1,0,0,0,6,8,8,9,0,0,0,55.6,66.7,0,0,66.7,88.9,0
TWW,2026-05-21,15,0,0,0,0,0,6,7,8,10,5,0,0,0,9,12,13,15,0,0,0,40,46.7,0,0,60,80,0
TWW,2026-05-22,11,0,0,0,0,1,6,9,9,10,1,0,0,1,7,10,10,11,0,0,9.1,54.5,81.8,0,9.1,63.6,90.9,0
TWW,2026-05-23,11,0,0,0,0,2,3,7,7,9,2,0,0,4,7,11,11,11,0,0,18.2,27.3,63.6,0,36.4,63.6,100,0
TWW,2026-05-25,28,0,0,0,0,0,9,12,14,21,6,1,0,1,19,19,20,27,1,0,0,32.1,42.9,3.6,3.6,67.9,67.9,3.6
TWW,2026-05-26,12,0,0,0,0,0,6,7,8,11,0,0,1,1,8,10,10,11,0,1,0,50,58.3,0,8.3,66.7,83.3,0
TWW,2026-05-27,8,0,0,0,0,0,6,7,7,8,0,0,0,0,7,7,7,8,0,0,0,75,87.5,0,0,87.5,87.5,0
TWW,2026-05-28,11,0,0,0,0,1,9,9,9,9,2,0,0,1,10,10,11,11,0,0,9.1,81.8,81.8,0,9.1,90.9,90.9,0
TWW,2026-05-29,14,0,0,0,0,0,5,5,6,10,4,0,0,0,8,9,11,14,0,0,0,35.7,35.7,0,0,57.1,64.3,0
TWW,2026-05-30,15,0,0,0,0,0,4,8,8,10,4,1,0,0,9,13,14,14,1,0,0,26.7,53.3,6.7,0,60,86.7,6.7
TWW,2026-06-01,12,0,0,0,0,0,3,3,4,6,5,0,1,1,9,9,10,11,0,1,0,25,25,0,8.3,75,75,0
TWW,2026-06-02,20,0,0,0,0,2,7,11,12,15,5,0,0,5,17,18,20,20,0,0,10,35,55,0,25,85,90,0
TWW,2026-06-03,7,0,0,0,0,0,3,3,4,5,2,0,0,1,6,6,6,7,0,0,0,42.9,42.9,0,14.3,85.7,85.7,0
TWW,2026-06-04,20,0,0,0,0,2,11,13,14,17,2,1,0,5,17,17,18,19,1,0,10,55,65,5,25,85,85,5
TWW,2026-06-05,2,0,0,0,0,0,0,0,0,0,2,0,0,0,2,2,2,2,0,0,0,0,0,0,0,100,100,0
TWW,2026-06-06,13,0,0,0,0,1,4,5,5,7,4,0,2,2,8,9,9,11,0,2,7.7,30.8,38.5,0,15.4,61.5,69.2,0
TWW,2026-06-08,5,0,0,0,0,0,1,1,2,2,2,0,1,1,3,4,4,4,0,1,0,20,20,0,20,60,80,0
TWW,2026-06-09,26,0,0,0,0,4,15,18,20,23,2,1,0,6,20,22,23,25,1,0,15.4,57.7,69.2,3.8,23.1,76.9,84.6,3.8
TWW,2026-06-10,16,0,0,0,0,1,9,9,9,13,3,0,0,1,13,14,15,16,0,0,6.3,56.3,56.3,0,6.3,81.3,87.5,0
TWW,2026-06-11,20,0,0,0,0,0,9,12,12,15,5,0,0,0,15,18,18,20,0,0,0,45,60,0,0,75,90,0
TWW,2026-06-12,9,0,0,0,0,0,3,3,3,7,2,0,0,0,5,5,5,9,0,0,0,33.3,33.3,0,0,55.6,55.6,0
TWW,2026-06-13,9,0,0,0,0,2,7,8,8,9,0,0,0,2,8,8,8,9,0,0,22.2,77.8,88.9,0,22.2,88.9,88.9,0
TWW,2026-06-15,14,0,0,0,0,2,8,10,10,12,2,0,0,2,10,13,13,14,0,0,14.3,57.1,71.4,0,14.3,71.4,92.9,0
TWW,2026-06-16,8,0,0,0,0,0,2,4,7,7,1,0,0,0,6,8,8,8,0,0,0,25,50,0,0,75,100,0
TWW,2026-06-17,20,0,0,0,0,1,8,10,11,13,5,2,0,1,15,16,17,18,2,0,5,40,50,10,5,75,80,10
TWW,2026-06-18,3,0,0,0,0,0,2,2,2,2,1,0,0,1,3,3,3,3,0,0,0,66.7,66.7,0,33.3,100,100,0
TWW,2026-06-19,20,0,0,0,0,2,7,9,11,14,6,0,0,3,15,15,18,20,0,0,10,35,45,0,15,75,75,0
TWW,2026-06-20,7,0,0,0,0,3,3,4,4,5,2,0,0,3,6,7,7,7,0,0,42.9,42.9,57.1,0,42.9,85.7,100,0
TWW,2026-06-22,26,0,0,0,0,1,11,16,21,23,3,0,0,3,20,24,25,26,0,0,3.8,42.3,61.5,0,11.5,76.9,92.3,0
TWW,2026-06-23,21,0,0,0,0,1,6,10,11,14,6,1,0,5,15,17,17,20,1,0,4.8,28.6,47.6,4.8,23.8,71.4,81,4.8
TWW,2026-06-24,17,0,0,0,0,1,7,7,7,9,5,0,3,1,12,12,14,14,0,3,5.9,41.2,41.2,0,5.9,70.6,70.6,0
TWW,2026-06-25,2,1,50,0,0,0,0,0,0,0,1,0,1,1,1,1,1,1,0,1,0,0,0,0,50,50,50,0
TWW,2026-06-26,19,0,0,0,0,2,9,13,14,18,1,0,0,5,17,18,18,19,0,0,10.5,47.4,68.4,0,26.3,89.5,94.7,0
TWW,2026-06-27,18,0,0,0,0,0,2,7,7,9,8,0,1,3,8,13,16,17,0,1,0,11.1,38.9,0,16.7,44.4,72.2,0
TWW,2026-06-29,20,0,0,0,0,0,7,13,15,17,3,0,0,0,16,17,18,20,0,0,0,35,65,0,0,80,85,0
TWW,2026-06-30,11,0,0,0,0,0,4,6,7,7,3,0,1,0,6,8,10,10,0,1,0,36.4,54.5,0,0,54.5,72.7,0
TWW,2026-07-01,15,0,0,0,0,0,7,7,11,12,2,0,1,1,12,12,14,14,0,1,0,46.7,46.7,0,6.7,80,80,0
TWW,2026-07-02,5,0,0,0,0,0,3,3,3,3,2,0,0,0,5,5,5,5,0,0,0,60,60,0,0,100,100,0
TWW,2026-07-03,15,0,0,0,0,2,7,7,8,10,4,0,1,3,9,9,10,14,0,1,13.3,46.7,46.7,0,20,60,60,0
TWW,2026-07-04,8,0,0,0,0,0,4,5,5,5,3,0,0,0,7,7,7,8,0,0,0,50,62.5,0,0,87.5,87.5,0
TWW,2026-07-06,22,0,0,0,0,0,6,8,9,11,9,1,1,1,15,15,16,20,1,1,0,27.3,36.4,4.5,4.5,68.2,68.2,4.5
TWW,2026-07-07,22,1,4.5,1,4.5,0,7,9,10,11,7,0,4,1,15,16,17,18,0,4,0,31.8,40.9,0,4.5,68.2,72.7,0
TWW,2026-07-08,19,0,0,0,0,0,4,4,7,7,10,0,2,0,12,14,16,17,0,2,0,21.1,21.1,0,0,63.2,73.7,0
TWW,2026-07-09,5,0,0,0,0,0,0,1,1,3,1,0,1,1,1,2,2,4,0,1,0,0,20,0,20,20,40,0
TWW,2026-07-10,14,0,0,0,0,0,8,8,8,8,5,0,1,2,13,13,13,13,0,1,0,57.1,57.1,0,14.3,92.9,92.9,0
TWW,2026-07-11,8,0,0,0,0,0,2,2,3,5,2,0,1,1,5,6,7,7,0,1,0,25,25,0,12.5,62.5,75,0
TWW,2026-07-13,27,2,7.4,0,0,3,12,16,16,18,5,0,4,3,20,21,22,23,0,4,11.1,44.4,59.3,0,11.1,74.1,77.8,0
TWW,2026-07-14,32,2,6.3,0,0,2,16,19,19,20,11,0,1,3,26,27,27,31,0,1,6.3,50,59.4,0,9.4,81.3,84.4,0
TWW,2026-07-15,13,0,0,0,0,0,3,8,8,8,4,1,0,0,5,10,12,12,1,0,0,23.1,61.5,7.7,0,38.5,76.9,7.7
TWW,2026-07-16,6,0,0,0,0,0,1,1,1,3,2,1,0,1,3,3,3,5,1,0,0,16.7,16.7,16.7,16.7,50,50,16.7
TWW,2026-07-17,16,0,0,0,0,0,5,6,6,9,6,0,1,3,11,12,12,15,0,1,0,31.3,37.5,0,18.8,68.8,75,0
TWW,2026-07-18,8,0,0,0,0,1,3,4,5,7,1,0,0,1,3,4,6,8,0,0,12.5,37.5,50,0,12.5,37.5,50,0
TWW,2026-07-20,20,0,0,0,0,3,10,10,10,14,6,0,0,4,16,19,19,20,0,0,15,50,50,0,20,80,95,0
TWW,2026-07-21,7,0,0,0,0,0,3,5,6,6,0,0,1,0,5,6,6,6,0,1,0,42.9,71.4,0,0,71.4,85.7,0
TWW,2026-07-22,14,0,0,0,0,0,9,10,12,14,0,0,0,0,11,12,13,14,0,0,0,64.3,71.4,0,0,78.6,85.7,0
TWW,2026-07-23,4,0,0,0,0,0,3,4,4,4,0,0,0,1,4,4,4,4,0,0,0,75,100,0,25,100,100,0
TWW,2026-07-24,31,2,6.5,2,6.5,0,9,11,13,13,17,0,1,6,23,28,28,30,0,1,0,29,35.5,0,19.4,74.2,90.3,0
TWW,2026-07-25,3,0,0,0,0,1,1,2,2,2,1,0,0,2,2,2,2,3,0,0,33.3,33.3,66.7,0,66.7,66.7,66.7,0
TWW,2026-07-27,21,0,0,0,0,1,14,14,15,17,4,0,0,3,18,19,19,21,0,0,4.8,66.7,66.7,0,14.3,85.7,90.5,0
TWW,2026-07-28,35,0,0,0,0,4,11,13,16,19,12,2,2,5,19,25,27,31,2,2,11.4,31.4,37.1,5.7,14.3,54.3,71.4,5.7
TWW,2026-07-29,24,0,0,0,0,0,6,8,10,11,6,4,3,1,14,15,17,17,4,3,0,25,33.3,16.7,4.2,58.3,62.5,16.7
TWW,2026-07-30,18,0,0,0,0,0,7,8,9,11,4,2,1,0,11,12,12,15,2,1,0,38.9,44.4,11.1,0,61.1,66.7,11.1
TWW,2026-07-31,9,0,0,0,0,0,3,4,4,4,5,0,0,0,9,9,9,9,0,0,0,33.3,44.4,0,0,100,100,0
TWW,2026-08-01,29,1,3.4,1,3.4,0,12,15,17,17,5,4,3,2,18,20,22,22,4,3,0,41.4,51.7,13.8,6.9,62.1,69,13.8
TWW,2026-08-03,23,1,4.3,0,0,0,4,6,7,11,12,0,0,0,17,19,19,23,0,0,0,17.4,26.1,0,0,73.9,82.6,0
TWW,2026-08-04,15,0,0,0,0,0,7,7,7,11,2,1,1,1,11,12,13,13,1,1,0,46.7,46.7,6.7,6.7,73.3,80,6.7
TWW,2026-08-05,16,0,0,0,0,0,6,7,7,8,5,0,3,1,12,12,12,13,0,3,0,37.5,43.8,0,6.3,75,75,0
TWW,2026-08-06,20,0,0,0,0,0,5,7,8,9,9,1,1,1,16,17,18,18,1,1,0,25,35,5,5,80,85,5
TWW,2026-08-07,18,0,0,0,0,0,5,7,7,7,6,2,3,0,8,11,13,13,2,3,0,27.8,38.9,11.1,0,44.4,61.1,11.1
TWW,2026-08-08,11,0,0,0,0,0,5,7,7,7,1,0,3,1,6,8,8,8,0,3,0,45.5,63.6,0,9.1,54.5,72.7,0
TWW,2026-08-10,28,0,0,0,0,1,1,1,1,1,1,0,26,2,2,2,2,2,0,26,3.6,3.6,3.6,0,7.1,7.1,7.1,0
VCR,2026-07-23,4,1,25,1,25,0,0,0,0,0,0,0,4,0,0,0,0,0,0,4,0,0,0,0,0,0,0,0
VCR,2026-07-24,1,0,0,0,0,0,0,0,0,0,0,0,1,0,0,0,0,0,0,1,0,0,0,0,0,0,0,0
VCR,2026-07-27,1,0,0,0,0,0,1,1,1,1,0,0,0,0,1,1,1,1,0,0,0,100,100,0,0,100,100,0
VCR,2026-07-28,1,0,0,0,0,0,0,0,0,1,0,0,0,0,0,1,1,1,0,0,0,0,0,0,0,0,100,0
VCR,2026-08-04,1,0,0,0,0,0,0,0,0,0,0,0,1,0,0,0,0,0,0,1,0,0,0,0,0,0,0,0
VCR,2026-08-06,1,0,0,0,0,0,1,1,1,1,0,0,0,0,1,1,1,1,0,0,0,100,100,0,0,100,100,0
VEB,2026-05-12,1,0,0,0,0,0,0,0,0,0,0,0,1,0,0,0,0,0,0,1,0,0,0,0,0,0,0,0
VEB,2026-05-19,1,0,0,0,0,0,1,1,1,1,0,0,0,0,1,1,1,1,0,0,0,100,100,0,0,100,100,0
VEB,2026-08-07,1,1,100,1,100,0,0,0,0,0,0,0,1,0,0,0,0,0,0,1,0,0,0,0,0,0,0,0
VEH,2026-05-09,1,0,0,0,0,0,0,0,0,0,0,0,1,0,0,0,0,0,0,1,0,0,0,0,0,0,0,0
VEH,2026-05-18,1,0,0,0,0,0,1,1,1,1,0,0,0,0,1,1,1,1,0,0,0,100,100,0,0,100,100,0
VEH,2026-06-03,1,0,0,0,0,0,0,0,0,0,1,0,0,0,1,1,1,1,0,0,0,0,0,0,0,100,100,0
VEH,2026-06-05,1,0,0,0,0,0,0,0,0,0,1,0,0,0,1,1,1,1,0,0,0,0,0,0,0,100,100,0
VEH,2026-06-09,1,0,0,0,0,0,1,1,1,1,0,0,0,0,1,1,1,1,0,0,0,100,100,0,0,100,100,0
VEH,2026-07-07,1,0,0,0,0,0,1,1,1,1,0,0,0,0,1,1,1,1,0,0,0,100,100,0,0,100,100,0
VEH,2026-07-10,1,0,0,0,0,0,1,1,1,1,0,0,0,0,1,1,1,1,0,0,0,100,100,0,0,100,100,0
VEH,2026-07-22,3,0,0,0,0,0,0,2,2,2,1,0,0,0,1,3,3,3,0,0,0,0,66.7,0,0,33.3,100,0
VEH,2026-07-24,1,0,0,0,0,1,1,1,1,1,0,0,0,1,1,1,1,1,0,0,100,100,100,0,100,100,100,0
VEH,2026-07-28,1,0,0,0,0,0,0,1,1,1,0,0,0,0,0,1,1,1,0,0,0,0,100,0,0,0,100,0
VEH,2026-07-29,1,0,0,0,0,0,0,0,0,0,1,0,0,1,1,1,1,1,0,0,0,0,0,0,100,100,100,0
VEH,2026-08-03,2,0,0,0,0,0,1,1,1,1,1,0,0,0,2,2,2,2,0,0,0,50,50,0,0,100,100,0
VEH,2026-08-10,2,0,0,0,0,0,0,0,0,0,0,0,2,0,0,0,0,0,0,2,0,0,0,0,0,0,0,0
VEL,2026-05-08,5,0,0,0,0,0,0,0,0,2,1,0,2,0,0,0,0,3,0,2,0,0,0,0,0,0,0,0
VEL,2026-05-09,12,0,0,0,0,0,0,0,0,1,2,0,9,0,0,0,0,3,0,9,0,0,0,0,0,0,0,0
VEL,2026-05-11,15,0,0,0,0,0,0,0,1,2,5,0,8,0,0,0,6,7,0,8,0,0,0,0,0,0,0,0
VEL,2026-05-12,8,0,0,0,0,0,0,3,4,5,0,0,3,0,0,3,4,5,0,3,0,0,37.5,0,0,0,37.5,0
VEL,2026-05-13,10,1,10,0,0,0,3,4,4,6,2,0,2,0,7,7,8,8,0,2,0,30,40,0,0,70,70,0
VEL,2026-05-14,3,0,0,0,0,0,1,3,3,3,0,0,0,0,2,3,3,3,0,0,0,33.3,100,0,0,66.7,100,0
VEL,2026-05-15,10,0,0,0,0,0,3,4,4,7,3,0,0,4,7,7,8,10,0,0,0,30,40,0,40,70,70,0
VEL,2026-05-16,2,0,0,0,0,0,0,0,2,2,0,0,0,0,2,2,2,2,0,0,0,0,0,0,0,100,100,0
VEL,2026-05-17,3,0,0,0,0,0,1,1,1,2,1,0,0,0,2,2,2,3,0,0,0,33.3,33.3,0,0,66.7,66.7,0
VEL,2026-05-18,4,0,0,0,0,1,3,4,4,4,0,0,0,2,4,4,4,4,0,0,25,75,100,0,50,100,100,0
VEL,2026-05-19,5,1,20,1,20,0,2,2,2,2,1,0,2,0,2,3,3,3,0,2,0,40,40,0,0,40,60,0
VEL,2026-05-20,10,0,0,0,0,0,3,5,7,8,1,0,1,0,7,8,8,9,0,1,0,30,50,0,0,70,80,0
VEL,2026-05-21,3,0,0,0,0,0,0,1,2,2,1,0,0,0,2,2,3,3,0,0,0,0,33.3,0,0,66.7,66.7,0
VEL,2026-05-22,4,1,25,1,25,0,1,1,1,2,2,0,0,1,3,3,3,4,0,0,0,25,25,0,25,75,75,0
VEL,2026-05-23,11,1,9.1,1,9.1,0,5,6,7,9,1,0,1,1,7,8,9,10,0,1,0,45.5,54.5,0,9.1,63.6,72.7,0
VEL,2026-05-24,1,0,0,0,0,0,1,1,1,1,0,0,0,0,1,1,1,1,0,0,0,100,100,0,0,100,100,0
VEL,2026-05-25,11,0,0,0,0,0,4,5,6,8,2,0,1,1,8,8,9,10,0,1,0,36.4,45.5,0,9.1,72.7,72.7,0
VEL,2026-05-26,5,0,0,0,0,0,4,4,4,4,1,0,0,0,5,5,5,5,0,0,0,80,80,0,0,100,100,0
VEL,2026-05-27,5,0,0,0,0,0,2,3,4,5,0,0,0,0,3,3,4,5,0,0,0,40,60,0,0,60,60,0
VEL,2026-05-28,5,0,0,0,0,0,4,4,4,4,1,0,0,1,5,5,5,5,0,0,0,80,80,0,20,100,100,0
VEL,2026-05-29,5,0,0,0,0,0,3,3,3,4,1,0,0,0,4,5,5,5,0,0,0,60,60,0,0,80,100,0
VEL,2026-05-30,10,0,0,0,0,2,5,6,7,8,2,0,0,2,8,8,10,10,0,0,20,50,60,0,20,80,80,0
VEL,2026-06-01,8,0,0,0,0,0,1,4,4,4,4,0,0,1,5,7,7,8,0,0,0,12.5,50,0,12.5,62.5,87.5,0
VEL,2026-06-02,16,0,0,0,0,1,5,7,7,10,4,0,2,1,11,12,13,14,0,2,6.3,31.3,43.8,0,6.3,68.8,75,0
VEL,2026-06-03,7,0,0,0,0,0,3,4,4,4,3,0,0,0,7,7,7,7,0,0,0,42.9,57.1,0,0,100,100,0
VEL,2026-06-04,8,0,0,0,0,0,3,3,4,4,2,0,2,1,6,6,6,6,0,2,0,37.5,37.5,0,12.5,75,75,0
VEL,2026-06-05,5,0,0,0,0,0,2,2,3,3,2,0,0,0,4,4,4,5,0,0,0,40,40,0,0,80,80,0
VEL,2026-06-06,5,0,0,0,0,0,1,3,3,4,0,0,1,1,2,4,4,4,0,1,0,20,60,0,20,40,80,0
VEL,2026-06-08,12,0,0,0,0,0,4,4,6,8,2,0,2,0,5,6,9,10,0,2,0,33.3,33.3,0,0,41.7,50,0
VEL,2026-06-09,7,0,0,0,0,1,5,6,6,7,0,0,0,1,6,7,7,7,0,0,14.3,71.4,85.7,0,14.3,85.7,100,0
VEL,2026-06-10,5,0,0,0,0,0,2,2,3,4,1,0,0,0,4,4,4,5,0,0,0,40,40,0,0,80,80,0
VEL,2026-06-11,3,0,0,0,0,0,2,2,2,2,1,0,0,0,2,2,2,3,0,0,0,66.7,66.7,0,0,66.7,66.7,0
VEL,2026-06-12,7,0,0,0,0,0,3,4,4,5,1,0,1,1,6,6,6,6,0,1,0,42.9,57.1,0,14.3,85.7,85.7,0
VEL,2026-06-13,4,0,0,0,0,0,3,3,3,4,0,0,0,0,3,4,4,4,0,0,0,75,75,0,0,75,100,0
VEL,2026-06-14,2,0,0,0,0,0,1,1,1,1,0,0,1,0,1,1,1,1,0,1,0,50,50,0,0,50,50,0
VEL,2026-06-15,7,0,0,0,0,0,3,4,5,5,2,0,0,0,3,4,5,7,0,0,0,42.9,57.1,0,0,42.9,57.1,0
VEL,2026-06-16,5,0,0,0,0,1,2,2,2,4,1,0,0,1,3,4,5,5,0,0,20,40,40,0,20,60,80,0
VEL,2026-06-17,4,0,0,0,0,0,1,1,1,2,2,0,0,0,3,3,3,4,0,0,0,25,25,0,0,75,75,0
VEL,2026-06-18,3,0,0,0,0,0,1,1,1,1,2,0,0,0,3,3,3,3,0,0,0,33.3,33.3,0,0,100,100,0
VEL,2026-06-19,8,0,0,0,0,0,0,3,3,3,4,0,1,0,4,6,6,7,0,1,0,0,37.5,0,0,50,75,0
VEL,2026-06-20,10,0,0,0,0,0,2,2,6,7,3,0,0,1,7,8,10,10,0,0,0,20,20,0,10,70,80,0
VEL,2026-06-22,12,0,0,0,0,1,4,6,7,8,4,0,0,1,8,9,9,12,0,0,8.3,33.3,50,0,8.3,66.7,75,0
VEL,2026-06-23,13,0,0,0,0,0,5,5,7,8,3,0,2,0,7,9,10,11,0,2,0,38.5,38.5,0,0,53.8,69.2,0
VEL,2026-06-24,2,0,0,0,0,0,1,1,1,1,1,0,0,0,1,2,2,2,0,0,0,50,50,0,0,50,100,0
VEL,2026-06-25,3,0,0,0,0,0,1,2,2,2,1,0,0,0,1,2,2,3,0,0,0,33.3,66.7,0,0,33.3,66.7,0
VEL,2026-06-26,3,0,0,0,0,0,2,2,2,3,0,0,0,0,3,3,3,3,0,0,0,66.7,66.7,0,0,100,100,0
VEL,2026-06-27,7,1,14.3,1,14.3,0,4,4,5,5,0,0,2,0,4,5,5,5,0,2,0,57.1,57.1,0,0,57.1,71.4,0
VEL,2026-06-28,1,0,0,0,0,0,0,1,1,1,0,0,0,0,1,1,1,1,0,0,0,0,100,0,0,100,100,0
VEL,2026-06-29,6,0,0,0,0,1,2,3,3,3,3,0,0,2,5,6,6,6,0,0,16.7,33.3,50,0,33.3,83.3,100,0
VEL,2026-06-30,11,0,0,0,0,0,1,5,5,5,6,0,0,0,8,11,11,11,0,0,0,9.1,45.5,0,0,72.7,100,0
VEL,2026-07-01,5,0,0,0,0,0,4,4,4,4,1,0,0,0,4,5,5,5,0,0,0,80,80,0,0,80,100,0
VEL,2026-07-02,1,0,0,0,0,0,1,1,1,1,0,0,0,0,1,1,1,1,0,0,0,100,100,0,0,100,100,0
VEL,2026-07-03,6,0,0,0,0,0,2,4,4,6,0,0,0,0,3,4,6,6,0,0,0,33.3,66.7,0,0,50,66.7,0
VEL,2026-07-04,3,0,0,0,0,0,2,2,2,2,1,0,0,0,3,3,3,3,0,0,0,66.7,66.7,0,0,100,100,0
VEL,2026-07-05,1,0,0,0,0,0,1,1,1,1,0,0,0,0,1,1,1,1,0,0,0,100,100,0,0,100,100,0
VEL,2026-07-06,6,0,0,0,0,1,4,4,4,5,1,0,0,1,6,6,6,6,0,0,16.7,66.7,66.7,0,16.7,100,100,0
VEL,2026-07-07,14,0,0,0,0,0,8,11,11,13,1,0,0,0,10,12,13,14,0,0,0,57.1,78.6,0,0,71.4,85.7,0
VEL,2026-07-08,16,0,0,0,0,0,9,9,10,11,4,0,1,3,13,14,14,15,0,1,0,56.3,56.3,0,18.8,81.3,87.5,0
VEL,2026-07-09,9,0,0,0,0,0,4,4,5,7,2,0,0,1,8,9,9,9,0,0,0,44.4,44.4,0,11.1,88.9,100,0
VEL,2026-07-10,8,0,0,0,0,0,1,1,1,2,6,0,0,1,3,4,6,8,0,0,0,12.5,12.5,0,12.5,37.5,50,0
VEL,2026-07-11,6,1,16.7,1,16.7,0,1,2,2,3,2,0,1,1,4,4,5,5,0,1,0,16.7,33.3,0,16.7,66.7,66.7,0
VEL,2026-07-12,8,0,0,0,0,0,2,3,3,5,2,0,1,0,4,5,5,7,0,1,0,25,37.5,0,0,50,62.5,0
VEL,2026-07-13,7,0,0,0,0,3,6,6,6,7,0,0,0,3,6,7,7,7,0,0,42.9,85.7,85.7,0,42.9,85.7,100,0
VEL,2026-07-14,7,0,0,0,0,1,6,7,7,7,0,0,0,2,7,7,7,7,0,0,14.3,85.7,100,0,28.6,100,100,0
VEL,2026-07-15,4,0,0,0,0,0,1,1,1,1,2,0,1,0,2,3,3,3,0,1,0,25,25,0,0,50,75,0
VEL,2026-07-16,4,0,0,0,0,0,2,2,2,3,0,0,1,0,2,2,2,3,0,1,0,50,50,0,0,50,50,0
VEL,2026-07-17,3,1,33.3,0,0,0,1,2,2,2,1,0,0,0,2,3,3,3,0,0,0,33.3,66.7,0,0,66.7,100,0
VEL,2026-07-18,1,0,0,0,0,0,1,1,1,1,0,0,0,0,1,1,1,1,0,0,0,100,100,0,0,100,100,0
VEL,2026-07-19,3,0,0,0,0,0,0,1,1,3,0,0,0,0,0,2,2,3,0,0,0,0,33.3,0,0,0,66.7,0
VEL,2026-07-20,25,5,20,0,0,0,4,5,5,5,17,0,3,0,17,19,19,22,0,3,0,16,20,0,0,68,76,0
VEL,2026-07-21,4,0,0,0,0,0,2,3,3,4,0,0,0,1,4,4,4,4,0,0,0,50,75,0,25,100,100,0
VEL,2026-07-22,8,0,0,0,0,0,3,4,4,7,1,0,0,1,4,5,5,8,0,0,0,37.5,50,0,12.5,50,62.5,0
VEL,2026-07-23,6,0,0,0,0,0,2,2,3,5,0,0,1,0,3,3,3,5,0,1,0,33.3,33.3,0,0,50,50,0
VEL,2026-07-24,9,0,0,0,0,0,4,5,6,8,1,0,0,0,6,7,8,9,0,0,0,44.4,55.6,0,0,66.7,77.8,0
VEL,2026-07-25,16,0,0,0,0,3,7,9,12,14,2,0,0,4,12,14,16,16,0,0,18.8,43.8,56.3,0,25,75,87.5,0
VEL,2026-07-26,2,0,0,0,0,0,1,2,2,2,0,0,0,0,2,2,2,2,0,0,0,50,100,0,0,100,100,0
VEL,2026-07-27,18,2,11.1,2,11.1,0,5,8,9,10,5,0,3,0,12,14,14,15,0,3,0,27.8,44.4,0,0,66.7,77.8,0
VEL,2026-07-28,7,0,0,0,0,0,4,4,6,7,0,0,0,0,5,5,6,7,0,0,0,57.1,57.1,0,0,71.4,71.4,0
VEL,2026-07-29,14,1,7.1,0,0,2,8,11,11,12,2,0,0,3,13,13,14,14,0,0,14.3,57.1,78.6,0,21.4,92.9,92.9,0
VEL,2026-07-30,16,1,6.3,0,0,2,7,8,9,12,4,0,0,2,15,15,15,16,0,0,12.5,43.8,50,0,12.5,93.8,93.8,0
VEL,2026-07-31,6,0,0,0,0,0,1,2,3,3,2,0,1,1,3,3,4,5,0,1,0,16.7,33.3,0,16.7,50,50,0
VEL,2026-08-01,8,0,0,0,0,0,2,3,5,5,3,0,0,0,4,6,7,8,0,0,0,25,37.5,0,0,50,75,0
VEL,2026-08-02,3,1,33.3,0,0,0,0,0,0,0,2,0,1,0,2,2,2,2,0,1,0,0,0,0,0,66.7,66.7,0
VEL,2026-08-03,12,0,0,0,0,0,6,8,8,10,1,0,1,1,10,11,11,11,0,1,0,50,66.7,0,8.3,83.3,91.7,0
VEL,2026-08-04,13,0,0,0,0,0,5,8,8,8,4,0,1,1,11,12,12,12,0,1,0,38.5,61.5,0,7.7,84.6,92.3,0
VEL,2026-08-05,7,0,0,0,0,1,4,6,6,6,0,0,1,1,6,6,6,6,0,1,14.3,57.1,85.7,0,14.3,85.7,85.7,0
VEL,2026-08-06,10,0,0,0,0,1,5,6,7,7,2,0,1,2,8,9,9,9,0,1,10,50,60,0,20,80,90,0
VEL,2026-08-07,13,0,0,0,0,1,9,10,10,10,1,0,2,2,11,11,11,11,0,2,7.7,69.2,76.9,0,15.4,84.6,84.6,0
VEL,2026-08-08,2,0,0,0,0,0,1,1,1,1,0,0,1,0,1,1,1,1,0,1,0,50,50,0,0,50,50,0
VEL,2026-08-09,4,0,0,0,0,0,2,2,2,2,0,0,2,0,2,2,2,2,0,2,0,50,50,0,0,50,50,0
VEL,2026-08-10,15,0,0,0,0,0,0,0,0,0,0,0,15,0,0,0,0,0,0,15,0,0,0,0,0,0,0,0
VER,2026-05-08,20,0,0,0,0,0,0,0,0,1,2,0,17,0,0,0,0,3,0,17,0,0,0,0,0,0,0,0
VER,2026-05-09,25,4,16,0,0,0,0,0,0,1,2,0,22,0,0,0,0,3,0,22,0,0,0,0,0,0,0,0
VER,2026-05-10,17,0,0,0,0,0,0,0,0,0,0,0,17,0,0,0,0,0,0,17,0,0,0,0,0,0,0,0
VER,2026-05-11,26,0,0,0,0,0,0,0,3,4,2,0,20,0,0,0,4,6,0,20,0,0,0,0,0,0,0,0
VER,2026-05-12,22,0,0,0,0,0,0,2,3,4,1,1,16,0,0,3,3,5,1,16,0,0,9.1,4.5,0,0,13.6,4.5
VER,2026-05-13,16,0,0,0,0,0,7,10,10,11,3,1,1,0,11,12,13,14,1,1,0,43.8,62.5,6.3,0,68.8,75,6.3
VER,2026-05-14,15,0,0,0,0,0,8,9,10,10,4,1,0,1,14,14,14,14,1,0,0,53.3,60,6.7,6.7,93.3,93.3,6.7
VER,2026-05-15,20,0,0,0,0,0,10,11,14,16,2,1,1,0,12,14,15,18,1,1,0,50,55,5,0,60,70,5
VER,2026-05-16,21,0,0,0,0,0,9,13,16,17,1,1,2,0,13,15,16,18,1,2,0,42.9,61.9,4.8,0,61.9,71.4,4.8
VER,2026-05-17,48,0,0,0,0,1,14,16,16,17,17,13,1,3,28,30,32,34,13,1,2.1,29.2,33.3,27.1,6.3,58.3,62.5,27.1
VER,2026-05-18,17,0,0,0,0,1,8,13,13,15,1,1,0,1,11,13,14,16,1,0,5.9,47.1,76.5,5.9,5.9,64.7,76.5,5.9
VER,2026-05-19,25,0,0,0,0,0,8,14,14,16,8,1,0,1,15,21,22,24,1,0,0,32,56,4,4,60,84,4
VER,2026-05-20,20,0,0,0,0,1,11,13,13,14,6,0,0,1,17,18,19,20,0,0,5,55,65,0,5,85,90,0
VER,2026-05-21,15,0,0,0,0,1,8,11,11,12,2,0,1,1,9,11,12,14,0,1,6.7,53.3,73.3,0,6.7,60,73.3,0
VER,2026-05-22,16,0,0,0,0,0,8,11,12,15,1,0,0,2,14,14,14,16,0,0,0,50,68.8,0,12.5,87.5,87.5,0
VER,2026-05-23,16,0,0,0,0,1,5,7,8,10,3,2,1,1,8,11,11,13,2,1,6.3,31.3,43.8,12.5,6.3,50,68.8,12.5
VER,2026-05-24,15,0,0,0,0,0,6,9,9,9,2,3,1,0,10,11,11,11,3,1,0,40,60,20,0,66.7,73.3,20
VER,2026-05-25,15,0,0,0,0,0,11,11,11,11,2,2,0,1,13,13,13,13,2,0,0,73.3,73.3,13.3,6.7,86.7,86.7,13.3
VER,2026-05-26,18,0,0,0,0,1,8,9,11,14,2,0,2,1,12,13,13,16,0,2,5.6,44.4,50,0,5.6,66.7,72.2,0
VER,2026-05-27,15,0,0,0,0,0,7,9,10,11,3,1,0,1,10,13,14,14,1,0,0,46.7,60,6.7,6.7,66.7,86.7,6.7
VER,2026-05-28,15,0,0,0,0,1,6,8,9,9,3,3,0,1,10,11,11,12,3,0,6.7,40,53.3,20,6.7,66.7,73.3,20
VER,2026-05-29,16,0,0,0,0,0,9,12,13,14,2,0,0,0,11,14,15,16,0,0,0,56.3,75,0,0,68.8,87.5,0
VER,2026-05-30,16,1,6.3,0,0,1,9,11,12,13,3,0,0,3,14,15,16,16,0,0,6.3,56.3,68.8,0,18.8,87.5,93.8,0
VER,2026-05-31,16,0,0,0,0,0,9,9,9,9,4,3,0,0,12,12,13,13,3,0,0,56.3,56.3,18.8,0,75,75,18.8
VER,2026-06-01,19,0,0,0,0,1,11,15,16,17,2,0,0,1,14,18,18,19,0,0,5.3,57.9,78.9,0,5.3,73.7,94.7,0
VER,2026-06-02,10,0,0,0,0,1,6,7,9,9,0,0,1,1,9,9,9,9,0,1,10,60,70,0,10,90,90,0
VER,2026-06-03,15,0,0,0,0,2,9,10,11,12,0,3,0,3,11,12,12,12,3,0,13.3,60,66.7,20,20,73.3,80,20
VER,2026-06-04,13,0,0,0,0,1,9,9,12,12,0,0,1,1,10,10,12,12,0,1,7.7,69.2,69.2,0,7.7,76.9,76.9,0
VER,2026-06-05,12,0,0,0,0,1,7,8,10,11,1,0,0,1,11,11,11,12,0,0,8.3,58.3,66.7,0,8.3,91.7,91.7,0
VER,2026-06-06,12,0,0,0,0,0,7,9,9,9,0,1,2,0,8,9,9,9,1,2,0,58.3,75,8.3,0,66.7,75,8.3
VER,2026-06-07,9,0,0,0,0,0,3,3,4,6,3,0,0,1,5,6,6,9,0,0,0,33.3,33.3,0,11.1,55.6,66.7,0
VER,2026-06-08,12,0,0,0,0,0,5,6,6,8,2,1,1,1,7,8,8,10,1,1,0,41.7,50,8.3,8.3,58.3,66.7,8.3
VER,2026-06-09,12,0,0,0,0,0,3,6,7,7,0,4,1,1,6,7,7,7,4,1,0,25,50,33.3,8.3,50,58.3,33.3
VER,2026-06-10,17,0,0,0,0,1,11,11,13,14,1,1,1,1,13,14,14,15,1,1,5.9,64.7,64.7,5.9,5.9,76.5,82.4,5.9
VER,2026-06-11,20,0,0,0,0,0,12,13,14,18,2,0,0,0,16,17,18,20,0,0,0,60,65,0,0,80,85,0
VER,2026-06-12,24,0,0,0,0,2,7,11,15,19,3,1,1,2,13,17,19,22,1,1,8.3,29.2,45.8,4.2,8.3,54.2,70.8,4.2
VER,2026-06-13,31,0,0,0,0,0,15,19,21,26,3,1,1,0,20,24,26,29,1,1,0,48.4,61.3,3.2,0,64.5,77.4,3.2
VER,2026-06-14,28,1,3.6,0,0,3,13,17,20,21,2,2,3,4,16,20,22,23,2,3,10.7,46.4,60.7,7.1,14.3,57.1,71.4,7.1
VER,2026-06-15,27,0,0,0,0,1,12,17,20,23,3,1,0,1,18,22,23,26,1,0,3.7,44.4,63,3.7,3.7,66.7,81.5,3.7
VER,2026-06-16,31,0,0,0,0,4,19,22,22,26,3,1,1,5,22,25,25,29,1,1,12.9,61.3,71,3.2,16.1,71,80.6,3.2
VER,2026-06-17,32,0,0,0,0,2,19,22,23,26,0,4,2,3,20,23,23,26,4,2,6.3,59.4,68.8,12.5,9.4,62.5,71.9,12.5
VER,2026-06-18,42,0,0,0,0,4,22,25,27,29,9,0,4,6,30,31,33,38,0,4,9.5,52.4,59.5,0,14.3,71.4,73.8,0
VER,2026-06-19,33,0,0,0,0,1,18,23,24,25,8,0,0,1,30,32,32,33,0,0,3,54.5,69.7,0,3,90.9,97,0
VER,2026-06-20,34,0,0,0,0,2,13,19,21,26,5,2,1,3,21,25,25,31,2,1,5.9,38.2,55.9,5.9,8.8,61.8,73.5,5.9
VER,2026-06-21,25,0,0,0,0,0,12,16,18,22,2,0,1,0,17,19,22,24,0,1,0,48,64,0,0,68,76,0
VER,2026-06-22,37,0,0,0,0,2,20,26,27,27,6,3,1,2,31,32,33,33,3,1,5.4,54.1,70.3,8.1,5.4,83.8,86.5,8.1
VER,2026-06-23,31,0,0,0,0,4,12,16,19,20,7,4,0,4,18,23,25,27,4,0,12.9,38.7,51.6,12.9,12.9,58.1,74.2,12.9
VER,2026-06-24,32,0,0,0,0,2,12,16,20,20,5,2,5,3,23,24,24,25,2,5,6.3,37.5,50,6.3,9.4,71.9,75,6.3
VER,2026-06-25,33,0,0,0,0,0,16,19,19,24,4,3,2,2,24,26,26,28,3,2,0,48.5,57.6,9.1,6.1,72.7,78.8,9.1
VER,2026-06-26,30,0,0,0,0,2,13,16,18,24,5,0,1,4,20,20,23,29,0,1,6.7,43.3,53.3,0,13.3,66.7,66.7,0
VER,2026-06-27,33,1,3,0,0,2,12,20,23,27,3,1,2,4,20,28,30,30,1,2,6.1,36.4,60.6,3,12.1,60.6,84.8,3
VER,2026-06-28,27,0,0,0,0,3,16,19,20,22,2,2,1,4,19,20,22,24,2,1,11.1,59.3,70.4,7.4,14.8,70.4,74.1,7.4
VER,2026-06-29,35,0,0,0,0,0,19,27,27,29,5,0,1,0,28,32,32,34,0,1,0,54.3,77.1,0,0,80,91.4,0
VER,2026-06-30,32,0,0,0,0,2,16,21,21,23,5,2,2,3,22,25,25,28,2,2,6.3,50,65.6,6.3,9.4,68.8,78.1,6.3
VER,2026-07-01,28,1,3.6,0,0,3,14,17,19,21,4,1,2,4,18,21,23,25,1,2,10.7,50,60.7,3.6,14.3,64.3,75,3.6
VER,2026-07-02,24,0,0,0,0,0,12,14,14,17,5,0,2,0,17,18,18,22,0,2,0,50,58.3,0,0,70.8,75,0
VER,2026-07-03,24,0,0,0,0,1,15,16,17,20,2,1,1,1,17,19,21,22,1,1,4.2,62.5,66.7,4.2,4.2,70.8,79.2,4.2
VER,2026-07-04,28,0,0,0,0,1,10,18,21,22,2,2,2,1,13,20,23,24,2,2,3.6,35.7,64.3,7.1,3.6,46.4,71.4,7.1
VER,2026-07-05,22,0,0,0,0,0,13,15,16,19,3,0,0,0,16,17,18,22,0,0,0,59.1,68.2,0,0,72.7,77.3,0
VER,2026-07-06,18,0,0,0,0,0,6,8,9,10,3,3,2,1,11,11,11,13,3,2,0,33.3,44.4,16.7,5.6,61.1,61.1,16.7
VER,2026-07-07,18,0,0,0,0,1,9,10,12,14,2,1,1,1,9,11,13,16,1,1,5.6,50,55.6,5.6,5.6,50,61.1,5.6
VER,2026-07-08,20,0,0,0,0,1,11,15,15,16,3,0,1,3,16,17,17,19,0,1,5,55,75,0,15,80,85,0
VER,2026-07-09,21,1,4.8,0,0,0,8,12,13,15,1,1,4,0,14,15,15,16,1,4,0,38.1,57.1,4.8,0,66.7,71.4,4.8
VER,2026-07-10,23,0,0,0,0,2,16,18,19,20,2,1,0,5,20,20,20,22,1,0,8.7,69.6,78.3,4.3,21.7,87,87,4.3
VER,2026-07-11,23,0,0,0,0,1,10,14,18,21,2,0,0,1,18,21,22,23,0,0,4.3,43.5,60.9,0,4.3,78.3,91.3,0
VER,2026-07-12,26,0,0,0,0,2,16,18,19,22,2,1,1,2,17,20,21,24,1,1,7.7,61.5,69.2,3.8,7.7,65.4,76.9,3.8
VER,2026-07-13,46,0,0,0,0,2,13,25,28,38,3,2,3,4,27,32,35,41,2,3,4.3,28.3,54.3,4.3,8.7,58.7,69.6,4.3
VER,2026-07-14,40,0,0,0,0,4,25,28,29,34,3,1,2,5,29,33,35,37,1,2,10,62.5,70,2.5,12.5,72.5,82.5,2.5
VER,2026-07-15,49,0,0,0,0,0,24,26,30,37,9,1,2,1,33,37,39,46,1,2,0,49,53.1,2,2,67.3,75.5,2
VER,2026-07-16,49,0,0,0,0,1,25,28,32,40,7,1,1,1,38,40,43,47,1,1,2,51,57.1,2,2,77.6,81.6,2
VER,2026-07-17,51,2,3.9,0,0,2,24,30,32,41,4,2,4,3,36,39,39,45,2,4,3.9,47.1,58.8,3.9,5.9,70.6,76.5,3.9
VER,2026-07-18,44,0,0,0,0,3,20,25,28,36,3,3,2,5,23,29,31,39,3,2,6.8,45.5,56.8,6.8,11.4,52.3,65.9,6.8
VER,2026-07-19,35,3,8.6,0,0,0,8,17,18,25,3,6,1,0,18,24,24,28,6,1,0,22.9,48.6,17.1,0,51.4,68.6,17.1
VER,2026-07-20,51,2,3.9,0,0,0,22,31,34,39,8,1,3,1,38,41,43,47,1,3,0,43.1,60.8,2,2,74.5,80.4,2
VER,2026-07-21,46,1,2.2,0,0,5,20,29,32,37,6,3,0,6,31,35,36,43,3,0,10.9,43.5,63,6.5,13,67.4,76.1,6.5
VER,2026-07-22,44,0,0,0,0,2,18,25,28,35,6,2,1,2,30,36,37,41,2,1,4.5,40.9,56.8,4.5,4.5,68.2,81.8,4.5
VER,2026-07-23,39,1,2.6,0,0,2,20,23,26,31,7,1,0,4,29,31,33,38,1,0,5.1,51.3,59,2.6,10.3,74.4,79.5,2.6
VER,2026-07-24,36,0,0,0,0,0,21,25,27,28,6,1,1,3,28,31,32,34,1,1,0,58.3,69.4,2.8,8.3,77.8,86.1,2.8
VER,2026-07-25,36,0,0,0,0,2,15,22,27,31,3,2,0,3,25,30,33,34,2,0,5.6,41.7,61.1,5.6,8.3,69.4,83.3,5.6
VER,2026-07-26,30,0,0,0,0,0,9,15,16,19,8,3,0,3,17,20,21,27,3,0,0,30,50,10,10,56.7,66.7,10
VER,2026-07-27,36,0,0,0,0,2,17,22,25,31,3,0,2,3,23,26,30,34,0,2,5.6,47.2,61.1,0,8.3,63.9,72.2,0
VER,2026-07-28,34,1,2.9,0,0,0,18,22,24,29,4,0,1,1,29,29,29,33,0,1,0,52.9,64.7,0,2.9,85.3,85.3,0
VER,2026-07-29,29,1,3.4,0,0,1,12,15,18,21,5,1,2,1,16,20,24,26,1,2,3.4,41.4,51.7,3.4,3.4,55.2,69,3.4
VER,2026-07-30,37,1,2.7,0,0,0,17,20,20,25,7,0,5,1,26,27,27,32,0,5,0,45.9,54.1,0,2.7,70.3,73,0
VER,2026-07-31,31,0,0,0,0,4,17,18,23,27,1,1,2,5,24,26,27,28,1,2,12.9,54.8,58.1,3.2,16.1,77.4,83.9,3.2
VER,2026-08-01,64,0,0,0,0,0,14,24,28,29,25,7,3,0,35,47,48,54,7,3,0,21.9,37.5,10.9,0,54.7,73.4,10.9
VER,2026-08-02,17,0,0,0,0,0,7,11,11,13,4,0,0,1,10,15,15,17,0,0,0,41.2,64.7,0,5.9,58.8,88.2,0
VER,2026-08-03,26,0,0,0,0,1,9,17,18,19,3,1,3,1,18,22,22,22,1,3,3.8,34.6,65.4,3.8,3.8,69.2,84.6,3.8
VER,2026-08-04,32,0,0,0,0,1,12,19,22,24,3,0,5,1,21,26,26,27,0,5,3.1,37.5,59.4,0,3.1,65.6,81.3,0
VER,2026-08-05,31,0,0,0,0,1,18,21,23,23,6,1,1,3,25,28,29,29,1,1,3.2,58.1,67.7,3.2,9.7,80.6,90.3,3.2
VER,2026-08-06,26,0,0,0,0,2,10,17,18,19,4,1,2,2,18,23,23,23,1,2,7.7,38.5,65.4,3.8,7.7,69.2,88.5,3.8
VER,2026-08-07,27,0,0,0,0,1,12,14,19,19,3,0,5,2,19,20,22,22,0,5,3.7,44.4,51.9,0,7.4,70.4,74.1,0
VER,2026-08-08,26,0,0,0,0,0,17,17,17,17,4,0,5,0,20,21,21,21,0,5,0,65.4,65.4,0,0,76.9,80.8,0
VER,2026-08-09,23,0,0,0,0,0,9,9,9,9,6,0,8,0,15,15,15,15,0,8,0,39.1,39.1,0,0,65.2,65.2,0
VER,2026-08-10,31,0,0,0,0,1,1,1,1,1,0,0,30,1,1,1,1,1,0,30,3.2,3.2,3.2,0,3.2,3.2,3.2,0
VET,2026-05-23,1,0,0,0,0,0,0,0,0,1,0,0,0,0,0,0,0,1,0,0,0,0,0,0,0,0,0,0
VET,2026-05-25,1,0,0,0,0,0,1,1,1,1,0,0,0,0,1,1,1,1,0,0,0,100,100,0,0,100,100,0
VET,2026-05-26,1,0,0,0,0,0,0,1,1,1,0,0,0,0,1,1,1,1,0,0,0,0,100,0,0,100,100,0
VET,2026-05-29,1,0,0,0,0,0,1,1,1,1,0,0,0,0,1,1,1,1,0,0,0,100,100,0,0,100,100,0
VET,2026-05-30,1,0,0,0,0,0,0,1,1,1,0,0,0,0,0,1,1,1,0,0,0,0,100,0,0,0,100,0
VET,2026-06-01,1,0,0,0,0,0,0,0,0,1,0,0,0,0,0,0,1,1,0,0,0,0,0,0,0,0,0,0
VET,2026-06-03,1,0,0,0,0,0,0,0,0,0,0,0,1,0,0,0,0,0,0,1,0,0,0,0,0,0,0,0
VET,2026-06-06,1,0,0,0,0,0,1,1,1,1,0,0,0,0,1,1,1,1,0,0,0,100,100,0,0,100,100,0
VET,2026-06-10,1,0,0,0,0,0,0,0,0,0,1,0,0,0,1,1,1,1,0,0,0,0,0,0,0,100,100,0
VET,2026-06-22,1,0,0,0,0,0,1,1,1,1,0,0,0,0,1,1,1,1,0,0,0,100,100,0,0,100,100,0
VET,2026-06-24,4,0,0,0,0,0,3,3,3,3,1,0,0,0,4,4,4,4,0,0,0,75,75,0,0,100,100,0
VET,2026-06-27,1,0,0,0,0,0,0,1,1,1,0,0,0,0,1,1,1,1,0,0,0,0,100,0,0,100,100,0
VET,2026-07-01,2,0,0,0,0,0,1,1,1,1,1,0,0,0,2,2,2,2,0,0,0,50,50,0,0,100,100,0
VET,2026-07-02,1,0,0,0,0,0,0,0,0,0,1,0,0,0,0,1,1,1,0,0,0,0,0,0,0,0,100,0
VET,2026-07-03,1,0,0,0,0,0,1,1,1,1,0,0,0,0,1,1,1,1,0,0,0,100,100,0,0,100,100,0
VIP,2026-05-08,4,0,0,0,0,0,0,0,0,0,1,0,3,0,0,0,0,1,0,3,0,0,0,0,0,0,0,0
VIP,2026-05-09,13,0,0,0,0,0,0,0,0,1,1,0,11,0,0,0,0,2,0,11,0,0,0,0,0,0,0,0
VIP,2026-05-11,4,0,0,0,0,0,0,0,1,1,0,0,3,0,0,0,1,1,0,3,0,0,0,0,0,0,0,0
VIP,2026-05-12,6,0,0,0,0,0,0,1,2,3,1,0,2,0,0,3,3,4,0,2,0,0,16.7,0,0,0,50,0
VIP,2026-05-13,5,0,0,0,0,0,2,3,3,3,1,0,1,0,4,4,4,4,0,1,0,40,60,0,0,80,80,0
VIP,2026-05-14,6,0,0,0,0,0,2,2,2,5,1,0,0,0,4,4,4,6,0,0,0,33.3,33.3,0,0,66.7,66.7,0
VIP,2026-05-21,1,0,0,0,0,0,0,0,0,0,1,0,0,0,1,1,1,1,0,0,0,0,0,0,0,100,100,0
VIP,2026-05-22,1,0,0,0,0,0,1,1,1,1,0,0,0,0,1,1,1,1,0,0,0,100,100,0,0,100,100,0
VIP,2026-05-26,2,0,0,0,0,0,1,1,1,2,0,0,0,0,1,2,2,2,0,0,0,50,50,0,0,50,100,0
VIP,2026-06-01,2,0,0,0,0,0,1,1,1,1,1,0,0,0,1,1,1,2,0,0,0,50,50,0,0,50,50,0
VIP,2026-06-02,1,0,0,0,0,0,0,0,1,1,0,0,0,0,0,0,1,1,0,0,0,0,0,0,0,0,0,0
VIP,2026-06-03,1,0,0,0,0,0,1,1,1,1,0,0,0,0,1,1,1,1,0,0,0,100,100,0,0,100,100,0
VIP,2026-06-05,2,0,0,0,0,0,0,0,1,2,0,0,0,0,2,2,2,2,0,0,0,0,0,0,0,100,100,0
VIP,2026-06-08,1,0,0,0,0,0,0,0,0,0,1,0,0,0,1,1,1,1,0,0,0,0,0,0,0,100,100,0
VIP,2026-06-13,1,0,0,0,0,0,0,0,0,0,1,0,0,0,1,1,1,1,0,0,0,0,0,0,0,100,100,0
VIP,2026-06-14,2,0,0,0,0,0,1,1,1,1,0,0,1,0,1,1,1,1,0,1,0,50,50,0,0,50,50,0
VIP,2026-06-15,1,0,0,0,0,0,0,0,0,0,1,0,0,0,0,0,1,1,0,0,0,0,0,0,0,0,0,0
VIP,2026-06-16,3,1,33.3,1,33.3,0,1,1,1,1,1,0,1,0,2,2,2,2,0,1,0,33.3,33.3,0,0,66.7,66.7,0
VIP,2026-06-17,1,0,0,0,0,0,1,1,1,1,0,0,0,0,1,1,1,1,0,0,0,100,100,0,0,100,100,0
VIP,2026-06-18,1,0,0,0,0,0,0,0,0,0,1,0,0,0,0,0,0,1,0,0,0,0,0,0,0,0,0,0
VIP,2026-06-19,1,0,0,0,0,0,0,0,0,0,1,0,0,0,1,1,1,1,0,0,0,0,0,0,0,100,100,0
VIP,2026-06-21,3,0,0,0,0,0,1,1,1,1,1,0,1,0,2,2,2,2,0,1,0,33.3,33.3,0,0,66.7,66.7,0
VIP,2026-06-22,2,0,0,0,0,0,0,0,0,0,2,0,0,0,1,1,1,2,0,0,0,0,0,0,0,50,50,0
VIP,2026-06-24,2,0,0,0,0,0,1,1,1,1,1,0,0,0,1,1,2,2,0,0,0,50,50,0,0,50,50,0
VIP,2026-06-25,8,0,0,0,0,0,5,7,7,8,0,0,0,0,6,7,7,8,0,0,0,62.5,87.5,0,0,75,87.5,0
VIP,2026-06-26,1,0,0,0,0,0,0,0,0,1,0,0,0,0,0,0,0,1,0,0,0,0,0,0,0,0,0,0
VIP,2026-06-28,7,0,0,0,0,0,3,4,5,6,1,0,0,0,5,6,6,7,0,0,0,42.9,57.1,0,0,71.4,85.7,0
VIP,2026-07-01,11,0,0,0,0,0,7,9,9,9,1,0,1,0,10,10,10,10,0,1,0,63.6,81.8,0,0,90.9,90.9,0
VIP,2026-07-02,2,0,0,0,0,0,0,0,0,1,1,0,0,0,0,1,1,2,0,0,0,0,0,0,0,0,50,0
VIP,2026-07-03,4,0,0,0,0,0,1,1,1,1,3,0,0,0,3,3,4,4,0,0,0,25,25,0,0,75,75,0
VIP,2026-07-04,1,0,0,0,0,0,1,1,1,1,0,0,0,0,1,1,1,1,0,0,0,100,100,0,0,100,100,0
VIP,2026-07-05,16,0,0,0,0,0,7,8,10,11,3,0,2,0,11,11,12,14,0,2,0,43.8,50,0,0,68.8,68.8,0
VIP,2026-07-07,9,0,0,0,0,1,5,6,8,8,1,0,0,1,7,8,9,9,0,0,11.1,55.6,66.7,0,11.1,77.8,88.9,0
VIP,2026-07-08,2,0,0,0,0,0,1,1,1,1,0,0,1,0,1,1,1,1,0,1,0,50,50,0,0,50,50,0
VIP,2026-07-10,6,0,0,0,0,0,3,4,4,4,2,0,0,1,5,5,5,6,0,0,0,50,66.7,0,16.7,83.3,83.3,0
VIP,2026-07-11,8,0,0,0,0,1,3,3,3,5,2,0,1,2,5,6,6,7,0,1,12.5,37.5,37.5,0,25,62.5,75,0
VIP,2026-07-12,1,0,0,0,0,0,0,0,0,1,0,0,0,0,0,0,0,1,0,0,0,0,0,0,0,0,0,0
VIP,2026-07-13,8,0,0,0,0,0,3,3,3,3,3,0,2,0,6,6,6,6,0,2,0,37.5,37.5,0,0,75,75,0
VIP,2026-07-15,20,1,5,0,0,0,8,9,11,14,4,0,2,1,16,16,16,18,0,2,0,40,45,0,5,80,80,0
VIP,2026-07-18,1,0,0,0,0,0,1,1,1,1,0,0,0,0,1,1,1,1,0,0,0,100,100,0,0,100,100,0
VIP,2026-07-20,2,0,0,0,0,1,1,1,1,1,1,0,0,1,2,2,2,2,0,0,50,50,50,0,50,100,100,0
VIP,2026-07-21,2,0,0,0,0,0,1,2,2,2,0,0,0,0,1,2,2,2,0,0,0,50,100,0,0,50,100,0
VIP,2026-07-22,1,0,0,0,0,0,0,1,1,1,0,0,0,0,0,1,1,1,0,0,0,0,100,0,0,0,100,0
VIP,2026-07-23,4,0,0,0,0,0,1,1,1,4,0,0,0,0,2,3,3,4,0,0,0,25,25,0,0,50,75,0
VIP,2026-07-24,9,0,0,0,0,0,3,3,5,7,1,0,1,0,4,5,8,8,0,1,0,33.3,33.3,0,0,44.4,55.6,0
VIP,2026-07-26,1,0,0,0,0,0,1,1,1,1,0,0,0,0,1,1,1,1,0,0,0,100,100,0,0,100,100,0
VIP,2026-07-27,9,0,0,0,0,1,2,7,8,8,1,0,0,1,7,8,9,9,0,0,11.1,22.2,77.8,0,11.1,77.8,88.9,0
VIP,2026-07-28,1,0,0,0,0,0,1,1,1,1,0,0,0,0,1,1,1,1,0,0,0,100,100,0,0,100,100,0
VIP,2026-07-29,16,0,0,0,0,1,7,9,11,15,1,0,0,1,10,13,15,16,0,0,6.3,43.8,56.3,0,6.3,62.5,81.3,0
VIP,2026-07-30,16,0,0,0,0,1,9,10,10,10,5,0,1,5,13,13,13,15,0,1,6.3,56.3,62.5,0,31.3,81.3,81.3,0
VIP,2026-07-31,12,0,0,0,0,0,6,7,7,9,1,0,2,0,8,8,8,10,0,2,0,50,58.3,0,0,66.7,66.7,0
VIP,2026-08-01,5,0,0,0,0,0,0,0,0,0,4,0,1,0,2,2,3,4,0,1,0,0,0,0,0,40,40,0
VIP,2026-08-02,27,0,0,0,0,1,14,16,20,24,2,0,1,2,21,21,24,26,0,1,3.7,51.9,59.3,0,7.4,77.8,77.8,0
VIP,2026-08-03,4,0,0,0,0,0,3,3,3,3,1,0,0,0,3,3,3,4,0,0,0,75,75,0,0,75,75,0
VIP,2026-08-04,16,1,6.3,0,0,3,8,10,10,10,6,0,0,6,13,16,16,16,0,0,18.8,50,62.5,0,37.5,81.3,100,0
VIP,2026-08-05,21,1,4.8,0,0,1,8,10,13,13,5,0,3,4,13,16,17,18,0,3,4.8,38.1,47.6,0,19,61.9,76.2,0
VIP,2026-08-06,25,1,4,1,4,2,13,14,14,14,7,0,4,6,21,21,21,21,0,4,8,52,56,0,24,84,84,0
VIP,2026-08-07,22,1,4.5,0,0,2,9,9,9,9,10,0,3,5,18,18,19,19,0,3,9.1,40.9,40.9,0,22.7,81.8,81.8,0
VIP,2026-08-08,26,0,0,0,0,3,6,13,13,13,8,0,5,8,19,21,21,21,0,5,11.5,23.1,50,0,30.8,73.1,80.8,0
VIP,2026-08-09,31,0,0,0,0,3,16,16,16,16,11,0,4,7,27,27,27,27,0,4,9.7,51.6,51.6,0,22.6,87.1,87.1,0
VIP,2026-08-10,29,0,0,0,0,2,2,2,2,2,6,0,21,7,8,8,8,8,0,21,6.9,6.9,6.9,0,24.1,27.6,27.6,0
WIE,2026-05-08,3,0,0,0,0,0,0,0,0,0,0,0,3,0,0,0,0,0,0,3,0,0,0,0,0,0,0,0
WIE,2026-05-13,2,0,0,0,0,0,0,0,1,1,0,1,0,0,0,0,1,1,1,0,0,0,0,50,0,0,0,50
WIE,2026-05-14,3,0,0,0,0,0,2,2,2,2,1,0,0,0,2,3,3,3,0,0,0,66.7,66.7,0,0,66.7,100,0
WIE,2026-05-16,4,0,0,0,0,0,2,2,2,3,0,0,1,0,2,2,2,3,0,1,0,50,50,0,0,50,50,0
WIE,2026-05-21,1,0,0,0,0,0,1,1,1,1,0,0,0,0,1,1,1,1,0,0,0,100,100,0,0,100,100,0
WIE,2026-05-23,1,0,0,0,0,1,1,1,1,1,0,0,0,1,1,1,1,1,0,0,100,100,100,0,100,100,100,0
WIE,2026-06-01,4,0,0,0,0,0,1,3,3,3,1,0,0,0,3,4,4,4,0,0,0,25,75,0,0,75,100,0
WIE,2026-06-02,1,0,0,0,0,0,1,1,1,1,0,0,0,1,1,1,1,1,0,0,0,100,100,0,100,100,100,0
WIE,2026-06-05,2,0,0,0,0,1,1,1,2,2,0,0,0,1,1,2,2,2,0,0,50,50,50,0,50,50,100,0
WIE,2026-06-15,1,0,0,0,0,0,0,0,0,0,0,1,0,0,0,0,0,0,1,0,0,0,0,100,0,0,0,100
WIE,2026-06-24,2,0,0,0,0,0,0,0,0,0,1,1,0,0,1,1,1,1,1,0,0,0,0,50,0,50,50,50
WIE,2026-06-29,1,0,0,0,0,0,1,1,1,1,0,0,0,0,1,1,1,1,0,0,0,100,100,0,0,100,100,0
WIE,2026-07-01,1,0,0,0,0,1,1,1,1,1,0,0,0,1,1,1,1,1,0,0,100,100,100,0,100,100,100,0
WIE,2026-07-08,2,0,0,0,0,0,1,1,1,2,0,0,0,0,2,2,2,2,0,0,0,50,50,0,0,100,100,0
WIE,2026-07-16,1,0,0,0,0,0,0,0,0,1,0,0,0,0,0,0,0,1,0,0,0,0,0,0,0,0,0,0
WIE,2026-07-17,1,0,0,0,0,0,1,1,1,1,0,0,0,0,1,1,1,1,0,0,0,100,100,0,0,100,100,0
WIE,2026-07-21,1,0,0,0,0,0,1,1,1,1,0,0,0,0,1,1,1,1,0,0,0,100,100,0,0,100,100,0
WIE,2026-07-25,1,0,0,0,0,0,0,1,1,1,0,0,0,1,1,1,1,1,0,0,0,0,100,0,100,100,100,0
WIE,2026-08-01,1,0,0,0,0,0,0,0,0,0,0,0,1,0,0,0,0,0,0,1,0,0,0,0,0,0,0,0
WIE,2026-08-03,3,0,0,0,0,0,0,0,2,2,1,0,0,0,3,3,3,3,0,0,0,0,0,0,0,100,100,0
WIQ,2026-05-11,8,0,0,0,0,0,0,0,1,2,2,0,4,0,0,0,3,4,0,4,0,0,0,0,0,0,0,0
WIQ,2026-05-12,8,0,0,0,0,0,0,0,0,0,2,0,6,0,0,1,1,2,0,6,0,0,0,0,0,0,12.5,0
WIQ,2026-05-13,4,0,0,0,0,0,3,4,4,4,0,0,0,0,4,4,4,4,0,0,0,75,100,0,0,100,100,0
WIQ,2026-05-14,12,0,0,0,0,2,8,10,10,10,2,0,0,2,12,12,12,12,0,0,16.7,66.7,83.3,0,16.7,100,100,0
WIQ,2026-05-15,2,0,0,0,0,1,1,1,1,2,0,0,0,1,2,2,2,2,0,0,50,50,50,0,50,100,100,0
WIQ,2026-05-16,3,0,0,0,0,0,2,2,3,3,0,0,0,0,2,3,3,3,0,0,0,66.7,66.7,0,0,66.7,100,0
WIQ,2026-05-17,5,0,0,0,0,0,3,4,4,5,0,0,0,0,4,4,4,5,0,0,0,60,80,0,0,80,80,0
WIQ,2026-05-18,12,0,0,0,0,0,8,8,9,10,2,0,0,0,12,12,12,12,0,0,0,66.7,66.7,0,0,100,100,0
WIQ,2026-05-19,12,0,0,0,0,1,6,6,7,10,1,0,1,3,9,11,11,11,0,1,8.3,50,50,0,25,75,91.7,0
WIQ,2026-05-20,10,0,0,0,0,0,3,7,8,9,1,0,0,0,7,9,9,10,0,0,0,30,70,0,0,70,90,0
WIQ,2026-05-21,22,0,0,0,0,1,14,14,14,15,6,0,1,2,21,21,21,21,0,1,4.5,63.6,63.6,0,9.1,95.5,95.5,0
WIQ,2026-05-22,13,0,0,0,0,0,2,3,5,5,7,0,1,6,11,11,12,12,0,1,0,15.4,23.1,0,46.2,84.6,84.6,0
WIQ,2026-05-23,1,0,0,0,0,0,0,1,1,1,0,0,0,0,0,1,1,1,0,0,0,0,100,0,0,0,100,0
WIQ,2026-05-24,1,0,0,0,0,0,1,1,1,1,0,0,0,0,1,1,1,1,0,0,0,100,100,0,0,100,100,0
WIQ,2026-05-25,5,0,0,0,0,1,4,4,4,4,1,0,0,1,5,5,5,5,0,0,20,80,80,0,20,100,100,0
WIQ,2026-05-26,4,0,0,0,0,0,2,2,4,4,0,0,0,0,4,4,4,4,0,0,0,50,50,0,0,100,100,0
WIQ,2026-05-27,3,0,0,0,0,0,2,2,3,3,0,0,0,0,3,3,3,3,0,0,0,66.7,66.7,0,0,100,100,0
WIQ,2026-05-28,8,0,0,0,0,0,6,7,7,7,1,0,0,1,8,8,8,8,0,0,0,75,87.5,0,12.5,100,100,0
WIQ,2026-05-29,2,0,0,0,0,0,2,2,2,2,0,0,0,0,2,2,2,2,0,0,0,100,100,0,0,100,100,0
WIQ,2026-05-30,3,0,0,0,0,0,1,2,2,3,0,0,0,0,3,3,3,3,0,0,0,33.3,66.7,0,0,100,100,0
WIQ,2026-05-31,6,0,0,0,0,0,5,6,6,6,0,0,0,0,6,6,6,6,0,0,0,83.3,100,0,0,100,100,0
WIQ,2026-06-01,1,0,0,0,0,0,0,1,1,1,0,0,0,0,1,1,1,1,0,0,0,0,100,0,0,100,100,0
WIQ,2026-06-02,13,0,0,0,0,1,9,12,12,12,1,0,0,1,13,13,13,13,0,0,7.7,69.2,92.3,0,7.7,100,100,0
WIQ,2026-06-03,2,0,0,0,0,0,1,1,1,1,1,0,0,0,2,2,2,2,0,0,0,50,50,0,0,100,100,0
WIQ,2026-06-04,4,0,0,0,0,0,3,3,3,3,0,0,1,0,3,3,3,3,0,1,0,75,75,0,0,75,75,0
WIQ,2026-06-05,5,0,0,0,0,0,5,5,5,5,0,0,0,0,5,5,5,5,0,0,0,100,100,0,0,100,100,0
WIQ,2026-06-06,3,0,0,0,0,0,1,2,3,3,0,0,0,0,3,3,3,3,0,0,0,33.3,66.7,0,0,100,100,0
WIQ,2026-06-07,5,0,0,0,0,0,0,0,0,2,3,0,0,1,3,3,4,5,0,0,0,0,0,0,20,60,60,0
WIQ,2026-06-08,14,0,0,0,0,2,9,11,11,11,2,0,1,2,12,13,13,13,0,1,14.3,64.3,78.6,0,14.3,85.7,92.9,0
WIQ,2026-06-09,8,0,0,0,0,0,2,6,6,6,2,0,0,0,5,7,7,8,0,0,0,25,75,0,0,62.5,87.5,0
WIQ,2026-06-10,4,0,0,0,0,0,1,1,2,2,2,0,0,0,2,3,4,4,0,0,0,25,25,0,0,50,75,0
WIQ,2026-06-11,5,0,0,0,0,0,4,4,4,4,1,0,0,0,5,5,5,5,0,0,0,80,80,0,0,100,100,0
WIQ,2026-06-12,2,0,0,0,0,0,1,2,2,2,0,0,0,0,2,2,2,2,0,0,0,50,100,0,0,100,100,0
WIQ,2026-06-13,2,0,0,0,0,0,1,1,2,2,0,0,0,0,2,2,2,2,0,0,0,50,50,0,0,100,100,0
WIQ,2026-06-14,6,0,0,0,0,0,2,5,5,6,0,0,0,0,4,5,6,6,0,0,0,33.3,83.3,0,0,66.7,83.3,0
WIQ,2026-06-15,6,0,0,0,0,1,4,4,4,4,2,0,0,3,6,6,6,6,0,0,16.7,66.7,66.7,0,50,100,100,0
WIQ,2026-06-16,7,0,0,0,0,0,3,3,4,6,1,0,0,0,4,5,6,7,0,0,0,42.9,42.9,0,0,57.1,71.4,0
WIQ,2026-06-17,4,0,0,0,0,0,1,2,2,4,0,0,0,0,3,3,4,4,0,0,0,25,50,0,0,75,75,0
WIQ,2026-06-18,3,0,0,0,0,0,1,3,3,3,0,0,0,0,1,3,3,3,0,0,0,33.3,100,0,0,33.3,100,0
WIQ,2026-06-19,2,0,0,0,0,0,1,2,2,2,0,0,0,0,1,2,2,2,0,0,0,50,100,0,0,50,100,0
WIQ,2026-06-20,1,0,0,0,0,0,1,1,1,1,0,0,0,0,1,1,1,1,0,0,0,100,100,0,0,100,100,0
WIQ,2026-06-21,2,0,0,0,0,0,1,2,2,2,0,0,0,0,1,2,2,2,0,0,0,50,100,0,0,50,100,0
WIQ,2026-06-22,5,0,0,0,0,1,3,3,3,3,2,0,0,2,4,5,5,5,0,0,20,60,60,0,40,80,100,0
WIQ,2026-06-23,1,0,0,0,0,0,0,0,0,0,1,0,0,0,1,1,1,1,0,0,0,0,0,0,0,100,100,0
WIQ,2026-06-24,2,0,0,0,0,0,2,2,2,2,0,0,0,0,2,2,2,2,0,0,0,100,100,0,0,100,100,0
WIQ,2026-06-26,1,0,0,0,0,0,0,0,1,1,0,0,0,0,1,1,1,1,0,0,0,0,0,0,0,100,100,0
WIQ,2026-06-27,1,0,0,0,0,0,1,1,1,1,0,0,0,0,1,1,1,1,0,0,0,100,100,0,0,100,100,0
WIQ,2026-06-28,1,0,0,0,0,1,1,1,1,1,0,0,0,1,1,1,1,1,0,0,100,100,100,0,100,100,100,0
WIQ,2026-06-29,10,0,0,0,0,0,3,6,6,7,3,0,0,0,8,9,9,10,0,0,0,30,60,0,0,80,90,0
WIQ,2026-06-30,8,0,0,0,0,1,5,7,7,7,1,0,0,2,8,8,8,8,0,0,12.5,62.5,87.5,0,25,100,100,0
WIQ,2026-07-02,3,0,0,0,0,0,2,2,2,2,1,0,0,0,2,3,3,3,0,0,0,66.7,66.7,0,0,66.7,100,0
WIQ,2026-07-03,6,0,0,0,0,0,0,1,1,4,2,0,0,0,3,3,3,6,0,0,0,0,16.7,0,0,50,50,0
WIQ,2026-07-04,7,0,0,0,0,0,4,6,6,6,1,0,0,0,6,7,7,7,0,0,0,57.1,85.7,0,0,85.7,100,0
WIQ,2026-07-05,6,1,16.7,0,0,0,1,2,2,5,1,0,0,0,4,4,4,6,0,0,0,16.7,33.3,0,0,66.7,66.7,0
WIQ,2026-07-06,15,0,0,0,0,7,10,10,10,10,5,0,0,9,15,15,15,15,0,0,46.7,66.7,66.7,0,60,100,100,0
WIQ,2026-07-07,7,0,0,0,0,0,3,4,4,4,3,0,0,1,5,6,7,7,0,0,0,42.9,57.1,0,14.3,71.4,85.7,0
WIQ,2026-07-08,38,1,2.6,0,0,0,16,21,24,26,9,0,3,2,25,27,30,35,0,3,0,42.1,55.3,0,5.3,65.8,71.1,0
WIQ,2026-07-09,2,0,0,0,0,0,2,2,2,2,0,0,0,0,2,2,2,2,0,0,0,100,100,0,0,100,100,0
WIQ,2026-07-10,6,0,0,0,0,0,4,4,4,6,0,0,0,0,4,4,5,6,0,0,0,66.7,66.7,0,0,66.7,66.7,0
WIQ,2026-07-11,3,0,0,0,0,1,2,3,3,3,0,0,0,1,2,3,3,3,0,0,33.3,66.7,100,0,33.3,66.7,100,0
WIQ,2026-07-12,6,0,0,0,0,0,4,5,5,5,0,0,1,0,5,5,5,5,0,1,0,66.7,83.3,0,0,83.3,83.3,0
WIQ,2026-07-13,6,0,0,0,0,0,1,4,5,5,1,0,0,0,3,6,6,6,0,0,0,16.7,66.7,0,0,50,100,0
WIQ,2026-07-14,1,0,0,0,0,0,1,1,1,1,0,0,0,0,1,1,1,1,0,0,0,100,100,0,0,100,100,0
WIQ,2026-07-15,2,0,0,0,0,0,0,0,0,1,1,0,0,0,1,1,1,2,0,0,0,0,0,0,0,50,50,0
WIQ,2026-07-16,2,0,0,0,0,0,1,1,1,2,0,0,0,0,1,1,1,2,0,0,0,50,50,0,0,50,50,0
WIQ,2026-07-17,5,1,20,0,0,0,2,2,3,3,2,0,0,0,4,4,5,5,0,0,0,40,40,0,0,80,80,0
WIQ,2026-07-21,1,0,0,0,0,0,1,1,1,1,0,0,0,0,1,1,1,1,0,0,0,100,100,0,0,100,100,0
WIQ,2026-07-22,2,0,0,0,0,0,0,0,0,1,1,0,0,0,1,1,1,2,0,0,0,0,0,0,0,50,50,0
WIQ,2026-07-23,4,0,0,0,0,0,0,0,0,0,4,0,0,0,2,2,2,4,0,0,0,0,0,0,0,50,50,0
WIQ,2026-07-24,15,0,0,0,0,1,5,5,6,8,7,0,0,2,12,12,13,15,0,0,6.7,33.3,33.3,0,13.3,80,80,0
WIQ,2026-07-25,2,0,0,0,0,0,0,1,1,2,0,0,0,0,2,2,2,2,0,0,0,0,50,0,0,100,100,0
WIQ,2026-07-26,3,0,0,0,0,0,2,2,2,3,0,0,0,0,2,2,2,3,0,0,0,66.7,66.7,0,0,66.7,66.7,0
WIQ,2026-07-27,2,0,0,0,0,0,1,2,2,2,0,0,0,0,2,2,2,2,0,0,0,50,100,0,0,100,100,0
WIQ,2026-07-28,5,0,0,0,0,0,5,5,5,5,0,0,0,1,5,5,5,5,0,0,0,100,100,0,20,100,100,0
WIQ,2026-07-29,6,0,0,0,0,1,6,6,6,6,0,0,0,1,6,6,6,6,0,0,16.7,100,100,0,16.7,100,100,0
WIQ,2026-07-30,13,0,0,0,0,0,6,9,10,13,0,0,0,3,12,13,13,13,0,0,0,46.2,69.2,0,23.1,92.3,100,0
WIQ,2026-07-31,10,1,10,0,0,4,5,5,6,7,3,0,0,4,10,10,10,10,0,0,40,50,50,0,40,100,100,0
WIQ,2026-08-01,6,0,0,0,0,0,3,3,4,5,1,0,0,0,4,6,6,6,0,0,0,50,50,0,0,66.7,100,0
WIQ,2026-08-03,7,0,0,0,0,1,4,5,5,7,0,0,0,1,7,7,7,7,0,0,14.3,57.1,71.4,0,14.3,100,100,0
WIQ,2026-08-04,1,0,0,0,0,0,1,1,1,1,0,0,0,0,1,1,1,1,0,0,0,100,100,0,0,100,100,0
WIQ,2026-08-05,4,0,0,0,0,1,3,3,3,3,1,0,0,2,4,4,4,4,0,0,25,75,75,0,50,100,100,0
WIQ,2026-08-06,7,0,0,0,0,0,4,6,7,7,0,0,0,0,5,7,7,7,0,0,0,57.1,85.7,0,0,71.4,100,0
WIQ,2026-08-07,3,0,0,0,0,0,2,2,3,3,0,0,0,0,3,3,3,3,0,0,0,66.7,66.7,0,0,100,100,0
WIQ,2026-08-08,1,0,0,0,0,0,0,1,1,1,0,0,0,0,1,1,1,1,0,0,0,0,100,0,0,100,100,0
WIQ,2026-08-09,5,0,0,0,0,0,1,1,1,1,3,0,1,0,4,4,4,4,0,1,0,20,20,0,0,80,80,0
WIQ,2026-08-10,6,0,0,0,0,0,0,0,0,0,0,0,6,0,0,0,0,0,0,6,0,0,0,0,0,0,0,0
WZZ,2026-07-09,1,0,0,0,0,0,0,0,0,0,1,0,0,0,1,1,1,1,0,0,0,0,0,0,0,100,100,0
WZZ,2026-07-16,1,0,0,0,0,0,0,0,0,0,1,0,0,0,1,1,1,1,0,0,0,0,0,0,0,100,100,0
YAN,2026-05-08,11,0,0,0,0,0,0,0,0,0,1,0,10,0,0,0,0,1,0,10,0,0,0,0,0,0,0,0
YAN,2026-05-09,10,0,0,0,0,0,0,0,0,0,0,0,10,0,0,0,0,0,0,10,0,0,0,0,0,0,0,0
YAN,2026-05-10,17,0,0,0,0,0,0,0,0,1,2,0,14,0,0,0,0,3,0,14,0,0,0,0,0,0,0,0
YAN,2026-05-11,23,0,0,0,0,0,0,0,3,4,1,0,18,0,0,0,5,5,0,18,0,0,0,0,0,0,0,0
YAN,2026-05-12,10,0,0,0,0,0,0,2,3,3,1,0,6,0,0,4,4,4,0,6,0,0,20,0,0,0,40,0
YAN,2026-05-13,55,0,0,0,0,0,14,18,21,34,14,7,0,0,38,42,45,48,7,0,0,25.5,32.7,12.7,0,69.1,76.4,12.7
YAN,2026-05-14,41,0,0,0,0,0,13,14,15,19,11,10,1,0,24,28,29,30,10,1,0,31.7,34.1,24.4,0,58.5,68.3,24.4
YAN,2026-05-15,36,0,0,0,0,0,11,14,16,18,8,10,0,0,18,23,25,26,10,0,0,30.6,38.9,27.8,0,50,63.9,27.8
YAN,2026-05-16,33,0,0,0,0,0,4,8,11,16,15,2,0,0,23,26,27,31,2,0,0,12.1,24.2,6.1,0,69.7,78.8,6.1
YAN,2026-05-17,68,2,2.9,2,2.9,1,28,29,31,33,22,12,1,11,48,49,50,55,12,1,1.5,41.2,42.6,17.6,16.2,70.6,72.1,17.6
YAN,2026-05-18,28,0,0,0,0,0,13,18,19,20,1,7,0,0,17,20,20,21,7,0,0,46.4,64.3,25,0,60.7,71.4,25
YAN,2026-05-19,45,0,0,0,0,1,13,18,20,21,9,14,1,1,26,30,30,30,14,1,2.2,28.9,40,31.1,2.2,57.8,66.7,31.1
YAN,2026-05-20,25,0,0,0,0,0,13,18,18,22,2,1,0,0,21,23,24,24,1,0,0,52,72,4,0,84,92,4
YAN,2026-05-21,54,0,0,0,0,0,18,23,24,25,13,11,5,0,34,35,36,38,11,5,0,33.3,42.6,20.4,0,63,64.8,20.4
YAN,2026-05-22,27,0,0,0,0,3,16,16,17,19,8,0,0,4,24,25,26,27,0,0,11.1,59.3,59.3,0,14.8,88.9,92.6,0
YAN,2026-05-23,53,0,0,0,0,1,17,25,26,29,9,15,0,2,29,34,36,38,15,0,1.9,32.1,47.2,28.3,3.8,54.7,64.2,28.3
YAN,2026-05-24,68,1,1.5,0,0,2,10,13,14,14,33,19,2,2,37,42,45,47,19,2,2.9,14.7,19.1,27.9,2.9,54.4,61.8,27.9
YAN,2026-05-25,122,0,0,0,0,2,8,28,31,31,48,39,4,3,53,74,77,79,39,4,1.6,6.6,23,32,2.5,43.4,60.7,32
YAN,2026-05-26,107,1,0.9,0,0,0,11,15,15,15,58,31,3,2,59,64,65,73,31,3,0,10.3,14,29,1.9,55.1,59.8,29
YAN,2026-05-27,55,0,0,0,0,1,10,16,17,19,21,15,0,2,28,37,38,40,15,0,1.8,18.2,29.1,27.3,3.6,50.9,67.3,27.3
YAN,2026-05-28,25,0,0,0,0,0,6,8,9,10,4,11,0,0,13,14,14,14,11,0,0,24,32,44,0,52,56,44
YAN,2026-05-29,38,0,0,0,0,0,14,16,17,17,7,14,0,1,20,24,24,24,14,0,0,36.8,42.1,36.8,2.6,52.6,63.2,36.8
YAN,2026-05-30,45,0,0,0,0,0,13,21,22,22,12,11,0,0,28,33,34,34,11,0,0,28.9,46.7,24.4,0,62.2,73.3,24.4
YAN,2026-05-31,35,0,0,0,0,0,11,15,19,19,9,7,0,0,21,25,28,28,7,0,0,31.4,42.9,20,0,60,71.4,20
YAN,2026-06-01,31,0,0,0,0,0,15,16,16,17,9,4,1,0,25,25,26,26,4,1,0,48.4,51.6,12.9,0,80.6,80.6,12.9
YAN,2026-06-02,23,0,0,0,0,0,6,8,9,9,7,6,1,0,15,16,16,16,6,1,0,26.1,34.8,26.1,0,65.2,69.6,26.1
YAN,2026-06-03,39,0,0,0,0,1,23,28,28,28,4,7,0,1,28,30,30,32,7,0,2.6,59,71.8,17.9,2.6,71.8,76.9,17.9
YAN,2026-06-04,49,0,0,0,0,1,31,32,33,35,8,4,2,2,40,42,43,43,4,2,2,63.3,65.3,8.2,4.1,81.6,85.7,8.2
YAN,2026-06-05,25,0,0,0,0,0,10,11,15,18,3,3,1,1,18,19,19,21,3,1,0,40,44,12,4,72,76,12
YAN,2026-06-06,13,0,0,0,0,1,10,10,10,12,0,1,0,1,10,10,10,12,1,0,7.7,76.9,76.9,7.7,7.7,76.9,76.9,7.7
YAN,2026-06-07,2,0,0,0,0,0,1,1,2,2,0,0,0,0,2,2,2,2,0,0,0,50,50,0,0,100,100,0
YAN,2026-06-08,18,0,0,0,0,0,2,4,7,7,9,2,0,0,11,14,15,16,2,0,0,11.1,22.2,11.1,0,61.1,77.8,11.1
YAN,2026-06-09,115,0,0,0,0,0,30,39,40,43,46,20,6,0,75,83,86,89,20,6,0,26.1,33.9,17.4,0,65.2,72.2,17.4
YAN,2026-06-10,58,1,1.7,0,0,1,21,24,29,30,16,8,4,1,39,41,41,46,8,4,1.7,36.2,41.4,13.8,1.7,67.2,70.7,13.8
YAN,2026-06-11,31,0,0,0,0,0,11,13,14,15,13,3,0,0,22,26,27,28,3,0,0,35.5,41.9,9.7,0,71,83.9,9.7
YAN,2026-06-12,32,0,0,0,0,1,10,10,11,13,12,7,0,3,21,22,25,25,7,0,3.1,31.3,31.3,21.9,9.4,65.6,68.8,21.9
YAN,2026-06-13,30,0,0,0,0,0,8,13,13,13,7,10,0,1,17,20,20,20,10,0,0,26.7,43.3,33.3,3.3,56.7,66.7,33.3
YAN,2026-06-14,25,0,0,0,0,0,5,5,6,7,12,6,0,0,14,16,17,19,6,0,0,20,20,24,0,56,64,24
YAN,2026-06-15,39,0,0,0,0,1,11,17,17,18,4,15,2,1,21,21,21,22,15,2,2.6,28.2,43.6,38.5,2.6,53.8,53.8,38.5
YAN,2026-06-16,27,0,0,0,0,0,13,13,13,13,5,9,0,0,18,18,18,18,9,0,0,48.1,48.1,33.3,0,66.7,66.7,33.3
YAN,2026-06-17,31,0,0,0,0,0,13,15,15,15,7,8,1,0,21,21,21,22,8,1,0,41.9,48.4,25.8,0,67.7,67.7,25.8
YAN,2026-06-18,13,0,0,0,0,1,4,4,4,8,4,1,0,1,7,8,8,12,1,0,7.7,30.8,30.8,7.7,7.7,53.8,61.5,7.7
YAN,2026-06-19,13,0,0,0,0,0,2,5,5,5,7,1,0,0,9,11,12,12,1,0,0,15.4,38.5,7.7,0,69.2,84.6,7.7
YAN,2026-06-20,38,0,0,0,0,0,14,15,20,20,10,8,0,0,22,25,29,30,8,0,0,36.8,39.5,21.1,0,57.9,65.8,21.1
YAN,2026-06-21,21,0,0,0,0,4,10,11,11,11,4,6,0,4,14,14,14,15,6,0,19,47.6,52.4,28.6,19,66.7,66.7,28.6
YAN,2026-06-22,44,0,0,0,0,3,13,15,17,17,16,10,1,5,32,32,32,33,10,1,6.8,29.5,34.1,22.7,11.4,72.7,72.7,22.7
YAN,2026-06-23,21,1,4.8,0,0,0,7,7,9,9,6,6,0,0,12,14,14,15,6,0,0,33.3,33.3,28.6,0,57.1,66.7,28.6
YAN,2026-06-24,31,0,0,0,0,0,19,21,22,22,3,6,0,0,24,24,24,25,6,0,0,61.3,67.7,19.4,0,77.4,77.4,19.4
YAN,2026-06-25,19,0,0,0,0,0,7,7,7,8,6,5,0,0,10,11,11,14,5,0,0,36.8,36.8,26.3,0,52.6,57.9,26.3
YAN,2026-06-26,25,0,0,0,0,0,3,4,4,4,9,11,1,0,11,13,13,13,11,1,0,12,16,44,0,44,52,44
YAN,2026-06-27,25,0,0,0,0,0,5,7,7,8,10,6,1,1,11,16,17,18,6,1,0,20,28,24,4,44,64,24
YAN,2026-06-28,24,1,4.2,0,0,0,8,8,8,8,9,5,2,0,14,16,16,17,5,2,0,33.3,33.3,20.8,0,58.3,66.7,20.8
YAN,2026-06-29,26,0,0,0,0,0,12,13,13,14,5,7,0,0,17,19,19,19,7,0,0,46.2,50,26.9,0,65.4,73.1,26.9
YAN,2026-06-30,35,0,0,0,0,1,11,11,11,12,8,11,4,1,16,20,20,20,11,4,2.9,31.4,31.4,31.4,2.9,45.7,57.1,31.4
YAN,2026-07-01,3,0,0,0,0,0,0,0,0,0,1,2,0,0,1,1,1,1,2,0,0,0,0,66.7,0,33.3,33.3,66.7
YAN,2026-07-02,32,0,0,0,0,17,27,28,28,29,3,0,0,17,31,32,32,32,0,0,53.1,84.4,87.5,0,53.1,96.9,100,0
YAN,2026-07-03,8,0,0,0,0,0,6,7,7,7,1,0,0,0,8,8,8,8,0,0,0,75,87.5,0,0,100,100,0
YAN,2026-07-04,10,0,0,0,0,0,8,10,10,10,0,0,0,0,10,10,10,10,0,0,0,80,100,0,0,100,100,0
YAN,2026-07-05,9,0,0,0,0,0,8,8,9,9,0,0,0,0,8,8,9,9,0,0,0,88.9,88.9,0,0,88.9,88.9,0
YAN,2026-07-06,13,0,0,0,0,0,9,10,11,12,0,1,0,0,12,12,12,12,1,0,0,69.2,76.9,7.7,0,92.3,92.3,7.7
YAN,2026-07-07,11,0,0,0,0,1,7,9,10,10,1,0,0,1,8,9,10,11,0,0,9.1,63.6,81.8,0,9.1,72.7,81.8,0
YAN,2026-07-08,20,0,0,0,0,0,14,15,15,15,2,3,0,0,16,17,17,17,3,0,0,70,75,15,0,80,85,15
YAN,2026-07-09,17,0,0,0,0,1,8,15,15,15,1,1,0,1,15,16,16,16,1,0,5.9,47.1,88.2,5.9,5.9,88.2,94.1,5.9
YAN,2026-07-10,21,0,0,0,0,0,17,20,20,20,0,1,0,0,20,20,20,20,1,0,0,81,95.2,4.8,0,95.2,95.2,4.8
YAN,2026-07-11,16,0,0,0,0,1,8,9,11,12,4,0,0,1,10,14,16,16,0,0,6.3,50,56.3,0,6.3,62.5,87.5,0
YAN,2026-07-12,31,0,0,0,0,16,29,30,30,30,1,0,0,17,30,31,31,31,0,0,51.6,93.5,96.8,0,54.8,96.8,100,0
YAN,2026-07-13,23,0,0,0,0,0,16,18,19,19,2,2,0,0,21,21,21,21,2,0,0,69.6,78.3,8.7,0,91.3,91.3,8.7
YAN,2026-07-14,19,0,0,0,0,2,13,15,15,16,3,0,0,2,16,19,19,19,0,0,10.5,68.4,78.9,0,10.5,84.2,100,0
YAN,2026-07-15,27,0,0,0,0,0,18,20,20,20,3,4,0,0,22,22,22,23,4,0,0,66.7,74.1,14.8,0,81.5,81.5,14.8
YAN,2026-07-16,24,0,0,0,0,2,19,21,22,23,1,0,0,3,24,24,24,24,0,0,8.3,79.2,87.5,0,12.5,100,100,0
YAN,2026-07-17,27,0,0,0,0,5,23,24,24,25,1,1,0,6,26,26,26,26,1,0,18.5,85.2,88.9,3.7,22.2,96.3,96.3,3.7
YAN,2026-07-18,17,1,5.9,0,0,0,9,11,11,14,3,0,0,0,14,15,15,17,0,0,0,52.9,64.7,0,0,82.4,88.2,0
YAN,2026-07-19,11,0,0,0,0,1,9,10,10,10,0,0,1,1,9,10,10,10,0,1,9.1,81.8,90.9,0,9.1,81.8,90.9,0
YAN,2026-07-20,20,0,0,0,0,1,8,9,10,10,9,1,0,1,14,19,19,19,1,0,5,40,45,5,5,70,95,5
YAN,2026-07-21,15,1,6.7,0,0,0,6,6,6,6,5,3,1,0,10,11,11,11,3,1,0,40,40,20,0,66.7,73.3,20
YAN,2026-07-22,26,1,3.8,0,0,0,17,20,20,20,3,3,0,1,22,23,23,23,3,0,0,65.4,76.9,11.5,3.8,84.6,88.5,11.5
YAN,2026-07-23,40,0,0,0,0,1,36,37,37,37,3,0,0,1,40,40,40,40,0,0,2.5,90,92.5,0,2.5,100,100,0
YAN,2026-07-24,25,0,0,0,0,0,18,20,21,22,0,2,1,0,22,22,22,22,2,1,0,72,80,8,0,88,88,8
YAN,2026-07-25,21,0,0,0,0,0,12,16,20,20,1,0,0,0,17,21,21,21,0,0,0,57.1,76.2,0,0,81,100,0
YAN,2026-07-26,27,0,0,0,0,2,21,22,23,24,0,2,1,5,24,24,24,24,2,1,7.4,77.8,81.5,7.4,18.5,88.9,88.9,7.4
YAN,2026-07-27,41,0,0,0,0,11,32,36,36,36,2,3,0,13,37,38,38,38,3,0,26.8,78,87.8,7.3,31.7,90.2,92.7,7.3
YAN,2026-07-28,33,1,3,0,0,2,20,20,25,25,6,1,1,2,28,28,31,31,1,1,6.1,60.6,60.6,3,6.1,84.8,84.8,3
YAN,2026-07-29,21,0,0,0,0,0,13,17,18,18,1,2,0,0,16,19,19,19,2,0,0,61.9,81,9.5,0,76.2,90.5,9.5
YAN,2026-07-30,60,0,0,0,0,28,49,51,51,52,3,5,0,29,52,54,54,55,5,0,46.7,81.7,85,8.3,48.3,86.7,90,8.3
YAN,2026-07-31,26,1,3.8,0,0,0,19,20,21,21,3,2,0,1,21,22,24,24,2,0,0,73.1,76.9,7.7,3.8,80.8,84.6,7.7
YAN,2026-08-01,30,0,0,0,0,2,16,20,20,24,3,3,0,2,18,21,24,27,3,0,6.7,53.3,66.7,10,6.7,60,70,10
YAN,2026-08-02,42,0,0,0,0,13,36,38,39,39,0,3,0,13,37,39,39,39,3,0,31,85.7,90.5,7.1,31,88.1,92.9,7.1
YAN,2026-08-03,36,0,0,0,0,1,30,33,34,35,0,1,0,1,33,34,35,35,1,0,2.8,83.3,91.7,2.8,2.8,91.7,94.4,2.8
YAN,2026-08-04,31,1,3.2,0,0,1,9,10,11,12,4,15,0,1,14,15,16,16,15,0,3.2,29,32.3,48.4,3.2,45.2,48.4,48.4
YAN,2026-08-05,45,0,0,0,0,0,43,43,44,44,1,0,0,0,44,45,45,45,0,0,0,95.6,95.6,0,0,97.8,100,0
YAN,2026-08-06,45,0,0,0,0,14,38,38,38,39,2,1,3,14,41,41,41,41,1,3,31.1,84.4,84.4,2.2,31.1,91.1,91.1,2.2
YAN,2026-08-07,25,0,0,0,0,0,18,20,20,20,2,3,0,1,21,21,22,22,3,0,0,72,80,12,4,84,84,12
YAN,2026-08-08,33,0,0,0,0,0,23,26,26,26,4,1,2,1,28,30,30,30,1,2,0,69.7,78.8,3,3,84.8,90.9,3
YAN,2026-08-09,42,0,0,0,0,19,32,32,32,32,8,1,1,20,40,40,40,40,1,1,45.2,76.2,76.2,2.4,47.6,95.2,95.2,2.4
YAN,2026-08-10,43,0,0,0,0,2,2,2,2,2,0,0,41,2,2,2,2,2,0,41,4.7,4.7,4.7,0,4.7,4.7,4.7,0
ZBT,2026-05-11,3,0,0,0,0,0,0,0,0,0,0,0,3,0,0,0,0,0,0,3,0,0,0,0,0,0,0,0
ZBT,2026-05-14,1,0,0,0,0,0,1,1,1,1,0,0,0,1,1,1,1,1,0,0,0,100,100,0,100,100,100,0
ZBT,2026-05-20,3,0,0,0,0,0,3,3,3,3,0,0,0,0,3,3,3,3,0,0,0,100,100,0,0,100,100,0
ZBT,2026-05-22,1,0,0,0,0,0,1,1,1,1,0,0,0,0,1,1,1,1,0,0,0,100,100,0,0,100,100,0
ZBT,2026-05-27,1,0,0,0,0,0,0,0,0,0,1,0,0,0,1,1,1,1,0,0,0,0,0,0,0,100,100,0
ZBT,2026-05-28,1,0,0,0,0,1,1,1,1,1,0,0,0,1,1,1,1,1,0,0,100,100,100,0,100,100,100,0
ZBT,2026-05-30,1,0,0,0,0,0,1,1,1,1,0,0,0,0,1,1,1,1,0,0,0,100,100,0,0,100,100,0
ZBT,2026-06-01,1,0,0,0,0,0,1,1,1,1,0,0,0,0,1,1,1,1,0,0,0,100,100,0,0,100,100,0
ZBT,2026-06-04,1,0,0,0,0,0,0,0,0,1,0,0,0,0,1,1,1,1,0,0,0,0,0,0,0,100,100,0
ZBT,2026-06-08,2,0,0,0,0,0,0,1,1,1,1,0,0,0,1,2,2,2,0,0,0,0,50,0,0,50,100,0
ZBT,2026-06-11,2,0,0,0,0,0,2,2,2,2,0,0,0,0,2,2,2,2,0,0,0,100,100,0,0,100,100,0
ZBT,2026-06-13,1,0,0,0,0,0,1,1,1,1,0,0,0,0,1,1,1,1,0,0,0,100,100,0,0,100,100,0
ZBT,2026-06-15,1,0,0,0,0,1,1,1,1,1,0,0,0,1,1,1,1,1,0,0,100,100,100,0,100,100,100,0
ZBT,2026-06-18,1,0,0,0,0,0,0,1,1,1,0,0,0,0,1,1,1,1,0,0,0,0,100,0,0,100,100,0
ZBT,2026-06-19,3,0,0,0,0,1,1,3,3,3,0,0,0,1,1,3,3,3,0,0,33.3,33.3,100,0,33.3,33.3,100,0
ZBT,2026-06-22,1,0,0,0,0,0,1,1,1,1,0,0,0,0,1,1,1,1,0,0,0,100,100,0,0,100,100,0
ZBT,2026-06-23,1,0,0,0,0,0,0,0,1,1,0,0,0,0,0,1,1,1,0,0,0,0,0,0,0,0,100,0
ZBT,2026-06-29,2,0,0,0,0,0,0,0,0,0,0,0,2,0,0,0,0,0,0,2,0,0,0,0,0,0,0,0
ZBT,2026-06-30,1,0,0,0,0,0,0,1,1,1,0,0,0,0,1,1,1,1,0,0,0,0,100,0,0,100,100,0
ZBT,2026-07-01,2,0,0,0,0,1,2,2,2,2,0,0,0,1,2,2,2,2,0,0,50,100,100,0,50,100,100,0
ZBT,2026-07-02,2,0,0,0,0,0,0,2,2,2,0,0,0,0,2,2,2,2,0,0,0,0,100,0,0,100,100,0
ZBT,2026-07-03,4,1,25,0,0,0,2,2,2,2,0,0,2,0,2,2,2,2,0,2,0,50,50,0,0,50,50,0
ZBT,2026-07-09,5,0,0,0,0,0,4,4,4,5,0,0,0,0,4,4,5,5,0,0,0,80,80,0,0,80,80,0
ZBT,2026-07-11,4,0,0,0,0,0,3,4,4,4,0,0,0,0,3,4,4,4,0,0,0,75,100,0,0,75,100,0
ZBT,2026-07-13,50,1,2,0,0,6,37,41,44,45,1,0,4,8,42,45,45,46,0,4,12,74,82,0,16,84,90,0
ZBT,2026-07-14,22,0,0,0,0,3,14,18,19,20,1,0,1,4,18,20,21,21,0,1,13.6,63.6,81.8,0,18.2,81.8,90.9,0
ZBT,2026-07-15,2,0,0,0,0,0,2,2,2,2,0,0,0,0,2,2,2,2,0,0,0,100,100,0,0,100,100,0
ZBT,2026-07-17,1,0,0,0,0,0,1,1,1,1,0,0,0,0,1,1,1,1,0,0,0,100,100,0,0,100,100,0
ZBT,2026-07-25,2,0,0,0,0,0,0,2,2,2,0,0,0,0,0,2,2,2,0,0,0,0,100,0,0,0,100,0
ZBT,2026-07-30,1,0,0,0,0,0,0,1,1,1,0,0,0,0,1,1,1,1,0,0,0,0,100,0,0,100,100,0
ZBV,2026-07-18,1,0,0,0,0,0,0,0,0,1,0,0,0,0,0,0,0,1,0,0,0,0,0,0,0,0,0,0
ZDB,2026-07-02,3,0,0,0,0,0,0,3,3,3,0,0,0,0,0,3,3,3,0,0,0,0,100,0,0,0,100,0
ZDP,2026-06-24,1,0,0,0,0,0,0,0,0,0,1,0,0,0,1,1,1,1,0,0,0,0,0,0,0,100,100,0
ZEE,2026-05-09,1,0,0,0,0,0,0,0,0,0,1,0,0,0,0,0,0,1,0,0,0,0,0,0,0,0,0,0
ZEE,2026-05-13,1,0,0,0,0,0,0,0,0,0,1,0,0,0,0,1,1,1,0,0,0,0,0,0,0,0,100,0
ZEE,2026-05-18,3,0,0,0,0,0,1,1,1,1,1,0,1,0,2,2,2,2,0,1,0,33.3,33.3,0,0,66.7,66.7,0
ZEE,2026-05-19,2,0,0,0,0,1,2,2,2,2,0,0,0,1,2,2,2,2,0,0,50,100,100,0,50,100,100,0
ZEE,2026-05-20,5,0,0,0,0,0,1,2,4,4,1,0,0,0,4,4,5,5,0,0,0,20,40,0,0,80,80,0
ZEE,2026-05-21,3,0,0,0,0,0,1,1,1,1,2,0,0,0,3,3,3,3,0,0,0,33.3,33.3,0,0,100,100,0
ZEE,2026-05-22,1,0,0,0,0,0,1,1,1,1,0,0,0,0,1,1,1,1,0,0,0,100,100,0,0,100,100,0
ZEE,2026-05-25,1,0,0,0,0,0,0,0,1,1,0,0,0,0,1,1,1,1,0,0,0,0,0,0,0,100,100,0
ZEE,2026-05-26,2,0,0,0,0,0,0,0,0,1,1,0,0,0,1,2,2,2,0,0,0,0,0,0,0,50,100,0
ZEE,2026-05-27,1,0,0,0,0,0,0,0,0,1,0,0,0,0,0,0,0,1,0,0,0,0,0,0,0,0,0,0
ZEE,2026-05-29,2,0,0,0,0,0,1,1,1,2,0,0,0,0,2,2,2,2,0,0,0,50,50,0,0,100,100,0
ZEE,2026-06-01,1,0,0,0,0,0,0,1,1,1,0,0,0,0,1,1,1,1,0,0,0,0,100,0,0,100,100,0
ZEE,2026-06-03,2,0,0,0,0,0,0,1,1,1,1,0,0,0,2,2,2,2,0,0,0,0,50,0,0,100,100,0
ZEE,2026-06-05,1,0,0,0,0,0,0,0,1,1,0,0,0,0,1,1,1,1,0,0,0,0,0,0,0,100,100,0
ZEE,2026-06-10,1,0,0,0,0,0,0,0,0,0,1,0,0,0,0,0,0,1,0,0,0,0,0,0,0,0,0,0
ZEE,2026-06-11,1,0,0,0,0,0,0,0,0,0,1,0,0,0,1,1,1,1,0,0,0,0,0,0,0,100,100,0
ZEE,2026-06-22,3,0,0,0,0,1,2,2,2,2,1,0,0,1,3,3,3,3,0,0,33.3,66.7,66.7,0,33.3,100,100,0
ZEE,2026-06-25,1,0,0,0,0,0,1,1,1,1,0,0,0,0,1,1,1,1,0,0,0,100,100,0,0,100,100,0
ZEE,2026-06-26,1,0,0,0,0,0,1,1,1,1,0,0,0,0,1,1,1,1,0,0,0,100,100,0,0,100,100,0
ZEE,2026-06-27,2,0,0,0,0,1,1,2,2,2,0,0,0,1,2,2,2,2,0,0,50,50,100,0,50,100,100,0
ZEE,2026-06-29,4,0,0,0,0,1,2,2,3,3,1,0,0,1,2,3,4,4,0,0,25,50,50,0,25,50,75,0
ZEE,2026-06-30,1,0,0,0,0,0,1,1,1,1,0,0,0,0,1,1,1,1,0,0,0,100,100,0,0,100,100,0
ZEE,2026-07-01,19,0,0,0,0,0,3,18,18,19,0,0,0,0,19,19,19,19,0,0,0,15.8,94.7,0,0,100,100,0
ZEE,2026-07-02,1,0,0,0,0,0,1,1,1,1,0,0,0,0,1,1,1,1,0,0,0,100,100,0,0,100,100,0
ZEE,2026-07-03,2,0,0,0,0,0,1,2,2,2,0,0,0,0,2,2,2,2,0,0,0,50,100,0,0,100,100,0
ZEE,2026-07-06,2,0,0,0,0,1,1,1,1,1,1,0,0,1,2,2,2,2,0,0,50,50,50,0,50,100,100,0
ZEE,2026-07-07,1,0,0,0,0,0,1,1,1,1,0,0,0,0,1,1,1,1,0,0,0,100,100,0,0,100,100,0
ZEE,2026-07-09,1,0,0,0,0,0,0,0,0,0,1,0,0,0,1,1,1,1,0,0,0,0,0,0,0,100,100,0
ZEE,2026-07-11,2,0,0,0,0,0,0,0,0,0,2,0,0,0,0,2,2,2,0,0,0,0,0,0,0,0,100,0
ZEE,2026-07-13,1,0,0,0,0,0,0,0,0,1,0,0,0,0,0,0,0,1,0,0,0,0,0,0,0,0,0,0
ZEE,2026-07-14,2,0,0,0,0,0,1,1,1,1,1,0,0,0,2,2,2,2,0,0,0,50,50,0,0,100,100,0
ZEE,2026-07-16,1,0,0,0,0,1,1,1,1,1,0,0,0,1,1,1,1,1,0,0,100,100,100,0,100,100,100,0
ZEE,2026-07-17,1,0,0,0,0,1,1,1,1,1,0,0,0,1,1,1,1,1,0,0,100,100,100,0,100,100,100,0
ZEE,2026-07-28,1,0,0,0,0,0,1,1,1,1,0,0,0,0,1,1,1,1,0,0,0,100,100,0,0,100,100,0
ZEE,2026-07-31,1,0,0,0,0,0,1,1,1,1,0,0,0,0,1,1,1,1,0,0,0,100,100,0,0,100,100,0
ZEE,2026-08-01,1,0,0,0,0,0,1,1,1,1,0,0,0,0,1,1,1,1,0,0,0,100,100,0,0,100,100,0
ZEE,2026-08-05,1,0,0,0,0,0,0,0,0,0,1,0,0,0,1,1,1,1,0,0,0,0,0,0,0,100,100,0
ZEE,2026-08-10,1,0,0,0,0,0,0,0,0,0,0,0,1,0,0,0,0,0,0,1,0,0,0,0,0,0,0,0
ZEW,2026-08-06,1,0,0,0,0,0,0,0,0,0,0,0,1,0,0,0,0,0,0,1,0,0,0,0,0,0,0,0
ZNK,2026-05-11,1,0,0,0,0,0,0,0,0,0,0,0,1,0,0,0,0,0,0,1,0,0,0,0,0,0,0,0
ZZN,2026-05-19,1,0,0,0,0,0,0,0,0,0,0,0,1,0,0,0,0,0,0,1,0,0,0,0,0,0,0,0
ZZN,2026-06-29,1,0,0,0,0,0,0,0,0,0,0,0,1,0,0,0,0,0,0,1,0,0,0,0,0,0,0,0
ZZN,2026-07-23,1,0,0,0,0,0,0,0,0,0,1,0,0,0,0,1,1,1,0,0,0,0,0,0,0,0,100,0
ZZN,2026-07-24,1,1,100,0,0,0,0,0,0,0,1,0,0,0,0,0,1,1,0,0,0,0,0,0,0,0,0,0
ZZN,2026-08-05,5,0,0,0,0,0,0,0,0,0,3,0,2,1,2,3,3,3,0,2,0,0,0,0,20,40,60,0
